Filename,Size (bytes),Format (MimeType),Modified Date,Full Path
what-is-meant-by-spiritual--the-importance-of-family-2014.mp4,706730141,video/mp4,2026-07-24T12:31:00.234Z,DocandSusantalks/what-is-meant-by-spiritual--the-importance-of-family-2014.mp4
improving-your-relationships--how-to-see-the-reality-of-life-2013.mp4,659127991,video/mp4,2026-07-24T12:29:00.597Z,DocandSusantalks/improving-your-relationships--how-to-see-the-reality-of-life-2013.mp4
how-to-live-like-a-prayer--what-you-are-changes-the-world-2012.mp4,594620375,video/mp4,2026-07-24T12:23:54.608Z,DocandSusantalks/how-to-live-like-a-prayer--what-you-are-changes-the-world-2012.mp4
permanent-inner-peace--what-is-real-success-2012.mp4,818413941,video/mp4,2026-07-24T12:15:21.083Z,DocandSusantalks/permanent-inner-peace--what-is-real-success-2012.mp4
spiritual-will-qa.mp4,466839815,video/mp4,2026-08-16T14:24:39.303Z,Ontheroad/spiritual-will-qa.mp4
devotion-to-truth.mp4,633908592,video/mp4,2026-08-03T21:37:20.896Z,Ontheroad/devotion-to-truth.mp4
on-the-road-verification-of-spiritual-realities.mp4,1111850016,video/mp4,2026-07-24T12:11:47.042Z,Ontheroad/on-the-road-verification-of-spiritual-realities.mp4
on-the-road-presence-of-spiritual-awareness.mp4,1512992795,video/mp4,2026-07-24T12:04:47.345Z,Ontheroad/on-the-road-presence-of-spiritual-awareness.mp4
on-the-road-love-is-a-way-of-being.mp4,1278663070,video/mp4,2026-07-24T11:59:03.628Z,Ontheroad/on-the-road-love-is-a-way-of-being.mp4
on-the-road-become-that-which-you-are.mp4,945067613,video/mp4,2026-07-24T11:50:33.134Z,Ontheroad/on-the-road-become-that-which-you-are.mp4
spiritual-will-part1.mp4,399064557,video/mp4,2026-07-24T07:34:50.938Z,Ontheroad/spiritual-will-part1.mp4
mind-heart-and-service-part1.mp4,297319080,video/mp4,2026-03-03T07:59:44.000Z,Ontheroad/mind-heart-and-service-part1.mp4
mind-heart-and-service-part2.mp4,301395529,video/mp4,2026-03-03T07:59:24.000Z,Ontheroad/mind-heart-and-service-part2.mp4
spiritual-will-part2.mp4,389532592,video/mp4,2025-08-11T23:07:10.000Z,Ontheroad/spiritual-will-part2.mp4
volume-v-undoing-barriers.mp4,1452778159,video/mp4,2026-07-24T11:11:21.386Z,VolumeSeries/volume-v-undoing-barriers.mp4
volume-vi-vii-raise-level-conversation-with-knowingness.mp4,1102247663,video/mp4,2026-07-24T11:10:28.026Z,VolumeSeries/volume-vi-vii-raise-level-conversation-with-knowingness.mp4
volume-iii-advanced-states.mp4,1153593916,video/mp4,2026-07-24T10:47:54.726Z,VolumeSeries/volume-iii-advanced-states.mp4
volume-iv-how-to-tell-the-truth.mp4,657368057,video/mp4,2026-07-24T10:47:17.526Z,VolumeSeries/volume-iv-how-to-tell-the-truth.mp4
volume-ii-consciousness-and-addiction.mp4,1460289232,video/mp4,2026-07-24T10:38:56.445Z,VolumeSeries/volume-ii-consciousness-and-addiction.mp4
volume-i-power-vs-force.mp4,1286589414,video/mp4,2026-07-24T10:32:00.871Z,VolumeSeries/volume-i-power-vs-force.mp4
archival-cancer--death-and-dying.mp4,1133190862,video/mp4,2026-07-24T11:41:59.336Z,Archivalofficeseries/archival-cancer--death-and-dying.mp4
archival-drug-addiction-alcoholism--map-of-consciousness.mp4,1175346585,video/mp4,2026-07-24T11:40:18.968Z,Archivalofficeseries/archival-drug-addiction-alcoholism--map-of-consciousness.mp4
archival-depression--illness-self-healing--alcoholism.mp4,1507378092,video/mp4,2026-07-24T11:30:08.910Z,Archivalofficeseries/archival-depression--illness-self-healing--alcoholism.mp4
archival-worry-fear-anxiety--pain-and-suffering--losing-weight.mp4,1336461333,video/mp4,2026-07-24T11:27:39.114Z,Archivalofficeseries/archival-worry-fear-anxiety--pain-and-suffering--losing-weight.mp4
archival-sexuality--aging-process--handling-major-crises.mp4,1409805062,video/mp4,2026-07-24T11:25:56.633Z,Archivalofficeseries/archival-sexuality--aging-process--handling-major-crises.mp4
archival-stress--health--spiritual-first-aid.mp4,1576125082,video/mp4,2026-07-24T11:13:55.058Z,Archivalofficeseries/archival-stress--health--spiritual-first-aid.mp4
TheEvolutionofConsciousness.pdf,3627635,application/pdf,2026-08-03T22:04:26.113Z,PDFsandEPUBs/TheEvolutionofConsciousness.pdf
ThePathtoSpiritualAdvancement.pdf,3130516,application/pdf,2026-08-03T22:04:23.389Z,PDFsandEPUBs/ThePathtoSpiritualAdvancement.pdf
BeyondIllusion.epub,1521165,application/epub+zip,2026-08-03T21:58:51.212Z,PDFsandEPUBs/BeyondIllusion.epub
TheWisdomofDrDavidRHawkins.epub,2649662,application/epub+zip,2026-08-03T21:58:48.304Z,PDFsandEPUBs/TheWisdomofDrDavidRHawkins.epub
TheEgoIsNottheRealYou.epub,3124788,application/epub+zip,2026-08-03T21:58:45.528Z,PDFsandEPUBs/TheEgoIsNottheRealYou.epub
DailyReflections.pdf,6278625,application/pdf,2026-08-03T21:58:42.764Z,PDFsandEPUBs/DailyReflections.pdf
DissolvingtheEgo.pdf,745719,application/pdf,2026-08-03T21:58:40.392Z,PDFsandEPUBs/DissolvingtheEgo.pdf
SuccessIsforYouUsingHeart-CenteredPowerPrinciplesforLastingAbundanceandFulfillment.epub,1417631,application/epub+zip,2026-07-25T05:08:15.217Z,PDFsandEPUBs/SuccessIsforYouUsingHeart-CenteredPowerPrinciplesforLastingAbundanceandFulfillment.epub
"Powervs.Force-Hawkins,DavidR.epub",1051261,application/epub+zip,2026-07-25T05:07:56.562Z,"PDFsandEPUBs/Powervs.Force-Hawkins,DavidR.epub"
TheEyeoftheI_FromWhichNothingisHiddenbyDavidHawkins.epub,762974,application/epub+zip,2026-07-25T05:07:01.294Z,PDFsandEPUBs/TheEyeoftheI_FromWhichNothingisHiddenbyDavidHawkins.epub
Truthvs.Falsehood_HowtotelltheDifferencebyDavidR.Hawkins.epub,1988493,application/epub+zip,2026-07-25T05:06:39.182Z,PDFsandEPUBs/Truthvs.Falsehood_HowtotelltheDifferencebyDavidR.Hawkins.epub
TranscendingtheLevelsofConsciousness_TheStairwaytoEnlightenmentbyDavidR.Hawkins.epub,575701,application/epub+zip,2026-07-25T05:06:16.089Z,PDFsandEPUBs/TranscendingtheLevelsofConsciousness_TheStairwaytoEnlightenmentbyDavidR.Hawkins.epub
"Reality,SpiritualityandModernMan-Hawkins,DavidR.epub",2132122,application/epub+zip,2026-07-25T05:05:35.213Z,"PDFsandEPUBs/Reality,SpiritualityandModernMan-Hawkins,DavidR.epub"
LettingGo_ThePathwayofSurrenderbyDavidR.Hawkins.epub,456565,application/epub+zip,2026-07-25T05:05:15.614Z,PDFsandEPUBs/LettingGo_ThePathwayofSurrenderbyDavidR.Hawkins.epub
"Truthvs.Falsehood-Hawkins,DavidR.epub",1988493,application/epub+zip,2026-07-25T05:04:44.192Z,"PDFsandEPUBs/Truthvs.Falsehood-Hawkins,DavidR.epub"
I_RealityandSubjectivitybyDavidR.Hawkins.epub,405229,application/epub+zip,2026-07-25T05:04:25.531Z,PDFsandEPUBs/I_RealityandSubjectivitybyDavidR.Hawkins.epub
AlongthePathtoEnlightenment.epub,277011,application/x-zip,2026-03-31T03:44:06.538Z,PDFsandEPUBs/AlongthePathtoEnlightenment.epub
BookofSlides.pdf,9982718,application/pdf,2025-07-10T14:07:27.435Z,PDFsandEPUBs/BookofSlides.pdf
HomoSpiritusDevotionalNondualitySeries(SpiritualCommunity-June2003).mp3,134104318,audio/mpeg,2025-08-09T06:22:53.000Z,more/HomoSpiritusDevotionalNondualitySeries(SpiritualCommunity-June2003).mp3
Don'tSetSailwithoutaCompass.mp3,31356325,audio/mpeg,2025-08-09T06:19:43.000Z,more/Don'tSetSailwithoutaCompass.mp3
TheHighestLevelofEnlightenmentTaptheDatabaseofConsciousnessforTotalSelf-Realization.mp3,171285361,audio/mpeg,2025-08-09T06:18:39.000Z,more/TheHighestLevelofEnlightenmentTaptheDatabaseofConsciousnessforTotalSelf-Realization.mp3
AdvancingSpiritualAwarenessPracticalSpirituality.mp3,136793969,audio/mpeg,2025-08-09T06:14:19.000Z,more/AdvancingSpiritualAwarenessPracticalSpirituality.mp3
"2012LifePrayer,WhatYouAreChangestheWorld,WhatisRealSuccessPermanentInnerPeace.mp3",99181989,audio/mpeg,2025-08-09T06:11:05.000Z,"more/2012LifePrayer,WhatYouAreChangestheWorld,WhatisRealSuccessPermanentInnerPeace.mp3"
AdvancingSpiritualAwarenessTheClearPathwaytoEnlightenment.mp3,131874733,audio/mpeg,2025-08-09T06:09:51.000Z,more/AdvancingSpiritualAwarenessTheClearPathwaytoEnlightenment.mp3
TranscendingtheLevelsofConsciousnessSeriesSpiritualPracticeandDailyLife.mp3,113738408,audio/mpeg,2025-08-09T06:08:14.000Z,more/TranscendingtheLevelsofConsciousnessSeriesSpiritualPracticeandDailyLife.mp3
"IntheWorld,butNotofItLivingSpirituallyintheModernWorld.mp3",190565510,audio/mpeg,2025-08-09T06:06:54.000Z,"more/IntheWorld,butNotofItLivingSpirituallyintheModernWorld.mp3"
PracticalSpiritualityHandlingSpiritualChallenges.mp3,132988555,audio/mpeg,2025-08-09T06:04:34.000Z,more/PracticalSpiritualityHandlingSpiritualChallenges.mp3
SatsangSeriesVolumeIX.mp3,140843870,audio/mpeg,2025-08-09T06:02:54.000Z,more/SatsangSeriesVolumeIX.mp3
"DevotionalNondualityIntensiveGod,Religion,andSpirituality.mp3",146001088,audio/mpeg,2025-08-09T06:01:05.000Z,"more/DevotionalNondualityIntensiveGod,Religion,andSpirituality.mp3"
HealingAchievingTotalWellnessThroughHigherLevelsofConsciousness.mp3,204308996,audio/mpeg,2025-08-09T05:59:13.000Z,more/HealingAchievingTotalWellnessThroughHigherLevelsofConsciousness.mp3
GivingUpIllnessThroughACourseinMiracles.mp3,187153742,audio/mpeg,2025-08-09T05:56:40.000Z,more/GivingUpIllnessThroughACourseinMiracles.mp3
HomoSpiritusDevotionalNondualitySeries(IntegrationofSpiritualityandPersonalLife-February2003).mp3,127616108,audio/mpeg,2025-08-09T05:54:22.000Z,more/HomoSpiritusDevotionalNondualitySeries(IntegrationofSpiritualityandPersonalLife-February2003).mp3
TheUltimateDavidHawkinsLibrary.mp3,296469173,audio/mpeg,2025-08-09T05:52:57.000Z,more/TheUltimateDavidHawkinsLibrary.mp3
DevotionalNondualityIntensiveAlignment.mp3,137514238,audio/mpeg,2025-08-09T05:48:49.000Z,more/DevotionalNondualityIntensiveAlignment.mp3
satsang-qa-jan-mar-jul-2011.mp4,2027131347,video/mp4,2026-07-24T12:43:43.680Z,Satsangs/satsang-qa-jan-mar-jul-2011.mp4
dec-2003.mp4,2033533994,video/mp4,2026-07-24T03:40:03.529Z,Lectures2002-2011/2003/dec-2003.mp4
nov-2003.mp4,2116053518,video/mp4,2026-07-24T03:36:07.360Z,Lectures2002-2011/2003/nov-2003.mp4
aug-2003.mp4,2028683071,video/mp4,2026-07-24T03:16:50.701Z,Lectures2002-2011/2003/aug-2003.mp4
jun-2003.mp4,1865648966,video/mp4,2026-07-24T03:14:42.632Z,Lectures2002-2011/2003/jun-2003.mp4
apr-2003.mp4,1613098803,video/mp4,2026-07-24T03:10:54.972Z,Lectures2002-2011/2003/apr-2003.mp4
feb-2003.mp4,1390688434,video/mp4,2026-07-24T02:53:41.857Z,Lectures2002-2011/2003/feb-2003.mp4
LettingGoThePathwayofSurrender.mp3,357069577,audio/mpeg,2026-07-24T19:52:28.345Z,Audiobooks/LettingGoThePathwayofSurrender.mp3
TranscendingtheLevelsofConsciousnessTheStairwaytoEnlightenment.mp3,679643479,audio/mpeg,2026-07-24T19:52:28.345Z,Audiobooks/TranscendingtheLevelsofConsciousnessTheStairwaytoEnlightenment.mp3
TheMapofConsciousnessExplained.mp3,224900120,audio/mpeg,2026-07-24T19:52:28.345Z,Audiobooks/TheMapofConsciousnessExplained.mp3
TheEyeoftheIFromWhichNothingIsHidden.mp3,823598402,audio/mpeg,2026-07-24T19:52:28.345Z,Audiobooks/TheEyeoftheIFromWhichNothingIsHidden.mp3
SuccessIsforYouUsingHeart-CenteredPowerPrinciplesforLastingAbundanceandFulfillment.mp3,177692696,audio/mpeg,2026-07-24T19:52:28.345Z,Audiobooks/SuccessIsforYouUsingHeart-CenteredPowerPrinciplesforLastingAbundanceandFulfillment.mp3
Powervs.ForceTheHiddenDeterminantsofHumanBehavior.mp3,235437707,audio/mpeg,2026-07-24T19:52:28.345Z,Audiobooks/Powervs.ForceTheHiddenDeterminantsofHumanBehavior.mp3
Truthsvs.FalsehoodTheArtofSpiritualDiscernment.mp3,181762156,audio/mpeg,2026-07-24T19:52:28.345Z,Audiobooks/Truthsvs.FalsehoodTheArtofSpiritualDiscernment.mp3
HealingandRecovery.mp3,958743832,audio/mpeg,2026-07-24T19:52:26.279Z,Audiobooks/HealingandRecovery.mp3
dec-2002.mp4,1164089060,video/mp4,2026-07-24T02:51:04.880Z,Lectures2002-2011/2002/dec-2002.mp4
nov-2002.mp4,1431154746,video/mp4,2026-07-24T02:40:15.743Z,Lectures2002-2011/2002/nov-2002.mp4
oct-2002.mp4,1629115140,video/mp4,2026-07-24T02:36:53.654Z,Lectures2002-2011/2002/oct-2002.mp4
sep-2002.mp4,1757212205,video/mp4,2026-07-24T02:33:18.653Z,Lectures2002-2011/2002/sep-2002.mp4
jul-2002.mp4,1826239408,video/mp4,2026-07-24T02:24:10.488Z,Lectures2002-2011/2002/jul-2002.mp4
aug-2002.mp4,1293673349,video/mp4,2026-07-24T02:21:20.351Z,Lectures2002-2011/2002/aug-2002.mp4
may-2002.mp4,1617467785,video/mp4,2026-07-24T00:58:00.401Z,Lectures2002-2011/2002/may-2002.mp4
june-2002.mp4,1703371999,video/mp4,2026-07-24T00:22:29.256Z,Lectures2002-2011/2002/june-2002.mp4
apr-2002.mp4,1928743267,video/mp4,2026-07-23T22:11:50.955Z,Lectures2002-2011/2002/apr-2002.mp4
march-2002.mp4,1764038656,video/mp4,2026-07-23T21:30:03.324Z,Lectures2002-2011/2002/march-2002.mp4
feb-2002.mp4,1732004954,video/mp4,2026-07-23T20:48:55.000Z,Lectures2002-2011/2002/feb-2002.mp4
jan-2002.mp4,1640444395,video/mp4,2026-07-23T19:56:52.000Z,Lectures2002-2011/2002/jan-2002.mp4
dec-2005.mp4,2290116449,video/mp4,2026-07-24T06:21:50.106Z,Lectures2002-2011/2005/dec-2005.mp4
nov-2005.mp4,2421507700,video/mp4,2026-07-24T06:03:34.271Z,Lectures2002-2011/2005/nov-2005.mp4
oct-2005.mp4,2220258769,video/mp4,2026-07-24T05:57:48.378Z,Lectures2002-2011/2005/oct-2005.mp4
sep-2005.mp4,2203323103,video/mp4,2026-07-24T05:48:32.872Z,Lectures2002-2011/2005/sep-2005.mp4
aug-2005.mp4,2193523468,video/mp4,2026-07-24T05:34:18.122Z,Lectures2002-2011/2005/aug-2005.mp4
jul-2005.mp4,2232753919,video/mp4,2026-07-24T05:28:53.617Z,Lectures2002-2011/2005/jul-2005.mp4
jun-2005.mp4,2233917911,video/mp4,2026-07-24T05:16:45.738Z,Lectures2002-2011/2005/jun-2005.mp4
may-2005.mp4,2143138447,video/mp4,2026-07-24T05:09:29.021Z,Lectures2002-2011/2005/may-2005.mp4
apr-2005.mp4,2017032390,video/mp4,2026-07-24T05:03:52.279Z,Lectures2002-2011/2005/apr-2005.mp4
feb-2005.mp4,2154147391,video/mp4,2026-07-24T04:47:38.560Z,Lectures2002-2011/2005/feb-2005.mp4
sep-2011.mp4,1186995314,video/mp4,2026-07-24T10:28:07.015Z,Lectures2002-2011/2010-2011/sep-2011.mp4
may-2011.mp4,1350824758,video/mp4,2026-07-24T10:13:30.272Z,Lectures2002-2011/2010-2011/may-2011.mp4
oct-2010.mp4,1625333427,video/mp4,2026-07-24T10:11:45.336Z,Lectures2002-2011/2010-2011/oct-2010.mp4
apr-2010.mp4,1828003077,video/mp4,2026-07-24T09:58:38.558Z,Lectures2002-2011/2010-2011/apr-2010.mp4
dec-2004.mp4,2616320361,video/mp4,2026-07-24T04:39:02.954Z,Lectures2002-2011/2004/dec-2004.mp4
oct-2004.mp4,2413138266,video/mp4,2026-07-24T04:35:40.290Z,Lectures2002-2011/2004/oct-2004.mp4
jun-2004.mp4,2386023952,video/mp4,2026-07-24T04:12:14.090Z,Lectures2002-2011/2004/jun-2004.mp4
aug-2004.mp4,2271468324,video/mp4,2026-07-24T04:12:05.982Z,Lectures2002-2011/2004/aug-2004.mp4
apr-2004.mp4,2245808572,video/mp4,2026-07-24T03:58:36.104Z,Lectures2002-2011/2004/apr-2004.mp4
feb-2004.mp4,2258809277,video/mp4,2026-07-24T03:46:27.410Z,Lectures2002-2011/2004/feb-2004.mp4
dec-2007.mp4,2130217877,video/mp4,2026-07-24T08:26:21.663Z,Lectures2002-2011/2007/dec-2007.mp4
nov-2007.mp4,1561095458,video/mp4,2026-07-24T08:19:47.826Z,Lectures2002-2011/2007/nov-2007.mp4
oct-2007.mp4,2178225170,video/mp4,2026-07-24T08:13:43.101Z,Lectures2002-2011/2007/oct-2007.mp4
sep-2007.mp4,2186398974,video/mp4,2026-07-24T08:04:02.339Z,Lectures2002-2011/2007/sep-2007.mp4
aug-2007.mp4,2044496399,video/mp4,2026-07-24T07:58:49.842Z,Lectures2002-2011/2007/aug-2007.mp4
jul-2007.mp4,2196681365,video/mp4,2026-07-24T07:53:15.837Z,Lectures2002-2011/2007/jul-2007.mp4
jun-2007.mp4,2041492441,video/mp4,2026-07-24T07:42:33.604Z,Lectures2002-2011/2007/jun-2007.mp4
apr-2007.mp4,2105292110,video/mp4,2026-07-24T07:31:34.290Z,Lectures2002-2011/2007/apr-2007.mp4
feb-2007.mp4,2223357384,video/mp4,2026-07-24T07:27:17.141Z,Lectures2002-2011/2007/feb-2007.mp4
dec-2006.mp4,2089883925,video/mp4,2026-07-24T07:14:46.543Z,Lectures2002-2011/2006/dec-2006.mp4
nov-2006.mp4,2187083027,video/mp4,2026-07-24T07:09:59.870Z,Lectures2002-2011/2006/nov-2006.mp4
oct-2006.mp4,1980703617,video/mp4,2026-07-24T07:03:52.781Z,Lectures2002-2011/2006/oct-2006.mp4
sep-2006.mp4,2444379488,video/mp4,2026-07-24T06:51:51.179Z,Lectures2002-2011/2006/sep-2006.mp4
aug-2006.mp4,2149830696,video/mp4,2026-07-24T06:46:38.410Z,Lectures2002-2011/2006/aug-2006.mp4
jun-2006.mp4,2100361276,video/mp4,2026-07-24T06:41:55.645Z,Lectures2002-2011/2006/jun-2006.mp4
apr-2006.mp4,2127086280,video/mp4,2026-07-24T06:27:27.055Z,Lectures2002-2011/2006/apr-2006.mp4
feb-2006.mp4,2163978440,video/mp4,2026-07-24T06:24:59.470Z,Lectures2002-2011/2006/feb-2006.mp4
"SatsangSeries,VolumeVII[B00BOV9W26].m4b",127586045,audio/x-m4b,2026-07-25T20:34:48.000Z,"Satsangs/SatsangSeries-VolumeVII/SatsangSeries,VolumeVII[B00BOV9W26].m4b"
dec-2008.mp4,2906920959,video/mp4,2026-07-24T09:26:01.881Z,Lectures2002-2011/2008/dec-2008.mp4
nov-2008.mp4,1662502017,video/mp4,2026-07-24T09:14:57.307Z,Lectures2002-2011/2008/nov-2008.mp4
oct-2008.mp4,1878532609,video/mp4,2026-07-24T09:01:41.561Z,Lectures2002-2011/2008/oct-2008.mp4
aug-2008.mp4,1390061342,video/mp4,2026-07-24T08:53:42.012Z,Lectures2002-2011/2008/aug-2008.mp4
jun-2008.mp4,1656836821,video/mp4,2026-07-24T08:51:01.295Z,Lectures2002-2011/2008/jun-2008.mp4
mar-2008.mp4,1856551593,video/mp4,2026-07-24T08:40:10.094Z,Lectures2002-2011/2008/mar-2008.mp4
jan-2008.mp4,1555407970,video/mp4,2026-07-24T08:34:58.181Z,Lectures2002-2011/2008/jan-2008.mp4
"SatsangSeries,VolumeVIII[B00BOV8K4C].m4b",117770952,audio/x-m4b,2026-07-25T20:35:02.000Z,"Satsangs/SatsangSeries-VolumeVIII/SatsangSeries,VolumeVIII[B00BOV8K4C].m4b"
aug-2009.mp4,1643520266,video/mp4,2026-07-24T09:55:21.709Z,Lectures2002-2011/2009/aug-2009.mp4
oct-2009.mp4,1815136589,video/mp4,2026-07-24T09:51:53.033Z,Lectures2002-2011/2009/oct-2009.mp4
apr-2009.mp4,1796783945,video/mp4,2026-07-24T09:36:53.610Z,Lectures2002-2011/2009/apr-2009.mp4
feb-2009.mp4,1766771817,video/mp4,2026-07-24T09:26:06.629Z,Lectures2002-2011/2009/feb-2009.mp4
"SatsangSeries,VolumeV[B00BOV9RUS].m4b",124203654,audio/x-m4b,2026-07-25T20:34:23.000Z,"Satsangs/SatsangSeries-VolumeV/SatsangSeries,VolumeV[B00BOV9RUS].m4b"
"SatsangSeries,VolumeVI[B00BOVA7Z2].m4b",115059121,audio/x-m4b,2026-07-25T20:34:35.000Z,"Satsangs/SatsangSeries-VolumeVI/SatsangSeries,VolumeVI[B00BOVA7Z2].m4b"
"CopyofSatsangSeries,VolumeIII[B00BOV7JE4].mp3",159583119,audio/x-m4b,2026-07-26T05:06:54.280Z,"Satsangs/SatsangSeries-VolumeIII/CopyofSatsangSeries,VolumeIII[B00BOV7JE4].mp3"
"SatsangSeries,VolumeIII[B00BOV7JE4].m4b",159583119,audio/x-m4b,2026-07-25T20:33:58.000Z,"Satsangs/SatsangSeries-VolumeIII/SatsangSeries,VolumeIII[B00BOV7JE4].m4b"
"SatsangSeries,VolumeIV[B00BOV8VXW].m4b",125115121,audio/x-m4b,2026-07-25T20:34:11.000Z,"Satsangs/SatsangSeries-VolumeIV/SatsangSeries,VolumeIV[B00BOV8VXW].m4b"
"SatsangSeries,VolumeII[B00BOV9X8E].m4b",167085941,audio/x-m4b,2026-07-25T20:33:40.000Z,"Satsangs/SatsangSeries-VolumeII/SatsangSeries,VolumeII[B00BOV9X8E].m4b"
SatsangSeriesVolumeIX[B00JU2A62Q].m4b,157783309,audio/x-m4b,2026-07-25T20:35:17.000Z,Satsangs/SatsangSeriesVolumeIX/SatsangSeriesVolumeIX[B00JU2A62Q].m4b
YouAretheLightofConsciousness[B09VYC9VZF].m4b,184940440,audio/x-m4b,2026-07-25T20:41:44.000Z,Audiobooks/YouAretheLightofConsciousness[B09VYC9VZF]/YouAretheLightofConsciousness[B09VYC9VZF].m4b
"SatsangSeries,VolumeI[B00BOV7ODK].m4b",165242100,audio/x-m4b,2026-07-25T20:33:24.000Z,"Satsangs/SatsangSeries-VolumeI/SatsangSeries,VolumeI[B00BOV7ODK].m4b"
Truthsvs.Falsehood:TheArtofSpiritualDiscernment[B00NWS4SQO].pdf,30871,application/pdf,2026-07-25T20:35:58.000Z,Audiobooks/Truthsvs.Falsehood[B00NWS4SQO]/Truthsvs.Falsehood:TheArtofSpiritualDiscernment[B00NWS4SQO].pdf
Truthsvs.Falsehood:TheArtofSpiritualDiscernment[B00NWS4SQO].m4b,180716548,audio/x-m4b,2026-07-25T20:35:56.000Z,Audiobooks/Truthsvs.Falsehood[B00NWS4SQO]/Truthsvs.Falsehood:TheArtofSpiritualDiscernment[B00NWS4SQO].m4b
ValidTeachersandTeachings[B00KXCFG2M].m4b,156441977,audio/x-m4b,2026-07-28T03:47:58.744Z,Audiobooks/ValidTeachersandTeachings[B00KXCFG2M]/ValidTeachersandTeachings[B00KXCFG2M].m4b
TruthShinesForth[B09VYD8PXN].m4b,186718626,audio/x-m4b,2026-07-25T20:58:10.000Z,Audiobooks/TruthShinesForth[B09VYD8PXN]/TruthShinesForth[B09VYD8PXN].m4b
TranscendingtheMindSeries:TheEgo&TheSelf[B008Y29AHK].m4b,165454212,audio/x-m4b,2026-07-28T03:47:54.915Z,Audiobooks/TranscendingtheMindSeries[B008Y29AHK]/TranscendingtheMindSeries:TheEgo&TheSelf[B008Y29AHK].m4b
TranscendingtheMindSeries:Emotions&Sensations[B008Y2962E].m4b,151246266,audio/x-m4b,2026-07-28T03:47:54.100Z,Audiobooks/TranscendingtheMindSeries[B008Y2962E]/TranscendingtheMindSeries:Emotions&Sensations[B008Y2962E].m4b
TranscendingtheMindSeries:Witnessing&Observing[B008Y23VT8].m4b,161994868,audio/x-m4b,2026-07-28T03:47:53.315Z,Audiobooks/TranscendingtheMindSeries[B008Y23VT8]/TranscendingtheMindSeries:Witnessing&Observing[B008Y23VT8].m4b
TranscendingtheMindSeries:Identification&Illusion[B008Y23T9U].m4b,158141035,audio/x-m4b,2026-07-28T03:47:09.728Z,Audiobooks/TranscendingtheMindSeries[B008Y23T9U]/TranscendingtheMindSeries:Identification&Illusion[B008Y23T9U].m4b
TranscendingtheMindSeries:Thought&Ideation[B00852GE1O].m4b,145714561,audio/x-m4b,2026-07-28T03:47:08.460Z,Audiobooks/TranscendingtheMindSeries[B00852GE1O]/TranscendingtheMindSeries:Thought&Ideation[B00852GE1O].m4b
TranscendingtheMindSeries(Perception&Positionality)[B00852G9T6].m4b,155321197,audio/x-m4b,2026-07-28T03:47:05.983Z,Audiobooks/TranscendingtheMindSeries(Perception&Positionality)[B00852G9T6]/TranscendingtheMindSeries(Perception&Positionality)[B00852G9T6].m4b
TranscendingtheLevelsofConsciousness:LiveYourLifeLikeaPrayer[B00APLT15O].m4b,140856413,audio/x-m4b,2026-02-28T03:12:19.000Z,Audiobooks/TranscendingtheLevelsofConsciousness[B00APLT15O]/TranscendingtheLevelsofConsciousness:LiveYourLifeLikeaPrayer[B00APLT15O].m4b
TranscendingtheLevelsofConsciousnessSeries:ExperientialReality[B00APO6ZBO].m4b,141487504,audio/x-m4b,2026-07-28T03:47:00.055Z,Audiobooks/TranscendingtheLevelsofConsciousnessSeries[B00APO6ZBO]/TranscendingtheLevelsofConsciousnessSeries:ExperientialReality[B00APO6ZBO].m4b
TranscendingtheLevelsofConsciousnessSeries:Reasonvs.Truth[B00APO73IS].m4b,140560012,audio/x-m4b,2026-07-28T03:47:03.028Z,Audiobooks/TranscendingtheLevelsofConsciousnessSeries[B00APO73IS]/TranscendingtheLevelsofConsciousnessSeries:Reasonvs.Truth[B00APO73IS].m4b
TranscendingtheEgo[B09VYBV6PQ].m4b,172911298,audio/x-m4b,2026-07-25T20:56:47.000Z,Audiobooks/TranscendingtheEgo[B09VYBV6PQ]/TranscendingtheEgo[B09VYBV6PQ].m4b
TranscendingtheLevelsofConsciousnessSeries:SpiritualTruthvs.SpiritualFantasy[B00AOBXBJM].m4b,136427078,audio/x-m4b,2026-07-28T03:46:55.265Z,Audiobooks/TranscendingtheLevelsofConsciousnessSeries[B00AOBXBJM]/TranscendingtheLevelsofConsciousnessSeries:SpiritualTruthvs.SpiritualFantasy[B00AOBXBJM].m4b
TranscendingtheLevelsofConsciousnessSeries:Perceptionvs.Essence[B00APLSQJG].m4b,140830811,audio/x-m4b,2026-07-28T03:46:58.366Z,Audiobooks/TranscendingtheLevelsofConsciousnessSeries[B00APLSQJG]/TranscendingtheLevelsofConsciousnessSeries:Perceptionvs.Essence[B00APLSQJG].m4b
TranscendingtheLevelsofConsciousnessSeries:IstheMiraculousReal?[B00AOBXFUM].m4b,136591438,audio/x-m4b,2026-07-28T03:46:57.247Z,Audiobooks/TranscendingtheLevelsofConsciousnessSeries[B00AOBXFUM]/TranscendingtheLevelsofConsciousnessSeries:IstheMiraculousReal?[B00AOBXFUM].m4b
TheWaytoGod:Devotion-TheWaytoGodThroughtheHeart[B006ZBQE1M].m4b,133178524,audio/x-m4b,2026-07-28T03:46:44.898Z,Audiobooks/TheWaytoGod[B006ZBQE1M]/TheWaytoGod:Devotion-TheWaytoGodThroughtheHeart[B006ZBQE1M].m4b
TheWaytoGod:RealizatonoftheSelf-TheFinalMoments[B006YVPBIK].m4b,110233612,audio/x-m4b,2026-07-28T03:46:42.881Z,Audiobooks/TheWaytoGod[B006YVPBIK]/TheWaytoGod:RealizatonoftheSelf-TheFinalMoments[B006YVPBIK].m4b
TheWaytoGod:TheNatureofDivinityvs.ReligiousFallacy[B006ZBQNBS].m4b,132711031,audio/x-m4b,2026-07-28T03:46:45.628Z,Audiobooks/TheWaytoGod[B006ZBQNBS]/TheWaytoGod:TheNatureofDivinityvs.ReligiousFallacy[B006ZBQNBS].m4b
TheWaytoGod:God:TranscendentandImmanent[B006YVP5AY].m4b,132266626,audio/x-m4b,2026-07-28T03:46:40.764Z,Audiobooks/TheWaytoGod[B006YVP5AY]/TheWaytoGod:God:TranscendentandImmanent[B006YVP5AY].m4b
TheWaytoGod:PerceptionandIllusion-DistortionsofReality[B006WRDV9C].m4b,127010300,audio/x-m4b,2026-07-28T03:46:38.907Z,Audiobooks/TheWaytoGod[B006WRDV9C]/TheWaytoGod:PerceptionandIllusion-DistortionsofReality[B006WRDV9C].m4b
TheWaytoGod:TheLevelsofConsciousness:Subjective&SocialConsequences[B006WRDWZA].m4b,153229152,audio/x-m4b,2026-07-28T03:46:39.674Z,Audiobooks/TheWaytoGod[B006WRDWZA]/TheWaytoGod:TheLevelsofConsciousness:Subjective&SocialConsequences[B006WRDWZA].m4b
TheWaytoGod:PositionalityandDuality-TranscendingtheOpposites[B006WRDTLM].m4b,141418513,audio/x-m4b,2026-07-28T03:46:38.109Z,Audiobooks/TheWaytoGod[B006WRDTLM]/TheWaytoGod:PositionalityandDuality-TranscendingtheOpposites[B006WRDTLM].m4b
TheWaytoGod:RadicalSubjectivity:The'I'ofSelf-February2002[B006W1639I].m4b,153195471,audio/x-m4b,2026-07-28T03:46:37.386Z,Audiobooks/TheWaytoGod[B006W1639I]/TheWaytoGod:RadicalSubjectivity:The'I'ofSelf-February2002[B006W1639I].m4b
TheUltimateTruth[B09YFVXQTP].m4b,39729049,audio/x-m4b,2026-07-25T20:56:28.000Z,Audiobooks/TheUltimateTruth[B09YFVXQTP]/TheUltimateTruth[B09YFVXQTP].m4b
TheUltimateDavidHawkinsLibrary[B01ENWKFOQ].pdf,576771,application/pdf,2026-02-28T03:13:41.000Z,Audiobooks/TheUltimateDavidHawkinsLibrary[B01ENWKFOQ]/TheUltimateDavidHawkinsLibrary[B01ENWKFOQ].pdf
TheUltimateDavidHawkinsLibrary[B01ENWKFOQ].m4b,294790390,audio/x-m4b,2026-02-28T03:13:38.000Z,Audiobooks/TheUltimateDavidHawkinsLibrary[B01ENWKFOQ]/TheUltimateDavidHawkinsLibrary[B01ENWKFOQ].m4b
TheWaytoGod:RealizingtheRootofConsciousness:Meditative&ComtemplativeTechniques[B006W15XZI].m4b,130715175,audio/x-m4b,2026-07-28T03:46:36.602Z,Audiobooks/TheWaytoGod[B006W15XZI]/TheWaytoGod:RealizingtheRootofConsciousness:Meditative&ComtemplativeTechniques[B006W15XZI].m4b
ThePrevailingSilence[B09VYF8F1V].m4b,202888991,audio/x-m4b,2026-07-25T20:42:40.000Z,Audiobooks/ThePrevailingSilence[B09VYF8F1V]/ThePrevailingSilence[B09VYF8F1V].m4b
ThePresenceofSpiritualAwareness[B0B94T8MH1].m4b,272641863,audio/x-m4b,2026-07-25T20:43:10.000Z,Audiobooks/ThePresenceofSpiritualAwareness[B0B94T8MH1]/ThePresenceofSpiritualAwareness[B0B94T8MH1].m4b
TheHighestLevelofEnlightenment:TaptheDatabaseofConsciousnessforTotalSelf-Realization[B00O3I950G].pdf,576766,application/pdf,2026-07-25T20:45:13.000Z,Audiobooks/TheHighestLevelofEnlightenment[B00O3I950G]/TheHighestLevelofEnlightenment:TaptheDatabaseofConsciousnessforTotalSelf-Realization[B00O3I950G].pdf
TheHighestLevelofEnlightenment:TaptheDatabaseofConsciousnessforTotalSelf-Realization[B00O3I950G].m4b,170399250,audio/x-m4b,2026-07-25T20:45:10.000Z,Audiobooks/TheHighestLevelofEnlightenment[B00O3I950G]/TheHighestLevelofEnlightenment:TaptheDatabaseofConsciousnessforTotalSelf-Realization[B00O3I950G].m4b
TheEyeoftheI:FromWhichNothingisHidden[1401962459].pdf,481214,application/pdf,2026-07-25T21:00:03.000Z,Audiobooks/TheEyeoftheI[1401962459]/TheEyeoftheI:FromWhichNothingisHidden[1401962459].pdf
TheEyeoftheI:FromWhichNothingisHidden[1401962459].m4b,817570376,audio/x-m4b,2026-07-25T20:59:59.000Z,Audiobooks/TheEyeoftheI[1401962459]/TheEyeoftheI:FromWhichNothingisHidden[1401962459].m4b
TheMapofConsciousnessExplained:PracticalLecturesonEnergyFieldsandSpiritualEvolution[1401958567].pdf,85224,application/pdf,2026-07-25T20:55:57.000Z,Audiobooks/TheMapofConsciousnessExplained[1401958567]/TheMapofConsciousnessExplained:PracticalLecturesonEnergyFieldsandSpiritualEvolution[1401958567].pdf
TheMapofConsciousnessExplained:PracticalLecturesonEnergyFieldsandSpiritualEvolution[1401958567].m4b,223617144,audio/x-m4b,2026-07-25T20:55:54.000Z,Audiobooks/TheMapofConsciousnessExplained[1401958567]/TheMapofConsciousnessExplained:PracticalLecturesonEnergyFieldsandSpiritualEvolution[1401958567].m4b
TheDiscovery:RevealingthePresenceofGodinYourLife[B00NO7TMRI].pdf,576772,application/pdf,2026-07-25T20:40:21.000Z,Audiobooks/TheDiscovery[B00NO7TMRI]/TheDiscovery:RevealingthePresenceofGodinYourLife[B00NO7TMRI].pdf
TheDiscovery:RevealingthePresenceofGodinYourLife[B00NO7TMRI].m4b,199855542,audio/x-m4b,2026-07-25T20:40:17.000Z,Audiobooks/TheDiscovery[B00NO7TMRI]/TheDiscovery:RevealingthePresenceofGodinYourLife[B00NO7TMRI].m4b
TheEssenceofLettingGo:ALivingTransmissionofTruth[B0FNDM2JNX].m4b,446720245,audio/x-m4b,2026-07-25T20:41:24.000Z,Audiobooks/TheEssenceofLettingGo[B0FNDM2JNX]/TheEssenceofLettingGo:ALivingTransmissionofTruth[B0FNDM2JNX].m4b
TheEver-PresentJoy[B09VYFCMZH].m4b,213785400,audio/x-m4b,2026-07-25T20:55:37.000Z,Audiobooks/TheEver-PresentJoy[B09VYFCMZH]/TheEver-PresentJoy[B09VYFCMZH].m4b
SpiritualityReality[B09VYFT4XK].m4b,216699270,audio/x-m4b,2026-07-25T20:56:21.000Z,Audiobooks/SpiritualityReality[B09VYFT4XK]/SpiritualityReality[B09VYFT4XK].m4b
SpiritualRealityandModernMan:WhatIsTruth?TheAbsolute[B00AYII4HO].m4b,148332123,audio/x-m4b,2026-07-28T03:42:39.772Z,Audiobooks/SpiritualRealityandModernMan[B00AYII4HO]/SpiritualRealityandModernMan:WhatIsTruth?TheAbsolute[B00AYII4HO].m4b
PracticalSpirituality:SpiritualLifeinToday'sWorld[B00BJ77ORK].m4b,134940053,audio/x-m4b,2026-07-25T20:43:47.000Z,Audiobooks/PracticalSpirituality[B00BJ77ORK]/PracticalSpirituality:SpiritualLifeinToday'sWorld[B00BJ77ORK].m4b
SpiritualRealityandModernMan:WhatIs'Real'?[B00AYG9D9E].m4b,144821090,audio/x-m4b,2026-07-28T03:42:38.338Z,Audiobooks/SpiritualRealityandModernMan[B00AYG9D9E]/SpiritualRealityandModernMan:WhatIs'Real'?[B00AYG9D9E].m4b
"Reality,SpiritualityandModernMan[140196267X].pdf",2478105,application/pdf,2026-07-25T20:37:44.000Z,"Audiobooks/Reality,SpiritualityandModernMan[140196267X]/Reality,SpiritualityandModernMan[140196267X].pdf"
"Reality,SpiritualityandModernMan[140196267X].m4b",833940882,audio/x-m4b,2026-07-25T20:37:40.000Z,"Audiobooks/Reality,SpiritualityandModernMan[140196267X]/Reality,SpiritualityandModernMan[140196267X].m4b"
"QuestionandAnswerSeries:Jan,March,&July2011[B00K6P58EM].m4b",156306626,audio/x-m4b,2026-07-25T20:54:27.000Z,"Audiobooks/QuestionandAnswerSeries[B00K6P58EM]/QuestionandAnswerSeries:Jan,March,&July2011[B00K6P58EM].m4b"
PracticalSpirituality:HandlingSpiritualChallenges[B00BJ77EC0].m4b,132074811,audio/x-m4b,2026-07-25T20:47:57.000Z,Audiobooks/PracticalSpirituality[B00BJ77EC0]/PracticalSpirituality:HandlingSpiritualChallenges[B00BJ77EC0].m4b
Powervs.Force:TheHiddenDeterminantsofHumanBehavior[B002V5GOH0].pdf,180221,application/pdf,2026-02-28T03:24:46.000Z,Audiobooks/Powervs.Force[B002V5GOH0]/Powervs.Force:TheHiddenDeterminantsofHumanBehavior[B002V5GOH0].pdf
Powervs.Force:TheHiddenDeterminantsofHumanBehavior[B002V5GOH0].m4b,233839626,audio/x-m4b,2026-02-28T03:24:43.000Z,Audiobooks/Powervs.Force[B002V5GOH0]/Powervs.Force:TheHiddenDeterminantsofHumanBehavior[B002V5GOH0].m4b
"OfficeVisit,SetI:Stress,HealthandSpiritualFirstAid[B00K6P556S].m4b",99426592,audio/x-m4b,2026-07-25T20:57:21.000Z,"Audiobooks/OfficeVisit,SetI[B00K6P556S]/OfficeVisit,SetI:Stress,HealthandSpiritualFirstAid[B00K6P556S].m4b"
"OfficeVisitSetIII:Worry,Fear&Anxiety,Pain&Suffering,andLosingWeight[B00K5ZR9M2].m4b",101007057,audio/x-m4b,2026-07-25T20:56:58.000Z,"Audiobooks/OfficeVisitSetIII[B00K5ZR9M2]/OfficeVisitSetIII:Worry,Fear&Anxiety,Pain&Suffering,andLosingWeight[B00K5ZR9M2].m4b"
"OfficeVisitSetIV:Depression,Illness&SelfHealing,andAlcoholism[B00K8CYWSQ].m4b",93333183,audio/x-m4b,2026-07-25T20:54:44.000Z,"Audiobooks/OfficeVisitSetIV[B00K8CYWSQ]/OfficeVisitSetIV:Depression,Illness&SelfHealing,andAlcoholism[B00K8CYWSQ].m4b"
"OfficeVisitSetII:Sexuality,TheAgingProcessandHandlingMajorCrises[B00K6P53O2].m4b",95203761,audio/x-m4b,2026-07-25T20:57:09.000Z,"Audiobooks/OfficeVisitSetII[B00K6P53O2]/OfficeVisitSetII:Sexuality,TheAgingProcessandHandlingMajorCrises[B00K6P53O2].m4b"
MostValuableQualitiesforaSpiritualSeeker[B00BJQ67DI].m4b,115212010,audio/x-m4b,2026-07-25T20:32:27.000Z,Audiobooks/MostValuableQualitiesforaSpiritualSeeker[B00BJQ67DI]/MostValuableQualitiesforaSpiritualSeeker[B00BJQ67DI].m4b
OM[B09YFZQ121].m4b,57335741,audio/x-m4b,2026-07-25T20:35:26.000Z,Audiobooks/OM[B09YFZQ121]/OM[B09YFZQ121].m4b
Love[B00BJP8BN8].m4b,105352182,audio/x-m4b,2026-07-25T20:47:42.000Z,Audiobooks/Love[B00BJP8BN8]/Love[B00BJP8BN8].m4b
LiveLifeAsAPrayer[140196270X].pdf,92686,application/pdf,2026-07-25T20:33:03.000Z,Audiobooks/LiveLifeAsAPrayer[140196270X]/LiveLifeAsAPrayer[140196270X].pdf
LiveLifeAsAPrayer[140196270X].m4b,107946361,audio/x-m4b,2026-07-25T20:33:00.000Z,Audiobooks/LiveLifeAsAPrayer[140196270X]/LiveLifeAsAPrayer[140196270X].m4b
LiveontheCrestoftheMoment[B09YFMQZJ2].m4b,18651307,audio/x-m4b,2026-07-25T20:46:43.000Z,Audiobooks/LiveontheCrestoftheMoment[B09YFMQZJ2]/LiveontheCrestoftheMoment[B09YFMQZJ2].m4b
"IntheWorld,butNotofIt:LivingSpirituallyintheModernWorld[B00NMUQ8DS].pdf",14112114,application/pdf,2026-07-25T20:44:44.000Z,"Audiobooks/IntheWorld,butNotofIt[B00NMUQ8DS]/IntheWorld,butNotofIt:LivingSpirituallyintheModernWorld[B00NMUQ8DS].pdf"
"IntheWorld,butNotofIt:LivingSpirituallyintheModernWorld[B00NMUQ8DS].m4b",175135075,audio/x-m4b,2026-07-25T20:44:39.000Z,"Audiobooks/IntheWorld,butNotofIt[B00NMUQ8DS]/IntheWorld,butNotofIt:LivingSpirituallyintheModernWorld[B00NMUQ8DS].m4b"
IntheWorldbutNotofIt:Success[B00BJQ65U8].m4b,139228333,audio/x-m4b,2026-07-25T20:47:14.000Z,Audiobooks/IntheWorldbutNotofIt[B00BJQ65U8]/IntheWorldbutNotofIt:Success[B00BJQ65U8].m4b
I:RealityandSubjectivity[1401962661].pdf,234443,application/pdf,2026-07-25T20:39:13.000Z,Audiobooks/I[1401962661]/I:RealityandSubjectivity[1401962661].pdf
I:RealityandSubjectivity[1401962661].m4b,1213729846,audio/x-m4b,2026-07-25T20:39:09.000Z,Audiobooks/I[1401962661]/I:RealityandSubjectivity[1401962661].m4b
IntheWorldbutNotofIt:Happiness[B00BJ6HVUG].m4b,135384469,audio/x-m4b,2026-07-25T20:47:30.000Z,Audiobooks/IntheWorldbutNotofIt[B00BJ6HVUG]/IntheWorldbutNotofIt:Happiness[B00BJ6HVUG].m4b
IntheWorldbutNotofIt:Peace[B00BUSUJ8E].m4b,134963415,audio/x-m4b,2026-07-25T20:32:46.000Z,Audiobooks/IntheWorldbutNotofIt[B00BUSUJ8E]/IntheWorldbutNotofIt:Peace[B00BUSUJ8E].m4b
IntheWorldbutNotofIt:WhatIstheWorld?[B00BJ6HQYW].m4b,141500589,audio/x-m4b,2026-07-25T20:44:03.000Z,Audiobooks/IntheWorldbutNotofIt[B00BJ6HQYW]/IntheWorldbutNotofIt:WhatIstheWorld?[B00BJ6HQYW].m4b
HowtoSurrendertoGod:ThePathtoEnlightenmentThroughLettingGo[1401960502].pdf,159817,application/pdf,2026-07-25T20:40:44.000Z,Audiobooks/HowtoSurrendertoGod[1401960502]/HowtoSurrendertoGod:ThePathtoEnlightenmentThroughLettingGo[1401960502].pdf
HowtoSurrendertoGod:ThePathtoEnlightenmentThroughLettingGo[1401960502].m4b,178394870,audio/x-m4b,2026-07-25T20:40:41.000Z,Audiobooks/HowtoSurrendertoGod[1401960502]/HowtoSurrendertoGod:ThePathtoEnlightenmentThroughLettingGo[1401960502].m4b
HowtoRaiseYourLevelofConsciousness[B00KVNJ2FA].m4b,57582672,audio/x-m4b,2026-07-25T20:57:54.000Z,Audiobooks/HowtoRaiseYourLevelofConsciousness[B00KVNJ2FA]/HowtoRaiseYourLevelofConsciousness[B00KVNJ2FA].m4b
HomoSpiritus:DevotionalNondualitySeries(Enlightenment-August2003)[B00852UXBQ].m4b,148236312,audio/x-m4b,2026-02-28T03:15:02.000Z,Audiobooks/HomoSpiritus[B00852UXBQ]/HomoSpiritus:DevotionalNondualitySeries(Enlightenment-August2003)[B00852UXBQ].m4b
HealingandRecovery[1401962440].pdf,6075535,application/pdf,2026-07-25T20:59:12.000Z,Audiobooks/HealingandRecovery[1401962440]/HealingandRecovery[1401962440].pdf
HealingandRecovery[1401962440].m4b,951674690,audio/x-m4b,2026-07-25T20:59:07.000Z,Audiobooks/HealingandRecovery[1401962440]/HealingandRecovery[1401962440].m4b
Healing:AchievingTotalWellnessThroughHigherLevelsofConsciousness[B00NPBHS2Y].pdf,576769,application/pdf,2026-07-25T20:45:36.000Z,Audiobooks/Healing[B00NPBHS2Y]/Healing:AchievingTotalWellnessThroughHigherLevelsofConsciousness[B00NPBHS2Y].pdf
Healing:AchievingTotalWellnessThroughHigherLevelsofConsciousness[B00NPBHS2Y].m4b,203236406,audio/x-m4b,2026-07-25T20:45:33.000Z,Audiobooks/Healing[B00NPBHS2Y]/Healing:AchievingTotalWellnessThroughHigherLevelsofConsciousness[B00NPBHS2Y].m4b
GivingUpIllnessThrough'ACourseinMiracles'[B00KXCFHAS].m4b,107680105,audio/x-m4b,2026-07-25T20:35:40.000Z,Audiobooks/GivingUpIllnessThrough'ACourseinMiracles'[B00KXCFHAS]/GivingUpIllnessThrough'ACourseinMiracles'[B00KXCFHAS].m4b
GodIstheInfiniteField[B09VYFVGN7].m4b,216261058,audio/x-m4b,2026-07-25T20:42:04.000Z,Audiobooks/GodIstheInfiniteField[B09VYFVGN7]/GodIstheInfiniteField[B09VYFVGN7].m4b
"DiscussionSeries2013:HowtoSeetheRealityofLife,ImproveYourRelationsips,WhatIsMeantbySpiritual,TheImportanceofFamily[B00JU6I1M4].m4b",104665651,audio/x-m4b,2026-07-25T20:57:34.000Z,"Audiobooks/DiscussionSeries2013[B00JU6I1M4]/DiscussionSeries2013:HowtoSeetheRealityofLife,ImproveYourRelationsips,WhatIsMeantbySpiritual,TheImportanceofFamily[B00JU6I1M4].m4b"
Don'tSetSailwithoutaCompass![B00LCE5MRE].m4b,31471896,audio/x-m4b,2026-07-25T20:29:23.000Z,Audiobooks/Don'tSetSailwithoutaCompass![B00LCE5MRE]/Don'tSetSailwithoutaCompass![B00LCE5MRE].m4b
DevotionalNondualityIntensive:SpiritualTraps[B009PIQ7QY].m4b,146520710,audio/x-m4b,2026-07-28T03:39:55.217Z,Audiobooks/DevotionalNondualityIntensive[B009PIQ7QY]/DevotionalNondualityIntensive:SpiritualTraps[B009PIQ7QY].m4b
DevotionalNondualityIntensive:TranscendingObstacles[B009PIQ58E].m4b,144768363,audio/x-m4b,2026-07-25T20:42:20.000Z,Audiobooks/DevotionalNondualityIntensive[B009PIQ58E]/DevotionalNondualityIntensive:TranscendingObstacles[B009PIQ58E].m4b
"DiscussionSeries2012:LiveYourLifeLikeaPrayer,WhatYouAreChangestheWorld,WhatisRealSuccess?PermanentInnerPeace[B00JS2MZIQ].m4b",98520642,audio/x-m4b,2026-07-25T20:57:45.000Z,"Audiobooks/DiscussionSeries2012[B00JS2MZIQ]/DiscussionSeries2012:LiveYourLifeLikeaPrayer,WhatYouAreChangestheWorld,WhatisRealSuccess?PermanentInnerPeace[B00JS2MZIQ].m4b"
DiscoveryofthePresenceofGod[1401962653].pdf,452016,application/pdf,2026-07-25T20:54:31.000Z,Audiobooks/DiscoveryofthePresenceofGod[1401962653]/DiscoveryofthePresenceofGod[1401962653].pdf
DiscoveryofthePresenceofGod[1401962653].m4b,558860593,audio/x-m4b,2026-07-25T20:39:55.000Z,Audiobooks/DiscoveryofthePresenceofGod[1401962653]/DiscoveryofthePresenceofGod[1401962653].m4b
DevotionalNondualityIntensive:Vision[B009LLJ6ZO].m4b,143978154,audio/x-m4b,2026-07-28T03:39:54.024Z,Audiobooks/DevotionalNondualityIntensive[B009LLJ6ZO]/DevotionalNondualityIntensive:Vision[B009LLJ6ZO].m4b
DevotionalNondualityIntensive:Serenity[B009LLIZ9C].m4b,142368450,audio/x-m4b,2026-07-28T03:39:52.897Z,Audiobooks/DevotionalNondualityIntensive[B009LLIZ9C]/DevotionalNondualityIntensive:Serenity[B009LLIZ9C].m4b
DevotionalNondualityIntensive:Alignment[B009LLI07Y].m4b,137001306,audio/x-m4b,2026-07-28T03:39:51.355Z,Audiobooks/DevotionalNondualityIntensive[B009LLI07Y]/DevotionalNondualityIntensive:Alignment[B009LLI07Y].m4b
"DevotionalNondualityIntensive:God,Religion,andSpirituality[B009LLIOEI].m4b",145492699,audio/x-m4b,2026-07-28T03:39:52.149Z,"Audiobooks/DevotionalNondualityIntensive[B009LLIOEI]/DevotionalNondualityIntensive:God,Religion,andSpirituality[B009LLIOEI].m4b"
DevotionalNondualityIntensive:Conviction[B009LKQ43W].m4b,143840630,audio/x-m4b,2026-07-28T03:39:48.916Z,Audiobooks/DevotionalNondualityIntensive[B009LKQ43W]/DevotionalNondualityIntensive:Conviction[B009LKQ43W].m4b
DevotionalNondualityIntensive:TranscendingBarriers[B009LKQMKW].m4b,145558313,audio/x-m4b,2026-07-28T03:39:49.924Z,Audiobooks/DevotionalNondualityIntensive[B009LKQMKW]/DevotionalNondualityIntensive:TranscendingBarriers[B009LKQMKW].m4b
DevotionalNondualityIntensive:Intention[B009LKPYRY].m4b,143640711,audio/x-m4b,2026-07-28T03:39:47.342Z,Audiobooks/DevotionalNondualityIntensive[B009LKPYRY]/DevotionalNondualityIntensive:Intention[B009LKPYRY].m4b
AdvancingSpiritualAwareness:TheClearPathwaytoEnlightenment[B00B1D2418].m4b,141577153,audio/x-m4b,2026-07-28T15:14:12.336Z,Audiobooks/AdvancingSpiritualAwareness[B00B1D2418]/AdvancingSpiritualAwareness:TheClearPathwaytoEnlightenment[B00B1D2418].m4b
AllIsDivinity[B09W72KQWM].m4b,220596250,audio/x-m4b,2026-07-25T20:55:18.000Z,Audiobooks/AllIsDivinity[B09W72KQWM]/AllIsDivinity[B09W72KQWM].m4b
AdvancingSpiritualAwareness:Spirituality:ReasonandFaith[B00B1D214I].m4b,141151943,audio/x-m4b,2026-07-28T15:14:09.949Z,Audiobooks/AdvancingSpiritualAwareness[B00B1D214I]/AdvancingSpiritualAwareness:Spirituality:ReasonandFaith[B00B1D214I].m4b
AdvancingSpiritualAwareness:Freedom:MoralityandEthics[B00B1D1ZVI].m4b,144255780,audio/x-m4b,2026-07-28T15:14:08.256Z,Audiobooks/AdvancingSpiritualAwareness[B00B1D1ZVI]/AdvancingSpiritualAwareness:Freedom:MoralityandEthics[B00B1D1ZVI].m4b
AdvancingSpiritualAwareness:Belief:TrustandCredibility[B00B1D1M8E].m4b,138603121,audio/x-m4b,2026-07-28T15:14:06.907Z,Audiobooks/AdvancingSpiritualAwareness[B00B1D1M8E]/AdvancingSpiritualAwareness:Belief:TrustandCredibility[B00B1D1M8E].m4b
AdvancingSpiritualAwareness:PracticalSpirituality[B00AZCGQ7E].m4b,136397222,audio/x-m4b,2026-07-28T15:14:04.837Z,Audiobooks/AdvancingSpiritualAwareness[B00AZCGQ7E]/AdvancingSpiritualAwareness:PracticalSpirituality[B00AZCGQ7E].m4b
ThePowerofNow:AGuidetoSpiritualEnlightenment[B00FGF9FXM].m4b,436497540,audio/x-m4b,2026-02-28T03:22:55.000Z,Audiobooks/ThePowerofNow[B00FGF9FXM]/ThePowerofNow:AGuidetoSpiritualEnlightenment[B00FGF9FXM].m4b
TheZenTeachingofHuangPo:OntheTransmissionofMind[B09FBQLB2G].m4b,229279577,audio/x-m4b,2026-07-28T03:46:52.089Z,Audiobooks/TheZenTeachingofHuangPo[B09FBQLB2G]/TheZenTeachingofHuangPo:OntheTransmissionofMind[B09FBQLB2G].m4b
"AdvancingSpiritualAwareness:OvercomingDoubt,Skepticism,andDisbelief[B00AZMXU96].m4b",137477849,audio/x-m4b,2026-07-28T15:14:06.579Z,"Audiobooks/AdvancingSpiritualAwareness[B00AZMXU96]/AdvancingSpiritualAwareness:OvercomingDoubt,Skepticism,andDisbelief[B00AZMXU96].m4b"
TheHolographicUniverse:TheRevolutionaryTheoryofReality[1662083998].m4b,744136259,audio/x-m4b,2026-07-28T03:45:14.431Z,Audiobooks/TheHolographicUniverse[1662083998]/TheHolographicUniverse:TheRevolutionaryTheoryofReality[1662083998].m4b
TheCloudofUnknowing[B0DNRK5BY1].pdf,2767687,application/pdf,2026-07-28T03:44:42.837Z,Audiobooks/TheCloudofUnknowing[B0DNRK5BY1]/TheCloudofUnknowing[B0DNRK5BY1].pdf
TheCloudofUnknowing[B0DNRK5BY1].m4b,220444965,audio/x-m4b,2026-07-28T03:44:42.808Z,Audiobooks/TheCloudofUnknowing[B0DNRK5BY1]/TheCloudofUnknowing[B0DNRK5BY1].m4b
"TheBiologyofBelief:UnleashingthePowerofConsciousness,Matter,andMiracles[1683649079].pdf",18195854,application/pdf,2026-07-28T03:44:20.491Z,"Audiobooks/TheBiologyofBelief[1683649079]/TheBiologyofBelief:UnleashingthePowerofConsciousness,Matter,andMiracles[1683649079].pdf"
"TheBiologyofBelief:UnleashingthePowerofConsciousness,Matter,andMiracles[1683649079].m4b",595680960,audio/x-m4b,2026-07-28T03:44:20.394Z,"Audiobooks/TheBiologyofBelief[1683649079]/TheBiologyofBelief:UnleashingthePowerofConsciousness,Matter,andMiracles[1683649079].m4b"
TalkswithSriRamanaMaharshi[B0FTDGCWTP].m4b,766729994,audio/x-m4b,2026-07-25T21:19:55.000Z,Audiobooks/TalkswithSriRamanaMaharshi[B0FTDGCWTP]/TalkswithSriRamanaMaharshi[B0FTDGCWTP].m4b
IAmNottheBody:DiscoveringtheTruthBeyondBondage[B092LKVN1K].m4b,296307214,audio/x-m4b,2026-07-28T03:40:50.334Z,Audiobooks/IAmNottheBody[B092LKVN1K]/IAmNottheBody:DiscoveringtheTruthBeyondBondage[B092LKVN1K].m4b
Love:ThePsychologyofAttraction:APracticalGuidetoSuccessfulDatingandaHappyRelationship[0744036224].m4b,534339017,audio/x-m4b,2026-07-28T03:41:01.613Z,Audiobooks/Love[0744036224]/Love:ThePsychologyofAttraction:APracticalGuidetoSuccessfulDatingandaHappyRelationship[0744036224].m4b
Glamour:AWorldProblem[B0CQRK3N1F].pdf,218303,application/pdf,2026-07-25T21:18:09.000Z,Audiobooks/Glamour[B0CQRK3N1F]/Glamour:AWorldProblem[B0CQRK3N1F].pdf
Glamour:AWorldProblem[B0CQRK3N1F].m4b,515751729,audio/x-m4b,2026-07-25T21:18:06.000Z,Audiobooks/Glamour[B0CQRK3N1F]/Glamour:AWorldProblem[B0CQRK3N1F].m4b
ANewEarth:AwakeningYourLife'sPurpose[B00FGGVZUM].m4b,263819909,audio/x-m4b,2026-07-28T15:14:03.688Z,Audiobooks/ANewEarth[B00FGGVZUM]/ANewEarth:AwakeningYourLife'sPurpose[B00FGGVZUM].m4b
