,archive clbs,,,,,,,,,,,
uuid,tempid,title,WE HAVE?,original source,,format,product link,,,,,other links
,,,,,,,,,,,,
,,https://veritaspub.com/lecture-series-2002-2011/,,,,,,,,,,
,,Series 2002: The Way to God,,,,,,,,,,
,,,,,,,,,,,,
,LS200201_1,Causality: The Ego's Foundation (Jan 2002) DVD01,✅,veritas,,,https://veritaspub.com/product/2002-01-causality-the-egos-foundation-jan-2002/,,,,,
,LS200201_2,Causality: The Ego's Foundation (Jan 2002) DVD02,✅,veritas,,,https://veritaspub.com/product/2002-01-causality-the-egos-foundation-jan-2002/,,,,,
,LS200201_3,Causality: The Ego's Foundation (Jan 2002) DVD03,✅,veritas,,,https://veritaspub.com/product/2002-01-causality-the-egos-foundation-jan-2002/,,,,,
,LS200202_1,Radical Subjectivity: The 'I' of Self (Feb 2002) DVD01,✅,veritas,,,https://veritaspub.com/product/radical-subjectivity-the-i-of-self-feb-2002/,,,,,
,LS200202_2,Radical Subjectivity: The 'I' of Self (Feb 2002) DVD02,✅,veritas,,,https://veritaspub.com/product/radical-subjectivity-the-i-of-self-feb-2002/,,,,,
,LS200202_3,Radical Subjectivity: The 'I' of Self (Feb 2002) DVD03,✅,veritas,,,https://veritaspub.com/product/radical-subjectivity-the-i-of-self-feb-2002/,,,,,
,LS200203_1,The Levels of Consciousness: Subjective & Social Consequences (Mar 2002) DVD01,✅,veritas,,,https://veritaspub.com/product/2002-03-the-levels-of-consciousness-subjective-social-consequences-mar-2002/,,,,,
,LS200203_2,The Levels of Consciousness: Subjective & Social Consequences (Mar 2002) DVD02,✅,veritas,,,https://veritaspub.com/product/2002-03-the-levels-of-consciousness-subjective-social-consequences-mar-2002/,,,,,
,LS200203_3,The Levels of Consciousness: Subjective & Social Consequences (Mar 2002) DVD03,✅,veritas,,,https://veritaspub.com/product/2002-03-the-levels-of-consciousness-subjective-social-consequences-mar-2002/,,,,,
,LS200204_1,Positionality and Duality: Transcending the Opposites (Apr 2002) DVD01,✅,veritas,,,https://veritaspub.com/product/2002-04-positionality-and-duality-transcending-the-opposites-apr-2002/,,,,,
,LS200204_2,Positionality and Duality: Transcending the Opposites (Apr 2002) DVD02,✅,veritas,,,https://veritaspub.com/product/2002-04-positionality-and-duality-transcending-the-opposites-apr-2002/,,,,,
,LS200204_3,Positionality and Duality: Transcending the Opposites (Apr 2002) DVD03,✅,veritas,,,https://veritaspub.com/product/2002-04-positionality-and-duality-transcending-the-opposites-apr-2002/,,,,,
,LS200205_1,Perception and Illusion: Distortions of Reality (May 2002) DVD01,✅,veritas,,,https://veritaspub.com/product/2002-05-perception-and-illusion-distortions-of-reality-may-2002/,,,,,
,LS200205_2,Perception and Illusion: Distortions of Reality (May 2002) DVD02,✅,veritas,,,https://veritaspub.com/product/2002-05-perception-and-illusion-distortions-of-reality-may-2002/,,,,,
,LS200205_3,Perception and Illusion: Distortions of Reality (May 2002) DVD03,✅,veritas,,,https://veritaspub.com/product/2002-05-perception-and-illusion-distortions-of-reality-may-2002/,,,,,
,LS200206_1,Realizing the Root of Consciousness: Meditative and Contemplative Techniques (Jun 2002) DVD01,✅,veritas,,,https://veritaspub.com/product/2002-06-realizing-the-root-of-consciousness-meditative-and-contemplative-techniques-jun-2002/,,,,,
,LS200206_2,Realizing the Root of Consciousness: Meditative and Contemplative Techniques (Jun 2002) DVD02,✅,veritas,,,https://veritaspub.com/product/2002-06-realizing-the-root-of-consciousness-meditative-and-contemplative-techniques-jun-2002/,,,,,
,LS200206_3,Realizing the Root of Consciousness: Meditative and Contemplative Techniques (Jun 2002) DVD03,✅,veritas,,,https://veritaspub.com/product/2002-06-realizing-the-root-of-consciousness-meditative-and-contemplative-techniques-jun-2002/,,,,,
,LS200207_1,The Nature of Divinity vs Religious Fallacy (Jul 2002) DVD01,✅,veritas,,,https://veritaspub.com/product/2002-07-the-nature-of-divinity-vs-religious-fallacy-jul-2002/,,,,,
,LS200207_2,The Nature of Divinity vs Religious Fallacy (Jul 2002) DVD02,✅,veritas,,,https://veritaspub.com/product/2002-07-the-nature-of-divinity-vs-religious-fallacy-jul-2002/,,,,,
,LS200207_3,The Nature of Divinity vs Religious Fallacy (Jul 2002) DVD03,✅,veritas,,,https://veritaspub.com/product/2002-07-the-nature-of-divinity-vs-religious-fallacy-jul-2002/,,,,,
,LS200208_1,Advaita: The Way to God Through Mind (Aug 2002) DVD01,✅,veritas,,,https://veritaspub.com/product/2002-08-advaita-the-way-to-god-through-mind/,,,,,
,LS200208_2,Advaita: The Way to God Through Mind (Aug 2002) DVD02,✅,veritas,,,https://veritaspub.com/product/2002-08-advaita-the-way-to-god-through-mind/,,,,,
,LS200208_3,Advaita: The Way to God Through Mind (Aug 2002) DVD03,✅,veritas,,,https://veritaspub.com/product/2002-08-advaita-the-way-to-god-through-mind/,,,,,
,LS200209_1,Devotion: The Way to God Through the Heart (Sep 2002) DVD01,✅,veritas,,,https://veritaspub.com/product/2002-09-devotion-the-way-to-god-through-the-heart-sept-2002/,,,,,
,LS200209_2,Devotion: The Way to God Through the Heart (Sep 2002) DVD02,✅,veritas,,,https://veritaspub.com/product/2002-09-devotion-the-way-to-god-through-the-heart-sept-2002/,,,,,
,LS200209_3,Devotion: The Way to God Through the Heart (Sep 2002) DVD03,✅,veritas,,,https://veritaspub.com/product/2002-09-devotion-the-way-to-god-through-the-heart-sept-2002/,,,,,
,LS200210_1,Karma and the Afterlife (Oct 2002) DVD01,✅,veritas,,,https://veritaspub.com/product/2002-10-karma-and-the-afterlife-oct-2002-streaming/,,,,,
,LS200210_2,Karma and the Afterlife (Oct 2002) DVD02,✅,veritas,,,https://veritaspub.com/product/2002-10-karma-and-the-afterlife-oct-2002-streaming/,,,,,
,LS200210_3,Karma and the Afterlife (Oct 2002) DVD03,✅,veritas,,,https://veritaspub.com/product/2002-10-karma-and-the-afterlife-oct-2002-streaming/,,,,,
,LS200211_1,God: Transcendent and Immanent (Nov 2002) DVD01,✅,veritas,,,https://veritaspub.com/product/2002-11-god-transcendent-and-immanent-nov-2002/,,,,,
,LS200211_2,God: Transcendent and Immanent (Nov 2002) DVD02,✅,veritas,,,https://veritaspub.com/product/2002-11-god-transcendent-and-immanent-nov-2002/,,,,,
,LS200211_3,God: Transcendent and Immanent (Nov 2002) DVD03,✅,veritas,,,https://veritaspub.com/product/2002-11-god-transcendent-and-immanent-nov-2002/,,,,,
,LS200212_1,Realization of the Self: The Final Moments (Dec 2002) DVD01,✅,veritas,,,https://veritaspub.com/product/2002-12-realization-of-the-self-the-final-moments-dec-2002/,,,,,
,LS200212_2,Realization of the Self: The Final Moments (Dec 2002) DVD02,✅,veritas,,,https://veritaspub.com/product/2002-12-realization-of-the-self-the-final-moments-dec-2002/,,,,,
,LS200212_3,Realization of the Self: The Final Moments (Dec 2002) DVD03,✅,veritas,,,https://veritaspub.com/product/2002-12-realization-of-the-self-the-final-moments-dec-2002/,,,,,
,,,,,,,,,,,,
,,Series 2003: Devotional Nonduality,,,,,,,,,,
,,,,,,,,,,,,
,LS200301_1,Integration of Spirituality and Personal Life (Feb 2003) DVD01,✅,veritas,,,https://veritaspub.com/product/2003-02-integration-of-spirituality-and-personal-life-feb-2003/,,,,,
,LS200301_2,Integration of Spirituality and Personal Life (Feb 2003) DVD02,✅,veritas,,,https://veritaspub.com/product/2003-02-integration-of-spirituality-and-personal-life-feb-2003/,,,,,
,LS200301_3,Integration of Spirituality and Personal Life (Feb 2003) DVD03,✅,veritas,,,https://veritaspub.com/product/2003-02-integration-of-spirituality-and-personal-life-feb-2003/,,,,,
,LS200302_1,Spirituality and the World (Apr 2003) DVD01,✅,veritas,,,https://veritaspub.com/product/2003-04-spirituality-and-the-world-april-2003/,,,,,
,LS200302_2,Spirituality and the World (Apr 2003) DVD02,✅,veritas,,,https://veritaspub.com/product/2003-04-spirituality-and-the-world-april-2003/,,,,,
,LS200302_3,Spirituality and the World (Apr 2003) DVD03,✅,veritas,,,https://veritaspub.com/product/2003-04-spirituality-and-the-world-april-2003/,,,,,
,LS200303_1,Spiritual Community (Jun 2003) DVD01,✅,veritas,,,https://veritaspub.com/product/2003-06-spiritual-community-june-2003/,,,,,
,LS200303_2,Spiritual Community (Jun 2003) DVD02,✅,veritas,,,https://veritaspub.com/product/2003-06-spiritual-community-june-2003/,,,,,
,LS200303_3,Spiritual Community (Jun 2003) DVD03,✅,veritas,,,https://veritaspub.com/product/2003-06-spiritual-community-june-2003/,,,,,
,LS200304_1,Enlightenment (Aug 2003) DVD01,✅,veritas,,,https://veritaspub.com/product/2003-08-enlightenment-august-2003/,,,,,
,LS200304_2,Enlightenment (Aug 2003) DVD02,✅,veritas,,,https://veritaspub.com/product/2003-08-enlightenment-august-2003/,,,,,
,LS200304_3,Enlightenment (Aug 2003) DVD03,✅,veritas,,,https://veritaspub.com/product/2003-08-enlightenment-august-2003/,,,,,
,LS200305_1,Realization of the Self as the 'I' (Nov 2003) DVD01,✅,veritas,,,https://veritaspub.com/product/2003-11-realization-of-the-self-as-the-i-nov-2003/,,,,,
,LS200305_2,Realization of the Self as the 'I' (Nov 2003) DVD02,✅,veritas,,,https://veritaspub.com/product/2003-11-realization-of-the-self-as-the-i-nov-2003/,,,,,
,LS200305_3,Realization of the Self as the 'I' (Nov 2003) DVD03,✅,veritas,,,https://veritaspub.com/product/2003-11-realization-of-the-self-as-the-i-nov-2003/,,,,,
,LS200306_1,"Dialogue, Questions, and Answers (Dec 2003) DVD01",✅,veritas,,,https://veritaspub.com/product/dialogue-questions-and-answers-dec-2003/,,,,,
,LS200306_2,"Dialogue, Questions, and Answers (Dec 2003) DVD02",✅,veritas,,,https://veritaspub.com/product/dialogue-questions-and-answers-dec-2003/,,,,,
,LS200306_3,"Dialogue, Questions, and Answers (Dec 2003) DVD03",✅,veritas,,,https://veritaspub.com/product/dialogue-questions-and-answers-dec-2003/,,,,,
,,,,,,,,,,,,
,,Series 2004: Transcending the Mind,,,,,,,,,,
,LS200401_1,Thought and Ideation (Feb 2004) DVD01,✅,veritas,,,https://veritaspub.com/product/2004-02-thought-and-ideation-feb-2004/,,,,,
,LS200401_2,Thought and Ideation (Feb 2004) DVD02,✅,veritas,,,https://veritaspub.com/product/2004-02-thought-and-ideation-feb-2004/,,,,,
,LS200401_3,Thought and Ideation (Feb 2004) DVD03,✅,veritas,,,https://veritaspub.com/product/2004-02-thought-and-ideation-feb-2004/,,,,,
,LS200402_1,Emotions and Sensations (Apr 2004) DVD01,✅,veritas,,,https://veritaspub.com/product/2004-04-emotions-and-sensations-april-2004/,,,,,
,LS200402_2,Emotions and Sensations (Apr 2004) DVD02,✅,veritas,,,https://veritaspub.com/product/2004-04-emotions-and-sensations-april-2004/,,,,,
,LS200402_3,Emotions and Sensations (Apr 2004) DVD03,✅,veritas,,,https://veritaspub.com/product/2004-04-emotions-and-sensations-april-2004/,,,,,
,LS200403_1,Perception and Positionality (Jun 2004) DVD01,✅,veritas,,,https://veritaspub.com/product/2004-06-perception-and-positionality-june-2004/,,,,,
,LS200403_2,Perception and Positionality (Jun 2004) DVD02,✅,veritas,,,https://veritaspub.com/product/2004-06-perception-and-positionality-june-2004/,,,,,
,LS200403_3,Perception and Positionality (Jun 2004) DVD03,✅,veritas,,,https://veritaspub.com/product/2004-06-perception-and-positionality-june-2004/,,,,,
,LS200404_1,Identification and Illusion (Aug 2004) DVD01,✅,veritas,,,https://veritaspub.com/product/2004-08-identification-and-illusion-aug-2004/,,,,,
,LS200404_2,Identification and Illusion (Aug 2004) DVD02,✅,veritas,,,https://veritaspub.com/product/2004-08-identification-and-illusion-aug-2004/,,,,,
,LS200404_3,Identification and Illusion (Aug 2004) DVD03,✅,veritas,,,https://veritaspub.com/product/2004-08-identification-and-illusion-aug-2004/,,,,,
,LS200405_1,Witnessing and Observing (Oct 2004) DVD01,✅,veritas,,,https://veritaspub.com/product/2004-10-witnessing-and-observing-october-2004/,,,,,
,LS200405_2,Witnessing and Observing (Oct 2004) DVD02,✅,veritas,,,https://veritaspub.com/product/2004-10-witnessing-and-observing-october-2004/,,,,,
,LS200405_3,Witnessing and Observing (Oct 2004) DVD03,✅,veritas,,,https://veritaspub.com/product/2004-10-witnessing-and-observing-october-2004/,,,,,
,LS200406_1,The Ego and The Self (Dec 2004) DVD01,✅,veritas,,,https://veritaspub.com/product/2004-12-the-ego-and-the-self-december-2004/,,,,,
,LS200406_2,The Ego and The Self (Dec 2004) DVD02,✅,veritas,,,https://veritaspub.com/product/2004-12-the-ego-and-the-self-december-2004/,,,,,
,LS200406_3,The Ego and The Self (Dec 2004) DVD03,✅,veritas,,,https://veritaspub.com/product/2004-12-the-ego-and-the-self-december-2004/,,,,,
,,Series 2005: Nonduality Intensive,,,,,,,,,,
,LS200501_1,Vision (Feb 2005) DVD01,✅,veritas,,,https://veritaspub.com/product/vision-feb-2005/,,,,,
,LS200501_2,Vision (Feb 2005) DVD02,✅,veritas,,,https://veritaspub.com/product/vision-feb-2005/,,,,,
,LS200501_3,Vision (Feb 2005) DVD03,✅,veritas,,,https://veritaspub.com/product/vision-feb-2005/,,,,,
,LS200502_1,Alignment (Apr 2005) DVD01,✅,veritas,,,https://veritaspub.com/product/2005-04-alignment-apr-2005/,,,,,
,LS200502_2,Alignment (Apr 2005) DVD02,✅,veritas,,,https://veritaspub.com/product/2005-04-alignment-apr-2005/,,,,,
,LS200502_3,Alignment (Apr 2005) DVD03,✅,veritas,,,https://veritaspub.com/product/2005-04-alignment-apr-2005/,,,,,
,LS200503_1,Intention (May 2005) DVD01,✅,veritas,,,https://veritaspub.com/product/2005-05-intention-may-2005/,,,,,
,LS200503_2,Intention (May 2005) DVD02,✅,veritas,,,https://veritaspub.com/product/2005-05-intention-may-2005/,,,,,
,LS200503_3,Intention (May 2005) DVD03,✅,veritas,,,https://veritaspub.com/product/2005-05-intention-may-2005/,,,,,
,LS200504_1,Transcending Barriers (Jun 2005) DVD01,✅,veritas,,,https://veritaspub.com/product/2005-06-transcending-barriers-june-2005/,,,,,
,LS200504_2,Transcending Barriers (Jun 2005) DVD02,✅,veritas,,,https://veritaspub.com/product/2005-06-transcending-barriers-june-2005/,,,,,
,LS200504_3,Transcending Barriers (Jun 2005) DVD03,✅,veritas,,,https://veritaspub.com/product/2005-06-transcending-barriers-june-2005/,,,,,
,LS200505_1,Conviction (Jul 2005) DVD01,✅,veritas,,,https://veritaspub.com/product/2005-07-conviction-july-2005/,,,,,
,LS200505_2,Conviction (Jul 2005) DVD02,✅,veritas,,,https://veritaspub.com/product/2005-07-conviction-july-2005/,,,,,
,LS200505_3,Conviction (Jul 2005) DVD03,✅,veritas,,,https://veritaspub.com/product/2005-07-conviction-july-2005/,,,,,
,LS200506_1,Serenity (Aug 2005) DVD01,✅,veritas,,,https://veritaspub.com/product/2005-08-serenity-august-2005/,,,,,
,LS200506_2,Serenity (Aug 2005) DVD02,✅,veritas,,,https://veritaspub.com/product/2005-08-serenity-august-2005/,,,,,
,LS200506_3,Serenity (Aug 2005) DVD03,✅,veritas,,,https://veritaspub.com/product/2005-08-serenity-august-2005/,,,,,
,LS200507_1,Transcending Obstacles (Sep 2005) DVD01,✅,veritas,,,https://veritaspub.com/product/2005-09-transcending-obstacles-sept-2005/,,,,,
,LS200507_2,Transcending Obstacles (Sep 2005) DVD02,✅,veritas,,,https://veritaspub.com/product/2005-09-transcending-obstacles-sept-2005/,,,,,
,LS200507_3,Transcending Obstacles (Sep 2005) DVD03,✅,veritas,,,https://veritaspub.com/product/2005-09-transcending-obstacles-sept-2005/,,,,,
,LS200508_1,Spiritual Traps (Oct 2005) DVD01,✅,veritas,,,https://veritaspub.com/product/2005-10-spiritual-traps-october-2005/,,,,https://archive.org/download/Hawkins_Lectures_transcoded_actual_files/David%20R.%20Hawkins/Truth%20vs%20Falsehood/,
,LS200508_2,Spiritual Traps (Oct 2005) DVD02,✅,veritas,,,https://veritaspub.com/product/2005-10-spiritual-traps-october-2005/,,,,,
,LS200508_3,Spiritual Traps (Oct 2005) DVD03,✅,veritas,,,https://veritaspub.com/product/2005-10-spiritual-traps-october-2005/,,,,,
,LS200509_1,Valid Teachers and Teachings (Nov 2005) DVD01,✅,veritas,,,https://veritaspub.com/product/2005-11-valid-teachers-and-teachings-nov-2005/,,,,,
,LS200509_2,Valid Teachers and Teachings (Nov 2005) DVD02,✅,veritas,,,https://veritaspub.com/product/2005-11-valid-teachers-and-teachings-nov-2005/,,,,,
,LS200509_3,Valid Teachers and Teachings (Nov 2005) DVD03,✅,veritas,,,https://veritaspub.com/product/2005-11-valid-teachers-and-teachings-nov-2005/,,,,,
,LS200510_1,"God, Religion, and Spirituality (Dec 2005) DVD01",✅,veritas,,,https://veritaspub.com/product/2005-12-god-religion-and-spirituality-dec-2005/,,,,,
,LS200510_2,"God, Religion, and Spirituality (Dec 2005) DVD02",✅,veritas,,,https://veritaspub.com/product/2005-12-god-religion-and-spirituality-dec-2005/,,,,,
,LS200510_3,"God, Religion, and Spirituality (Dec 2005) DVD03",✅,veritas,,,https://veritaspub.com/product/2005-12-god-religion-and-spirituality-dec-2005/,,,,,
,,Series 2006: Transcending Levels of Consciousness,,,,,,,,,,
,LS200601_1,Experiential Reality (Feb 2006) DVD01,✅,veritas,,,https://veritaspub.com/product/2006-02-experiential-reality-feb-2006/,,,,,
,LS200601_2,Experiential Reality (Feb 2006) DVD02,✅,veritas,,,https://veritaspub.com/product/2006-02-experiential-reality-feb-2006/,,,,,
,LS200601_3,Experiential Reality (Feb 2006) DVD03,✅,veritas,,,https://veritaspub.com/product/2006-02-experiential-reality-feb-2006/,,,,,
,LS200602_1,Perception vs Essence (Apr 2006) DVD01,✅,veritas,,,https://veritaspub.com/product/2006-04-perception-vs-essence-april-2006/,,,,,
,LS200602_2,Perception vs Essence (Apr 2006) DVD02,✅,veritas,,,https://veritaspub.com/product/2006-04-perception-vs-essence-april-2006/,,,,,
,LS200602_3,Perception vs Essence (Apr 2006) DVD03,✅,veritas,,,https://veritaspub.com/product/2006-04-perception-vs-essence-april-2006/,,,,,
,LS200603_1,Spiritual Truth vs. Spiritual Fantasy (Jun 2006) DVD01,✅,veritas,,,https://veritaspub.com/product/2006-06-spiritual-truth-vs-spiritual-fantasy-june-2006/,,,,,
,LS200603_2,Spiritual Truth vs. Spiritual Fantasy (Jun 2006) DVD02,✅,veritas,,,https://veritaspub.com/product/2006-06-spiritual-truth-vs-spiritual-fantasy-june-2006/,,,,,
,LS200603_3,Spiritual Truth vs. Spiritual Fantasy (Jun 2006) DVD03,✅,veritas,,,https://veritaspub.com/product/2006-06-spiritual-truth-vs-spiritual-fantasy-june-2006/,,,,,
,LS200604_1,Reason vs Truth (Aug 2006) DVD01,✅,veritas,,,https://veritaspub.com/product/2006-08-reason-vs-truth-aug-2006/,,,,,
,LS200604_2,Reason vs Truth (Aug 2006) DVD02,✅,veritas,,,https://veritaspub.com/product/2006-08-reason-vs-truth-aug-2006/,,,,,
,LS200604_3,Reason vs Truth (Aug 2006) DVD03,✅,veritas,,,https://veritaspub.com/product/2006-08-reason-vs-truth-aug-2006/,,,,,
,LS200605_1,A Review of the Work (Sep 2006) DVD01,✅,veritas,,,https://veritaspub.com/product/2006-09-a-review-of-the-work-sept-2006/,,,,,
,LS200605_2,A Review of the Work (Sep 2006) DVD02,✅,veritas,,,https://veritaspub.com/product/2006-09-a-review-of-the-work-sept-2006/,,,,,
,LS200605_3,A Review of the Work (Sep 2006) DVD03,✅,veritas,,,https://veritaspub.com/product/2006-09-a-review-of-the-work-sept-2006/,,,,,
,LS200606_1,Spiritual Practice and Daily Life (Oct 2006) DVD01,✅,veritas,,,https://veritaspub.com/product/2006-10-spiritual-practice-and-daily-life-oct-2006/,,,,,
,LS200606_2,Spiritual Practice and Daily Life (Oct 2006) DVD02,✅,veritas,,,https://veritaspub.com/product/2006-10-spiritual-practice-and-daily-life-oct-2006/,,,,,
,LS200606_3,Spiritual Practice and Daily Life (Oct 2006) DVD03,✅,veritas,,,https://veritaspub.com/product/2006-10-spiritual-practice-and-daily-life-oct-2006/,,,,,
,LS200607_1,Live Your Life Like a Prayer (Nov 2006) DVD01,✅,veritas,,,https://veritaspub.com/product/2006-11-live-your-life-like-a-prayer-nov-2006/,,,,,
,LS200607_2,Live Your Life Like a Prayer (Nov 2006) DVD02,✅,veritas,,,https://veritaspub.com/product/2006-11-live-your-life-like-a-prayer-nov-2006/,,,,,
,LS200607_3,Live Your Life Like a Prayer (Nov 2006) DVD03,✅,veritas,,,https://veritaspub.com/product/2006-11-live-your-life-like-a-prayer-nov-2006/,,,,,
,LS200608_1,Is the Miraculous Real? (Dec 2006) DVD01,✅,veritas,,,https://veritaspub.com/product/2006-12-is-the-miraculous-real-dec-2006/,,,,,
,LS200608_2,Is the Miraculous Real? (Dec 2006) DVD02,✅,veritas,,,https://veritaspub.com/product/2006-12-is-the-miraculous-real-dec-2006/,,,,,
,LS200608_3,Is the Miraculous Real? (Dec 2006) DVD03,✅,veritas,,,https://veritaspub.com/product/2006-12-is-the-miraculous-real-dec-2006/,,,,,
,,Series 2007: Spiritual Reality & Modern Man,,,,,,,,,,
,LS200701_1,God vs Science: Limits of the Mind (Feb 2007) DVD01,✅,veritas,,,https://veritaspub.com/product/2007-02-god-vs-science-limits-of-the-mind-feb-2007/,,,,,
,LS200701_2,God vs Science: Limits of the Mind (Feb 2007) DVD02,✅,veritas,,,https://veritaspub.com/product/2007-02-god-vs-science-limits-of-the-mind-feb-2007/,,,,,
,LS200701_3,God vs Science: Limits of the Mind (Feb 2007) DVD03,✅,veritas,,,https://veritaspub.com/product/2007-02-god-vs-science-limits-of-the-mind-feb-2007/,,,,,
,LS200702_1,Relativism vs Reality (Apr 2007) DVD01,✅,veritas,,,,,,,,
,LS200702_2,Relativism vs Reality (Apr 2007) DVD02,✅,veritas,,,,,,,,
,LS200702_3,Relativism vs Reality (Apr 2007) DVD03,✅,veritas,,,,,,,,
,LS200703_1,What is 'Real'? (Jun 2007) DVD01,✅,veritas,,,https://veritaspub.com/product/2007-06-what-is-real-june-2007/,,,,,
,LS200703_2,What is 'Real'? (Jun 2007) DVD02,✅,veritas,,,https://veritaspub.com/product/2007-06-what-is-real-june-2007/,,,,,
,LS200703_3,What is 'Real'? (Jun 2007) DVD03,✅,veritas,,,https://veritaspub.com/product/2007-06-what-is-real-june-2007/,,,,,
,LS200704_1,What is Truth? The Absolute (Jul 2007) DVD01,✅,veritas,,,https://veritaspub.com/product/2007-07-what-is-truth-the-absolute-july-2007/,,,,,
,LS200704_2,What is Truth? The Absolute (Jul 2007) DVD02,✅,veritas,,,https://veritaspub.com/product/2007-07-what-is-truth-the-absolute-july-2007/,,,,,
,LS200704_3,What is Truth? The Absolute (Jul 2007) DVD03,✅,veritas,,,https://veritaspub.com/product/2007-07-what-is-truth-the-absolute-july-2007/,,,,,
,LS200705_1,The Human Dilemma (Aug 2007) DVD01,✅,veritas,,,https://veritaspub.com/product/2007-08-the-human-dilemma-aug-2007/,,,,,
,LS200705_2,The Human Dilemma (Aug 2007) DVD02,✅,veritas,,,https://veritaspub.com/product/2007-08-the-human-dilemma-aug-2007/,,,,,
,LS200705_3,The Human Dilemma (Aug 2007) DVD03,✅,veritas,,,https://veritaspub.com/product/2007-08-the-human-dilemma-aug-2007/,,,,,
,LS200706_1,A Review of the Work (Sep 2007) DVD01,✅,veritas,,,https://veritaspub.com/product/2007-09-a-review-of-the-work/,,,,,
,LS200706_2,A Review of the Work (Sep 2007) DVD02,✅,veritas,,,https://veritaspub.com/product/2007-09-a-review-of-the-work/,,,,,
,LS200706_3,A Review of the Work (Sep 2007) DVD03,✅,veritas,,,https://veritaspub.com/product/2007-09-a-review-of-the-work/,,,,,
,LS200707_1,Creation vs Evolution (Oct 2007) DVD01,✅,veritas,,,https://veritaspub.com/product/2007-10-creation-vs-evolution-2007-oct/,,,,,
,LS200707_2,Creation vs Evolution (Oct 2007) DVD02,✅,veritas,,,https://veritaspub.com/product/2007-10-creation-vs-evolution-2007-oct/,,,,,
,LS200707_3,Creation vs Evolution (Oct 2007) DVD03,✅,veritas,,,https://veritaspub.com/product/2007-10-creation-vs-evolution-2007-oct/,,,,,
,LS200708_1,Spiritual Survival: Realization of Reality (Nov 2007) DVD01,✅,veritas,,,https://veritaspub.com/product/2007-11-spiritual-survival-realization-of-reality-nov-2007/,,,,,
,LS200708_2,Spiritual Survival: Realization of Reality (Nov 2007) DVD02,✅,veritas,,,https://veritaspub.com/product/2007-11-spiritual-survival-realization-of-reality-nov-2007/,,,,,
,LS200708_3,Spiritual Survival: Realization of Reality (Nov 2007) DVD03,✅,veritas,,,https://veritaspub.com/product/2007-11-spiritual-survival-realization-of-reality-nov-2007/,,,,,
,LS200709_1,Experiential Reality: The Mystic (Dec 2007) DVD01,✅,veritas,,,https://veritaspub.com/product/2007-12-experiential-reality-the-mystic-dec-2007/,,,,,
,LS200709_2,Experiential Reality: The Mystic (Dec 2007) DVD02,✅,veritas,,,https://veritaspub.com/product/2007-12-experiential-reality-the-mystic-dec-2007/,,,,,
,LS200709_3,Experiential Reality: The Mystic (Dec 2007) DVD03,✅,veritas,,,https://veritaspub.com/product/2007-12-experiential-reality-the-mystic-dec-2007/,,,,,
,,Series 2008: Advanced Spiritual Awareness,,,,,,,,,,
,LS200801_1,Spirituality: Reason and Faith (Jan 2008) DVD01,✅,veritas,,,https://veritaspub.com/product/2008-01-spirituality-reason-and-faith-jan-2008/,,,,,
,LS200801_2,Spirituality: Reason and Faith (Jan 2008) DVD02,✅,veritas,,,https://veritaspub.com/product/2008-01-spirituality-reason-and-faith-jan-2008/,,,,,
,LS200801_3,Spirituality: Reason and Faith (Jan 2008) DVD03,✅,veritas,,,https://veritaspub.com/product/2008-01-spirituality-reason-and-faith-jan-2008/,,,,,
,LS200802_1,The Clear Pathway to Enlightenment (Mar 2008) DVD01,✅,veritas,,,https://veritaspub.com/product/2008-03-the-clear-pathway-to-enlightenment-march-2008/,,,,,
,LS200802_2,The Clear Pathway to Enlightenment (Mar 2008) DVD02,✅,veritas,,,https://veritaspub.com/product/2008-03-the-clear-pathway-to-enlightenment-march-2008/,,,,,
,LS200802_3,The Clear Pathway to Enlightenment (Mar 2008) DVD03,✅,veritas,,,https://veritaspub.com/product/2008-03-the-clear-pathway-to-enlightenment-march-2008/,,,,,
,LS200803_1,"Belief, Trust and Credibility (Jun 2008) DVD01",✅,veritas,,,https://veritaspub.com/product/2008-06-belief-trust-and-credibility-june-2008/,,,,,
,LS200803_2,"Belief, Trust and Credibility (Jun 2008) DVD02",✅,veritas,,,https://veritaspub.com/product/2008-06-belief-trust-and-credibility-june-2008/,,,,,
,LS200803_3,"Belief, Trust and Credibility (Jun 2008) DVD03",✅,veritas,,,https://veritaspub.com/product/2008-06-belief-trust-and-credibility-june-2008/,,,,,
,LS200804_1,"Overcoming Doubt, Skepticism & Disbelief (Aug 2008) DVD01",✅,veritas,,,https://veritaspub.com/product/2008-08-overcoming-doubt-skepticism-disbelief-aug-2008/,,,,,
,LS200804_2,"Overcoming Doubt, Skepticism & Disbelief (Aug 2008) DVD02",✅,veritas,,,https://veritaspub.com/product/2008-08-overcoming-doubt-skepticism-disbelief-aug-2008/,,,,,
,LS200804_3,"Overcoming Doubt, Skepticism & Disbelief (Aug 2008) DVD03",✅,veritas,,,https://veritaspub.com/product/2008-08-overcoming-doubt-skepticism-disbelief-aug-2008/,,,,,
,LS200805_1,Practical Spirituality (Oct 2008) DVD01,✅,veritas,,,https://veritaspub.com/product/2008-10-practical-spirituality-oct-2008/,,,,,
,LS200805_2,Practical Spirituality (Oct 2008) DVD02,✅,veritas,,,https://veritaspub.com/product/2008-10-practical-spirituality-oct-2008/,,,,,
,LS200805_3,Practical Spirituality (Oct 2008) DVD03,✅,veritas,,,https://veritaspub.com/product/2008-10-practical-spirituality-oct-2008/,,,,,
,LS200806_1,Freedom: Morality and Ethics (Nov 2008) DVD01,✅,veritas,,,https://veritaspub.com/product/2008-11-freedom-morality-and-ethics-nov-2008/,,,,,
,LS200806_2,Freedom: Morality and Ethics (Nov 2008) DVD02,✅,veritas,,,https://veritaspub.com/product/2008-11-freedom-morality-and-ethics-nov-2008/,,,,,
,LS200806_3,Freedom: Morality and Ethics (Nov 2008) DVD03,✅,veritas,,,https://veritaspub.com/product/2008-11-freedom-morality-and-ethics-nov-2008/,,,,,
,LS200807_1,A Unique Sedona Seminar (Dec 2008) DVD01,✅,veritas,,,https://veritaspub.com/product/2008-12-a-unique-sedona-seminar-dec-2008/,,,,,
,LS200807_2,A Unique Sedona Seminar (Dec 2008) DVD02,✅,veritas,,,https://veritaspub.com/product/2008-12-a-unique-sedona-seminar-dec-2008/,,,,,
,LS200807_3,A Unique Sedona Seminar (Dec 2008) DVD03,✅,veritas,,,https://veritaspub.com/product/2008-12-a-unique-sedona-seminar-dec-2008/,,,,,
,,Series 2009: In the World but Not of It,,,,,,,,,,
,LS200901_1,What is the World? (Feb 2009) DVD01,✅,veritas,,,https://veritaspub.com/product/2009-02-what-is-the-world-february-2009/,,,,,
,LS200901_2,What is the World? (Feb 2009) DVD02,✅,veritas,,,https://veritaspub.com/product/2009-02-what-is-the-world-february-2009/,,,,,
,LS200901_3,What is the World? (Feb 2009) DVD03,✅,veritas,,,https://veritaspub.com/product/2009-02-what-is-the-world-february-2009/,,,,,
,LS200902_1,Happiness (Apr 2009) DVD01,✅,veritas,,,https://veritaspub.com/product/2009-04-happiness-april-2009/,,,,,
,LS200902_2,Happiness (Apr 2009) DVD02,✅,veritas,,,https://veritaspub.com/product/2009-04-happiness-april-2009/,,,,,
,LS200902_3,Happiness (Apr 2009) DVD03,✅,veritas,,,https://veritaspub.com/product/2009-04-happiness-april-2009/,,,,,
,LS200903_1,Peace (Aug 2009) DVD01,✅,veritas,,,https://veritaspub.com/product/2009-08-peace-august-2009/,,,,,
,LS200903_2,Peace (Aug 2009) DVD02,✅,veritas,,,https://veritaspub.com/product/2009-08-peace-august-2009/,,,,,
,LS200903_3,Peace (Aug 2009) DVD03,✅,veritas,,,https://veritaspub.com/product/2009-08-peace-august-2009/,,,,,
,LS200904_1,Success (Oct 2009) DVD01,✅,veritas,,,https://veritaspub.com/product/2009-10-success-october-2009/,,,,,
,LS200904_2,Success (Oct 2009) DVD02,✅,veritas,,,https://veritaspub.com/product/2009-10-success-october-2009/,,,,,
,LS200904_3,Success (Oct 2009) DVD03,✅,veritas,,,https://veritaspub.com/product/2009-10-success-october-2009/,,,,,
,,Series 2010: Practical Spirituality,,,,,,,,,,
,LS201001_1,Handling Spiritual Challenges (Apr 2010) DVD01,✅,veritas,,,https://veritaspub.com/product/2010-04-handling-spiritual-challenges-april-2010/,,,,,
,LS201001_2,Handling Spiritual Challenges (Apr 2010) DVD02,✅,veritas,,,https://veritaspub.com/product/2010-04-handling-spiritual-challenges-april-2010/,,,,,
,LS201001_3,Handling Spiritual Challenges (Apr 2010) DVD03,✅,veritas,,,https://veritaspub.com/product/2010-04-handling-spiritual-challenges-april-2010/,,,,,
,LS201002_1,Spiritual Life In Today's World (Oct 2010) DVD01,✅,veritas,,,https://veritaspub.com/product/2010-10-spiritual-life-in-todays-world-oct-2010/,,,,,
,LS201002_2,Spiritual Life In Today's World (Oct 2010) DVD02,✅,veritas,,,https://veritaspub.com/product/2010-10-spiritual-life-in-todays-world-oct-2010/,,,,,
,LS201002_3,Spiritual Life In Today's World (Oct 2010) DVD03,✅,veritas,,,https://veritaspub.com/product/2010-10-spiritual-life-in-todays-world-oct-2010/,,,,,
,,Series 2011: Love & Spiritual Seeker Qualities,,,,,,,,,,
,LS201101_1,Most Valuable Qualities for a Spiritual Seeker (May 2011) DVD01,✅,veritas,,,https://veritaspub.com/product/2011-05-most-valuable-qualities-for-a-spiritual-seeker-may-2011/,,,,,
,LS201101_2,Most Valuable Qualities for a Spiritual Seeker (May 2011) DVD02,✅,veritas,,,https://veritaspub.com/product/2011-05-most-valuable-qualities-for-a-spiritual-seeker-may-2011/,,,,,
,LS201101_3,Most Valuable Qualities for a Spiritual Seeker (May 2011) DVD03,✅,veritas,,,https://veritaspub.com/product/2011-05-most-valuable-qualities-for-a-spiritual-seeker-may-2011/,,,,,
,LS201102_1,Love (Sep 2011) DVD01,✅,veritas,,,https://veritaspub.com/product/2011-09-love-sept-2011/,,,,,
,LS201102_2,Love (Sep 2011) DVD02,✅,veritas,,,https://veritaspub.com/product/2011-09-love-sept-2011/,,,,,
,LS201102_3,Love (Sep 2011) DVD03,✅,veritas,,,https://veritaspub.com/product/2011-09-love-sept-2011/,,,,,
,,,,,,,,,,,,
,SAT2011Q01,Q&A Session (Jan 2011),✅,veritas,,,https://veritaspub.com/product/2011-01-question-answer-session-jan-2011/,,,,,
,SAT2011Q02,Q&A Session (Mar 2011),✅,veritas,,,https://veritaspub.com/product/2011-03-question-and-answer-session-march-2011/,,,,,
,SAT2011Q03,Q&A Session (Jul 2011),✅,veritas,,,https://veritaspub.com/product/2011-07-question-and-answer-session-july-2011/,,,,,
,,,,,,,,,,,,
,,VOLUME SERIES https://veritaspub.com/volume-series/,,,,,,,,,,
,VOL101,101 Volume I-Power vs Force (Part 1).mp4,✅,veritas,,,https://veritaspub.com/product/volume-i-power-vs-force-muscle-testing-video/,,,,,
,VOL102,102 Volume II-David Hawkins -Applied Kinesiology-Power vs Force - Part 2.mp4,✅,veritas,,,https://veritaspub.com/product/volume-i-power-vs-force-muscle-testing-video/,,,,,
,VOL201,201 Volume II-Consciousness and Addiction (Part 1).mp4,✅,veritas,,,https://veritaspub.com/product/vol-ii-consciousness-and-addiction/,,,,,
,VOL202,202 Volume II-Consciousness and Addiction (Part 2).mp4,✅,veritas,,,https://veritaspub.com/product/vol-ii-consciousness-and-addiction/,,,,,
,VOL301,301 Volume III-Advanced States of Consciousness (Part 1).mp4,✅,veritas,,,https://veritaspub.com/product/volume-iii-advanced-states-of-consciousness/,,,,,
,VOL302,302 Volume III-Advanced States of Consciousness (Part 2).mp4,✅,veritas,,,https://veritaspub.com/product/volume-iii-advanced-states-of-consciousness/,,,,,
,VOL401,401 Volume IV-How to Tell the Truth about Anything (Part 1).mp4,✅,veritas,,,https://veritaspub.com/product/volume-iv-consciousness-how-to-tell-the-truth-about-anything-video/,,,,,
,VOL402,402 Volume IV-How to Tell the Truth about Anything (Part 2).mp4,✅,veritas,,,https://veritaspub.com/product/volume-iv-consciousness-how-to-tell-the-truth-about-anything-video/,,,,,
,VOL501,501 Volume V-Undoing the Barriers to Spiritual Progress (Part 1).mp4,✅,veritas,,,https://veritaspub.com/product/volume-v-undoing-the-barriers-to-spiritual-progress-video/,,,,,
,VOL502,502 Volume V-Undoing the Barriers to Spiritual Progress (Part 2)- converted.mp4,✅,veritas,,,https://veritaspub.com/product/volume-v-undoing-the-barriers-to-spiritual-progress-video/,,,,,
,VOL503,503 Volume V-Undoing the Barriers to Spiritual Progress (Part 3)- converted.mp4,✅,veritas,,,https://veritaspub.com/product/volume-v-undoing-the-barriers-to-spiritual-progress-video/,,,,,
,VOL601,601 Volume VI-How to Raise Your Level of Consciousness-converted.mp4,✅,veritas,,,https://veritaspub.com/product/vol-vi-how-to-raise-your-level-of-consciousness/,,,,,
,VOL701,701 Volume VII A-Conversation with Knowingness-converted.mp4,✅,veritas,,,https://veritaspub.com/product/vol-vii-a-conversation-with-knowingness/,,,,,
,,,,,,,,,,,,
,,On The Road - Talk Series https://veritaspub.com/on-the-road-talk-series/,,,,,,,,,,
,, ❌❌ MOST ARE MISSING ❌❌ NOT YET IN THE SPREADSHEET ❌❌,,,,,,,,,,
,,Become That Which You Are (June 2004) PART1.mp4,✅,veritas,,,https://veritaspub.com/product/become-that-which-you-are-3/,,,,,
,,Become That Which You Are (June 2004) PART2.mp4,✅,veritas,,,https://veritaspub.com/product/become-that-which-you-are-3/,,,,,
,,Become That Which You Are (June 2004) PART3.mp4,✅,veritas,,,https://veritaspub.com/product/become-that-which-you-are-3/,,,,,
,,Love is a Way of Being (January 2004) PART1.mp4,✅,veritas,,,https://veritaspub.com/product/love-is-a-way-of-being/,,,,,
,,Love is a Way of Being (January 2004) PART2.mp4,✅,veritas,,,https://veritaspub.com/product/love-is-a-way-of-being/,,,,,
,,Love is a Way of Being (January 2004) PART3.mp4,✅,veritas,,,https://veritaspub.com/product/love-is-a-way-of-being/,,,,,
,,Progressive Levels of Consciousness - A Special Talk Presented in Oxford (2003).mp4,✅,veritas,,,,,,,,
,,The Presence of Spiritual Awareness PART1.mp4,✅,veritas,,,https://veritaspub.com/product/the-presence-of-spiritual-awareness/,,,,,
,,The Presence of Spiritual Awareness PART2.mp4,✅,veritas,,,https://veritaspub.com/product/the-presence-of-spiritual-awareness/,,,,,
,,The Presence of Spiritual Awareness PART3.mp4,✅,veritas,,,https://veritaspub.com/product/the-presence-of-spiritual-awareness/,,,,,
,,Devotion to Truth.mp4,✅,veritas,,,,,,,,
,,"Mind, Heart, and Service PART1.mp4",✅,veritas,,,,,,,,
,,"Mind, Heart, and Service PART2.mp4",✅,veritas,,,,,,,,
,,Spiritual Will PART1.mp4,✅,veritas,,,https://veritaspub.com/product/spiritual-will-a-inspiring-q-a-session-with-dr-hawkins/,,,,,
,,Spiritual Will PART2.mp4,✅,veritas,,,https://veritaspub.com/product/spiritual-will-a-inspiring-q-a-session-with-dr-hawkins/,,,,,
,,Verification of Spiritual Realities PART1.mp4,✅,veritas,,,https://veritaspub.com/product/verification-of-spiritual-realities/,,,,,
,,Verification of Spiritual Realities PART2.mp4,✅,veritas,,,https://veritaspub.com/product/verification-of-spiritual-realities/,,,,,
,,Verification of Spiritual Realities PART3.mp4,✅,veritas,,,https://veritaspub.com/product/verification-of-spiritual-realities/,,,,,
,,,,,,,,,,,,
,,Office series https://veritaspub.com/archival-office-visit-series/,,,,,,,,,,
,,,,,,,,,,,,
,OFF01,A-01 Office Series-Stress.mp4,✅,veritas,,,,,,,,
,OFF02,A-02 Office Series-Health.mp4,✅,veritas,,,,,,,,
,OFF03,A-03 Office Series-Spiritual First Aid.mp4,✅,veritas,,,,,,,,
,OFF04,A-04 Office Series-Sexuality.mp4,✅,veritas,,,,,,,,
,OFF05,A-05 Office Series-The Aging Process.mp4,✅,veritas,,,,,,,,
,OFF06,A-06 Office Series-Handling Major Crises.mp4,✅,veritas,,,,,,,,
,OFF07,A-07 Office Series-Worry Fear and Anxiety.mp4,✅,veritas,,,,,,,,
,OFF08,A-08 Office Series-Pain and Suffering.mp4,✅,veritas,,,,,,,,
,OFF09,A-09 Office Series-Losing Weight.mp4,✅,veritas,,,,,,,,
,OFF10,A-10 Office Series-Depression.mp4,✅,veritas,,,,,,,,
,OFF11,A-11 Office Series-Illness and Self-Healing.mp4,✅,veritas,,,,,,,,
,OFF12,A-12 Office Series-Alcoholism.mp4,✅,veritas,,,,,,,,
,OFF13,B-01 Office Series-Drug Addiction and Alcoholism....mp4,✅,veritas,,,,,,,,
,OFF14,where is B-02? might not exist.,❌,veritas,,,,,,,,
,OFF15,B-03 Office Series-A Map Of Consciousness.mp4,✅,veritas,,,,,,,,
,OFF16,B-04 Office Series-Cancer.mp4,✅,veritas,,,,,,,,
,OFF17,where is B-05? might not exist.,❌,veritas,,,,,,,,
,OFF18,B-06 Office Series-Death and Dying.mp4,✅,veritas,,,,,,,,
,,,,,,,,,,,,
,,Missing satsang audios https://veritaspub.com/satsang-series-and-question-answer-sessions/,,,BARRET?,https://discord.com/channels/1489236876736069662/1526954452949401691/1530199449803034775,,,,,,
,,Satsang Series (Jan 2007),❌,veritas/only sold via audible,,,,,,,,
,,Satsang Series (Mar 2007),❌,veritas/only sold via audible,,,,,,,,
,,Satsang Series (May 2007),❌,veritas/only sold via audible,,,,,,,,
,,Satsang Series (Jul 2007),❌,veritas/only sold via audible,,,,,,,,
,,Satsang Series (Sep 2007),❌,veritas/only sold via audible,,,,,,,,
,,Satsang Series (May 2008),❌,veritas/only sold via audible,,,,,,,,
,,Satsang Series (Sep 2008),❌,veritas/only sold via audible,,,,,,,,
,,Satsang Series (Jan 2009),❌,veritas/only sold via audible,,,,,,,,
,,Satsang Series (May 2009),❌,veritas/only sold via audible,,,,,,,,
,,Satsang Series (Sep 2009),❌,veritas/only sold via audible,,,,,,,,
,,Satsang Series (Nov 2009),❌,veritas/only sold via audible,,,,,,,,
,,Satsang Series (Feb 2010),❌,veritas/only sold via audible,,,,,,,,
,,Satsang Series (Nov 2010),❌,veritas/only sold via audible,,,,,,,,
,,,,,,,,,,,,
,,Media Miscellaneous: https://veritaspub.com/media-miscellaneous-2/,,,,,,,,,,
,, ❌❌ MOST ARE MISSING ❌❌ NOT YET IN THE SPREADSHEET ❌❌,,,,,,,,,,
,,"26. ""In the World But Not of It"" – ",✅,veritas,,,,,,,,
,,Audio 27. Golden Word Book Signing – Audio,✅,veritas,,,,,,,,
,,,,,,,,,,,,
,,Missing OTR,,,,,,,,,,
,,All is Divinity,❌,veritas,,,,,,,,
,,Compassion: The Pathway of the Heart,❌,veritas,,,,,,,,
,,God is Hidden Within the Beauty of the Music,❌,veritas,,,,,,,,
,,God is The Infinite Field,❌,veritas,,,,,,,,
,,Spiritual Reality,❌,veritas,,,,,,,,
,,The Ever-Present Joy,❌,veritas,,,,,,,,
,,The Power of Devotion,❌,veritas,,,,,,,,
,,The Prevailing Silence,❌,veritas,,,,,,,,
,,Transcending the Ego,❌,veritas,,,,,,,,
,,Truth Shines Forth,❌,veritas,,,,,,,,
,,Virtues: The Spiritual Foundation,❌,veritas,,,,,,,,
,,You Are the Light of Consciousness,❌,veritas,,,,,,,,
,,,,,,,,,,,,
,,Discussion Series with Dr. David Hawkins & Wife Susan https://veritaspub.com/discussion-series-2/,,,,,,,,,,
,,,,,,,,,,,,
,,How to Live Your Life Like a Prayer.mp4,✅,veritas,,,,,,,,
,,How to See the Reality of Life.mp4,✅,veritas,,,,,,,,
,,Improving Your Relationships.mp4,✅,veritas,,,,,,,,
,,Permanent Inner Peace.mp4,✅,veritas,,,,,,,,
,,The Importance of Family.mp4,✅,veritas,,,,,,,,
,,What is Meant by Spiritual.mp4,✅,veritas,,,,,,,,
,,What is Real Success.mp4,✅,veritas,,,,,,,,
,,What You are Changes the World.mp4,✅,veritas,,,,,,,,
,,,,,,,,,,,,
,,Books https://veritaspub.com/books-2/,,,,,,,,,,
,,Power vs Force,✅,veritas,,,,,,,,
,,The Eye of the I,✅,veritas,,,,,,,,
,,I Reality and Subjectivity,✅,veritas,my pdfs are trash,,,,,,,
,,Truth vs Falsehood,✅,veritas,,,,,,,,
,,Letting Go,✅,veritas,,,,,,,,
,,Healing and Recovery,✅,veritas,,,,,,,,
,,Discovery of the Presence of God,✅,veritas,,,,,,,,
,,"Reality, Spirituality and Modern Man",✅,veritas,,,,,,,,
,,Transcending the Levels of Consciousness,✅,veritas,,,,,,,,
,,The Map of Consciousness Explained,✅,veritas,,,,,,,,
,,Success Is for You,✅,veritas,,,,,,,,
,,Books of Slides,✅,veritas,,,,,,,,
,,Daily Reflections,✅,veritas,,,,,,,,
,,,,,,,,,,,,
,,Along the Path to Enlightenment,✅,veritas,,,,,,,,
,,Dissolving the Ego,✅,veritas,,,,,,,,
,,"In the World, But Not of It",✅,veritas,,,,,,,,
,,The Highest Level of Enlightenment,✅,veritas,,,,,,,,
,,The Path to Spiritual Advancement,✅,veritas,,,,,,,,
,,,,,,,,,,,,
,,TRANSCRIPTION SERIES BOOKS https://veritaspub.com/the-six-book-transcription-series-transcribed-from-the-lectures-presented-in-2002-the-core-lectures-of-dr-hawkins-work/,,,,,,,,,,
,,,,,,,,,,,,
,,The Path to Spiritual Advancement: How to Transcend the Ego and Experience the Presence of God,✅,veritas,,,,,,,,
,,The Evolution of Consciousness: Navigating the Levels of Awareness and Unlocking Spiritual Potential,✅,veritas,,,,,,,,
,,"Beyond Illusion: Exploring Perception, Ego, and Meditation on the Path to Truth",✅,veritas,,,,,,,,
,,"Spiritual Power and Integrity: Uncovering Spiritual Reality and Realizing Peace, Love, and Divinity",✅,veritas,,,,,,,,
,,Karma and Devotion: The Sacred Path to God through the Heart,✅,veritas,,,,,,,,
,,"The Final Doorway to Enlightenment: Prayer, Transcendence and Realization of the Self",✅,veritas,,,,,,,,
,,,,,,,,,,,,
,,Scott Jeffrey edited books,,,,,,,,,,
,,,,,,,,,,,,
,,,,,,,,,,,,
,,,,,,,,,,,,
,,Missing books? ❌❌ ,,,,,,,,,,
,,,,,,,,,,,,
,,Lecture Highlights https://veritaspub.com/highlights/,❌,veritas,,,,,,,,
,,,,,,,,,,,,
,,https://veritaspub.com/map-of-consciousness/,❌,veritas,,,,,,,,
,,,,,,,,,,,,
,,,,,,,,,,,,
,,"more stuff missing, non-veritas stuff. check: https://github.com/56eli/bookbot/blob/temp/hawkins.md",,,,,,,,,,
,,,,,,,,,,,,
,,,,,,,,,,,,
,,DISSERTATION ❌❌❌,,,,,,,,,,
,,https://www.goodreads.com/book/show/6645749-qualitative-and-quantitative-analysis-and-calibration-of-the-level-of-hu,,,,,,,,,,
,,,,,,,,,,,,
,,Dialogues on Consciousness and Spirituality: WHAT IS THIS ⚠️⚠️⚠️,,,,,,,,,,
,,https://www.goodreads.com/book/show/23323.Dialogues_on_Consciousness_and_Spirituality,,,,,,,,,,
,,SETH HAS IT https://discord.com/channels/1194598173742731284/1194598173742731287/1529890680824926259,,,,,,,,,,
,,,,,,,,,,,,
,,scorpion book,,,,,,,,,,
,,orthomolecular book,✅,,,,,,,,,
