raw_row_number,legacy_tempid,proposed_canonical_title,raw_title,proposed_series,proposed_item_type,proposed_year,proposed_month,proposed_format,proposed_format_detail,proposed_owned,proposed_source_url_veritas,raw_product_link,link_review_status,approval,review_notes
7,LS200201_1,Causality: The Ego's Foundation,Causality: The Ego's Foundation (Jan 2002) DVD01,The Way to God,lecture,2002,01,DVD,DVD01,true,https://veritaspub.com/product/2002-01-causality-the-egos-foundation-jan-2002/,https://veritaspub.com/product/2002-01-causality-the-egos-foundation-jan-2002/,proposed_valid,,
8,LS200201_2,Causality: The Ego's Foundation,Causality: The Ego's Foundation (Jan 2002) DVD02,The Way to God,lecture,2002,01,DVD,DVD02,true,https://veritaspub.com/product/2002-01-causality-the-egos-foundation-jan-2002/,https://veritaspub.com/product/2002-01-causality-the-egos-foundation-jan-2002/,proposed_valid,,
9,LS200201_3,Causality: The Ego's Foundation,Causality: The Ego's Foundation (Jan 2002) DVD03,The Way to God,lecture,2002,01,DVD,DVD03,true,https://veritaspub.com/product/2002-01-causality-the-egos-foundation-jan-2002/,https://veritaspub.com/product/2002-01-causality-the-egos-foundation-jan-2002/,proposed_valid,,
10,LS200202_1,Radical Subjectivity: The 'I' of Self,Radical Subjectivity: The 'I' of Self (Feb 2002) DVD01,The Way to God,lecture,2002,02,DVD,DVD01,true,https://veritaspub.com/product/radical-subjectivity-the-i-of-self-feb-2002/,https://veritaspub.com/product/radical-subjectivity-the-i-of-self-feb-2002/,proposed_valid,,
11,LS200202_2,Radical Subjectivity: The 'I' of Self,Radical Subjectivity: The 'I' of Self (Feb 2002) DVD02,The Way to God,lecture,2002,02,DVD,DVD02,true,https://veritaspub.com/product/radical-subjectivity-the-i-of-self-feb-2002/,https://veritaspub.com/product/radical-subjectivity-the-i-of-self-feb-2002/,proposed_valid,,
12,LS200202_3,Radical Subjectivity: The 'I' of Self,Radical Subjectivity: The 'I' of Self (Feb 2002) DVD03,The Way to God,lecture,2002,02,DVD,DVD03,true,https://veritaspub.com/product/radical-subjectivity-the-i-of-self-feb-2002/,https://veritaspub.com/product/radical-subjectivity-the-i-of-self-feb-2002/,proposed_valid,,
13,LS200203_1,The Levels of Consciousness: Subjective & Social Consequences,The Levels of Consciousness: Subjective & Social Consequences (Mar 2002) DVD01,The Way to God,lecture,2002,03,DVD,DVD01,true,https://veritaspub.com/product/2002-03-the-levels-of-consciousness-subjective-social-consequences-mar-2002/,https://veritaspub.com/product/2002-03-the-levels-of-consciousness-subjective-social-consequences-mar-2002/,proposed_valid,,
14,LS200203_2,The Levels of Consciousness: Subjective & Social Consequences,The Levels of Consciousness: Subjective & Social Consequences (Mar 2002) DVD02,The Way to God,lecture,2002,03,DVD,DVD02,true,https://veritaspub.com/product/2002-03-the-levels-of-consciousness-subjective-social-consequences-mar-2002/,https://veritaspub.com/product/2002-03-the-levels-of-consciousness-subjective-social-consequences-mar-2002/,proposed_valid,,
15,LS200203_3,The Levels of Consciousness: Subjective & Social Consequences,The Levels of Consciousness: Subjective & Social Consequences (Mar 2002) DVD03,The Way to God,lecture,2002,03,DVD,DVD03,true,https://veritaspub.com/product/2002-03-the-levels-of-consciousness-subjective-social-consequences-mar-2002/,https://veritaspub.com/product/2002-03-the-levels-of-consciousness-subjective-social-consequences-mar-2002/,proposed_valid,,
16,LS200204_1,Positionality and Duality: Transcending the Opposites,Positionality and Duality: Transcending the Opposites (Apr 2002) DVD01,The Way to God,lecture,2002,04,DVD,DVD01,true,https://veritaspub.com/product/2002-04-positionality-and-duality-transcending-the-opposites-apr-2002/,https://veritaspub.com/product/2002-04-positionality-and-duality-transcending-the-opposites-apr-2002/,proposed_valid,,
17,LS200204_2,Positionality and Duality: Transcending the Opposites,Positionality and Duality: Transcending the Opposites (Apr 2002) DVD02,The Way to God,lecture,2002,04,DVD,DVD02,true,https://veritaspub.com/product/2002-04-positionality-and-duality-transcending-the-opposites-apr-2002/,https://veritaspub.com/product/2002-04-positionality-and-duality-transcending-the-opposites-apr-2002/,proposed_valid,,
18,LS200204_3,Positionality and Duality: Transcending the Opposites,Positionality and Duality: Transcending the Opposites (Apr 2002) DVD03,The Way to God,lecture,2002,04,DVD,DVD03,true,https://veritaspub.com/product/2002-04-positionality-and-duality-transcending-the-opposites-apr-2002/,https://veritaspub.com/product/2002-04-positionality-and-duality-transcending-the-opposites-apr-2002/,proposed_valid,,
19,LS200205_1,Perception and Illusion: Distortions of Reality,Perception and Illusion: Distortions of Reality (May 2002) DVD01,The Way to God,lecture,2002,05,DVD,DVD01,true,https://veritaspub.com/product/2002-05-perception-and-illusion-distortions-of-reality-may-2002/,https://veritaspub.com/product/2002-05-perception-and-illusion-distortions-of-reality-may-2002/,proposed_valid,,
20,LS200205_2,Perception and Illusion: Distortions of Reality,Perception and Illusion: Distortions of Reality (May 2002) DVD02,The Way to God,lecture,2002,05,DVD,DVD02,true,https://veritaspub.com/product/2002-05-perception-and-illusion-distortions-of-reality-may-2002/,https://veritaspub.com/product/2002-05-perception-and-illusion-distortions-of-reality-may-2002/,proposed_valid,,
21,LS200205_3,Perception and Illusion: Distortions of Reality,Perception and Illusion: Distortions of Reality (May 2002) DVD03,The Way to God,lecture,2002,05,DVD,DVD03,true,https://veritaspub.com/product/2002-05-perception-and-illusion-distortions-of-reality-may-2002/,https://veritaspub.com/product/2002-05-perception-and-illusion-distortions-of-reality-may-2002/,proposed_valid,,
22,LS200206_1,Realizing the Root of Consciousness: Meditative and Contemplative Techniques,Realizing the Root of Consciousness: Meditative and Contemplative Techniques (Jun 2002) DVD01,The Way to God,lecture,2002,06,DVD,DVD01,true,https://veritaspub.com/product/2002-06-realizing-the-root-of-consciousness-meditative-and-contemplative-techniques-jun-2002/,https://veritaspub.com/product/2002-06-realizing-the-root-of-consciousness-meditative-and-contemplative-techniques-jun-2002/,proposed_valid,,
23,LS200206_2,Realizing the Root of Consciousness: Meditative and Contemplative Techniques,Realizing the Root of Consciousness: Meditative and Contemplative Techniques (Jun 2002) DVD02,The Way to God,lecture,2002,06,DVD,DVD02,true,https://veritaspub.com/product/2002-06-realizing-the-root-of-consciousness-meditative-and-contemplative-techniques-jun-2002/,https://veritaspub.com/product/2002-06-realizing-the-root-of-consciousness-meditative-and-contemplative-techniques-jun-2002/,proposed_valid,,
24,LS200206_3,Realizing the Root of Consciousness: Meditative and Contemplative Techniques,Realizing the Root of Consciousness: Meditative and Contemplative Techniques (Jun 2002) DVD03,The Way to God,lecture,2002,06,DVD,DVD03,true,https://veritaspub.com/product/2002-06-realizing-the-root-of-consciousness-meditative-and-contemplative-techniques-jun-2002/,https://veritaspub.com/product/2002-06-realizing-the-root-of-consciousness-meditative-and-contemplative-techniques-jun-2002/,proposed_valid,,
25,LS200207_1,The Nature of Divinity vs Religious Fallacy,The Nature of Divinity vs Religious Fallacy (Jul 2002) DVD01,The Way to God,lecture,2002,07,DVD,DVD01,true,https://veritaspub.com/product/2002-07-the-nature-of-divinity-vs-religious-fallacy-jul-2002/,https://veritaspub.com/product/2002-07-the-nature-of-divinity-vs-religious-fallacy-jul-2002/,proposed_valid,,
26,LS200207_2,The Nature of Divinity vs Religious Fallacy,The Nature of Divinity vs Religious Fallacy (Jul 2002) DVD02,The Way to God,lecture,2002,07,DVD,DVD02,true,https://veritaspub.com/product/2002-07-the-nature-of-divinity-vs-religious-fallacy-jul-2002/,https://veritaspub.com/product/2002-07-the-nature-of-divinity-vs-religious-fallacy-jul-2002/,proposed_valid,,
27,LS200207_3,The Nature of Divinity vs Religious Fallacy,The Nature of Divinity vs Religious Fallacy (Jul 2002) DVD03,The Way to God,lecture,2002,07,DVD,DVD03,true,https://veritaspub.com/product/2002-07-the-nature-of-divinity-vs-religious-fallacy-jul-2002/,https://veritaspub.com/product/2002-07-the-nature-of-divinity-vs-religious-fallacy-jul-2002/,proposed_valid,,
28,LS200208_1,Advaita: The Way to God Through Mind,Advaita: The Way to God Through Mind (Aug 2002) DVD01,The Way to God,lecture,2002,08,DVD,DVD01,true,,https://veritaspub.com/product/https://veritaspub.com/product/2002-08-advaita-the-way-to-god-through-mind/,quarantined_malformed,,
29,LS200208_2,Advaita: The Way to God Through Mind,Advaita: The Way to God Through Mind (Aug 2002) DVD02,The Way to God,lecture,2002,08,DVD,DVD02,true,,https://veritaspub.com/product/https://veritaspub.com/product/2002-08-advaita-the-way-to-god-through-mind/,quarantined_malformed,,
30,LS200208_3,Advaita: The Way to God Through Mind,Advaita: The Way to God Through Mind (Aug 2002) DVD03,The Way to God,lecture,2002,08,DVD,DVD03,true,,https://veritaspub.com/product/https://veritaspub.com/product/2002-08-advaita-the-way-to-god-through-mind/,quarantined_malformed,,
31,LS200209_1,Devotion: The Way to God Through the Heart,Devotion: The Way to God Through the Heart (Sep 2002) DVD01,The Way to God,lecture,2002,09,DVD,DVD01,true,https://veritaspub.com/product/2002-09-devotion-the-way-to-god-through-the-heart-sept-2002/,https://veritaspub.com/product/2002-09-devotion-the-way-to-god-through-the-heart-sept-2002/,proposed_valid,,
32,LS200209_2,Devotion: The Way to God Through the Heart,Devotion: The Way to God Through the Heart (Sep 2002) DVD02,The Way to God,lecture,2002,09,DVD,DVD02,true,https://veritaspub.com/product/2002-09-devotion-the-way-to-god-through-the-heart-sept-2002/,https://veritaspub.com/product/2002-09-devotion-the-way-to-god-through-the-heart-sept-2002/,proposed_valid,,
33,LS200209_3,Devotion: The Way to God Through the Heart,Devotion: The Way to God Through the Heart (Sep 2002) DVD03,The Way to God,lecture,2002,09,DVD,DVD03,true,https://veritaspub.com/product/2002-09-devotion-the-way-to-god-through-the-heart-sept-2002/,https://veritaspub.com/product/2002-09-devotion-the-way-to-god-through-the-heart-sept-2002/,proposed_valid,,
34,LS200210_1,Karma and the Afterlife,Karma and the Afterlife (Oct 2002) DVD01,The Way to God,lecture,2002,10,DVD,DVD01,true,https://veritaspub.com/product/2002-10-karma-and-the-afterlife-oct-2002-streaming/,https://veritaspub.com/product/2002-10-karma-and-the-afterlife-oct-2002-streaming/,proposed_valid,,
35,LS200210_2,Karma and the Afterlife,Karma and the Afterlife (Oct 2002) DVD02,The Way to God,lecture,2002,10,DVD,DVD02,true,https://veritaspub.com/product/2002-10-karma-and-the-afterlife-oct-2002-streaming/,https://veritaspub.com/product/2002-10-karma-and-the-afterlife-oct-2002-streaming/,proposed_valid,,
36,LS200210_3,Karma and the Afterlife,Karma and the Afterlife (Oct 2002) DVD03,The Way to God,lecture,2002,10,DVD,DVD03,true,https://veritaspub.com/product/2002-10-karma-and-the-afterlife-oct-2002-streaming/,https://veritaspub.com/product/2002-10-karma-and-the-afterlife-oct-2002-streaming/,proposed_valid,,
37,LS200211_1,God: Transcendent and Immanent,God: Transcendent and Immanent (Nov 2002) DVD01,The Way to God,lecture,2002,11,DVD,DVD01,true,https://veritaspub.com/product/2002-11-god-transcendent-and-immanent-nov-2002/,https://veritaspub.com/product/2002-11-god-transcendent-and-immanent-nov-2002/,proposed_valid,,
38,LS200211_2,God: Transcendent and Immanent,God: Transcendent and Immanent (Nov 2002) DVD02,The Way to God,lecture,2002,11,DVD,DVD02,true,https://veritaspub.com/product/2002-11-god-transcendent-and-immanent-nov-2002/,https://veritaspub.com/product/2002-11-god-transcendent-and-immanent-nov-2002/,proposed_valid,,
39,LS200211_3,God: Transcendent and Immanent,God: Transcendent and Immanent (Nov 2002) DVD03,The Way to God,lecture,2002,11,DVD,DVD03,true,https://veritaspub.com/product/2002-11-god-transcendent-and-immanent-nov-2002/,https://veritaspub.com/product/2002-11-god-transcendent-and-immanent-nov-2002/,proposed_valid,,
40,LS200212_1,Realization of the Self: The Final Moments,Realization of the Self: The Final Moments (Dec 2002) DVD01,The Way to God,lecture,2002,12,DVD,DVD01,true,https://veritaspub.com/product/2002-12-realization-of-the-self-the-final-moments-dec-2002/,https://veritaspub.com/product/2002-12-realization-of-the-self-the-final-moments-dec-2002/,proposed_valid,,
41,LS200212_2,Realization of the Self: The Final Moments,Realization of the Self: The Final Moments (Dec 2002) DVD02,The Way to God,lecture,2002,12,DVD,DVD02,true,https://veritaspub.com/product/2002-12-realization-of-the-self-the-final-moments-dec-2002/,https://veritaspub.com/product/2002-12-realization-of-the-self-the-final-moments-dec-2002/,proposed_valid,,
42,LS200212_3,Realization of the Self: The Final Moments,Realization of the Self: The Final Moments (Dec 2002) DVD03,The Way to God,lecture,2002,12,DVD,DVD03,true,https://veritaspub.com/product/2002-12-realization-of-the-self-the-final-moments-dec-2002/,https://veritaspub.com/product/2002-12-realization-of-the-self-the-final-moments-dec-2002/,proposed_valid,,
46,LS200301_1,Integration of Spirituality and Personal Life,Integration of Spirituality and Personal Life (Feb 2003) DVD01,Devotional Nonduality,lecture,2003,01,DVD,DVD01,true,https://veritaspub.com/product/2003-02-integration-of-spirituality-and-personal-life-feb-2003/,https://veritaspub.com/product/2003-02-integration-of-spirituality-and-personal-life-feb-2003/,proposed_valid,,
47,LS200301_2,Integration of Spirituality and Personal Life,Integration of Spirituality and Personal Life (Feb 2003) DVD02,Devotional Nonduality,lecture,2003,01,DVD,DVD02,true,https://veritaspub.com/product/2003-02-integration-of-spirituality-and-personal-life-feb-2003/,https://veritaspub.com/product/2003-02-integration-of-spirituality-and-personal-life-feb-2003/,proposed_valid,,
48,LS200301_3,Integration of Spirituality and Personal Life,Integration of Spirituality and Personal Life (Feb 2003) DVD03,Devotional Nonduality,lecture,2003,01,DVD,DVD03,true,https://veritaspub.com/product/2003-02-integration-of-spirituality-and-personal-life-feb-2003/,https://veritaspub.com/product/2003-02-integration-of-spirituality-and-personal-life-feb-2003/,proposed_valid,,
49,LS200302_1,Spirituality and the World,Spirituality and the World (Apr 2003) DVD01,Devotional Nonduality,lecture,2003,02,DVD,DVD01,true,https://veritaspub.com/product/2003-04-spirituality-and-the-world-april-2003/,https://veritaspub.com/product/2003-04-spirituality-and-the-world-april-2003/,proposed_valid,,
50,LS200302_2,Spirituality and the World,Spirituality and the World (Apr 2003) DVD02,Devotional Nonduality,lecture,2003,02,DVD,DVD02,true,https://veritaspub.com/product/2003-04-spirituality-and-the-world-april-2003/,https://veritaspub.com/product/2003-04-spirituality-and-the-world-april-2003/,proposed_valid,,
51,LS200302_3,Spirituality and the World,Spirituality and the World (Apr 2003) DVD03,Devotional Nonduality,lecture,2003,02,DVD,DVD03,true,https://veritaspub.com/product/2003-04-spirituality-and-the-world-april-2003/,https://veritaspub.com/product/2003-04-spirituality-and-the-world-april-2003/,proposed_valid,,
52,LS200303_1,Spiritual Community,Spiritual Community (Jun 2003) DVD01,Devotional Nonduality,lecture,2003,03,DVD,DVD01,true,https://veritaspub.com/product/2003-06-spiritual-community-june-2003/,https://veritaspub.com/product/2003-06-spiritual-community-june-2003/,proposed_valid,,
53,LS200303_2,Spiritual Community,Spiritual Community (Jun 2003) DVD02,Devotional Nonduality,lecture,2003,03,DVD,DVD02,true,https://veritaspub.com/product/2003-06-spiritual-community-june-2003/,https://veritaspub.com/product/2003-06-spiritual-community-june-2003/,proposed_valid,,
54,LS200303_3,Spiritual Community,Spiritual Community (Jun 2003) DVD03,Devotional Nonduality,lecture,2003,03,DVD,DVD03,true,https://veritaspub.com/product/2003-06-spiritual-community-june-2003/,https://veritaspub.com/product/2003-06-spiritual-community-june-2003/,proposed_valid,,
55,LS200304_1,Enlightenment,Enlightenment (Aug 2003) DVD01,Devotional Nonduality,lecture,2003,04,DVD,DVD01,true,https://veritaspub.com/product/2003-08-enlightenment-august-2003/,https://veritaspub.com/product/2003-08-enlightenment-august-2003/,proposed_valid,,
56,LS200304_2,Enlightenment,Enlightenment (Aug 2003) DVD02,Devotional Nonduality,lecture,2003,04,DVD,DVD02,true,https://veritaspub.com/product/2003-08-enlightenment-august-2003/,https://veritaspub.com/product/2003-08-enlightenment-august-2003/,proposed_valid,,
57,LS200304_3,Enlightenment,Enlightenment (Aug 2003) DVD03,Devotional Nonduality,lecture,2003,04,DVD,DVD03,true,https://veritaspub.com/product/2003-08-enlightenment-august-2003/,https://veritaspub.com/product/2003-08-enlightenment-august-2003/,proposed_valid,,
58,LS200305_1,Realization of the Self as the 'I',Realization of the Self as the 'I' (Nov 2003) DVD01,Devotional Nonduality,lecture,2003,05,DVD,DVD01,true,https://veritaspub.com/product/2003-11-realization-of-the-self-as-the-i-nov-2003/,https://veritaspub.com/product/2003-11-realization-of-the-self-as-the-i-nov-2003/,proposed_valid,,
59,LS200305_2,Realization of the Self as the 'I',Realization of the Self as the 'I' (Nov 2003) DVD02,Devotional Nonduality,lecture,2003,05,DVD,DVD02,true,https://veritaspub.com/product/2003-11-realization-of-the-self-as-the-i-nov-2003/,https://veritaspub.com/product/2003-11-realization-of-the-self-as-the-i-nov-2003/,proposed_valid,,
60,LS200305_3,Realization of the Self as the 'I',Realization of the Self as the 'I' (Nov 2003) DVD03,Devotional Nonduality,lecture,2003,05,DVD,DVD03,true,https://veritaspub.com/product/2003-11-realization-of-the-self-as-the-i-nov-2003/,https://veritaspub.com/product/2003-11-realization-of-the-self-as-the-i-nov-2003/,proposed_valid,,
61,LS200306_1,"Dialogue, Questions, and Answers","Dialogue, Questions, and Answers (Dec 2003) DVD01",Devotional Nonduality,lecture,2003,06,DVD,DVD01,true,https://veritaspub.com/product/dialogue-questions-and-answers-dec-2003/,https://veritaspub.com/product/dialogue-questions-and-answers-dec-2003/,proposed_valid,,
62,LS200306_2,"Dialogue, Questions, and Answers","Dialogue, Questions, and Answers (Dec 2003) DVD02",Devotional Nonduality,lecture,2003,06,DVD,DVD02,true,https://veritaspub.com/product/dialogue-questions-and-answers-dec-2003/,https://veritaspub.com/product/dialogue-questions-and-answers-dec-2003/,proposed_valid,,
63,LS200306_3,"Dialogue, Questions, and Answers","Dialogue, Questions, and Answers (Dec 2003) DVD03",Devotional Nonduality,lecture,2003,06,DVD,DVD03,true,https://veritaspub.com/product/dialogue-questions-and-answers-dec-2003/,https://veritaspub.com/product/dialogue-questions-and-answers-dec-2003/,proposed_valid,,
66,LS200401_1,Thought and Ideation,Thought and Ideation (Feb 2004) DVD01,Transcending the Mind,lecture,2004,01,DVD,DVD01,true,https://veritaspub.com/product/2004-02-thought-and-ideation-feb-2004/,https://veritaspub.com/product/2004-02-thought-and-ideation-feb-2004/,proposed_valid,,
67,LS200401_2,Thought and Ideation,Thought and Ideation (Feb 2004) DVD02,Transcending the Mind,lecture,2004,01,DVD,DVD02,true,https://veritaspub.com/product/2004-02-thought-and-ideation-feb-2004/,https://veritaspub.com/product/2004-02-thought-and-ideation-feb-2004/,proposed_valid,,
68,LS200401_3,Thought and Ideation,Thought and Ideation (Feb 2004) DVD03,Transcending the Mind,lecture,2004,01,DVD,DVD03,true,https://veritaspub.com/product/2004-02-thought-and-ideation-feb-2004/,https://veritaspub.com/product/2004-02-thought-and-ideation-feb-2004/,proposed_valid,,
69,LS200402_1,Emotions and Sensations,Emotions and Sensations (Apr 2004) DVD01,Transcending the Mind,lecture,2004,02,DVD,DVD01,true,https://veritaspub.com/product/2004-04-emotions-and-sensations-april-2004/,https://veritaspub.com/product/2004-04-emotions-and-sensations-april-2004/,proposed_valid,,
70,LS200402_2,Emotions and Sensations,Emotions and Sensations (Apr 2004) DVD02,Transcending the Mind,lecture,2004,02,DVD,DVD02,true,https://veritaspub.com/product/2004-04-emotions-and-sensations-april-2004/,https://veritaspub.com/product/2004-04-emotions-and-sensations-april-2004/,proposed_valid,,
71,LS200402_3,Emotions and Sensations,Emotions and Sensations (Apr 2004) DVD03,Transcending the Mind,lecture,2004,02,DVD,DVD03,true,https://veritaspub.com/product/2004-04-emotions-and-sensations-april-2004/,https://veritaspub.com/product/2004-04-emotions-and-sensations-april-2004/,proposed_valid,,
72,LS200403_1,Perception and Positionality,Perception and Positionality (Jun 2004) DVD01,Transcending the Mind,lecture,2004,03,DVD,DVD01,true,https://veritaspub.com/product/2004-06-perception-and-positionality-june-2004/,https://veritaspub.com/product/2004-06-perception-and-positionality-june-2004/,proposed_valid,,
73,LS200403_2,Perception and Positionality,Perception and Positionality (Jun 2004) DVD02,Transcending the Mind,lecture,2004,03,DVD,DVD02,true,https://veritaspub.com/product/2004-06-perception-and-positionality-june-2004/,https://veritaspub.com/product/2004-06-perception-and-positionality-june-2004/,proposed_valid,,
74,LS200403_3,Perception and Positionality,Perception and Positionality (Jun 2004) DVD03,Transcending the Mind,lecture,2004,03,DVD,DVD03,true,https://veritaspub.com/product/2004-06-perception-and-positionality-june-2004/,https://veritaspub.com/product/2004-06-perception-and-positionality-june-2004/,proposed_valid,,
75,LS200404_1,Identification and Illusion,Identification and Illusion (Aug 2004) DVD01,Transcending the Mind,lecture,2004,04,DVD,DVD01,true,https://veritaspub.com/product/2004-08-identification-and-illusion-aug-2004/,https://veritaspub.com/product/2004-08-identification-and-illusion-aug-2004/,proposed_valid,,
76,LS200404_2,Identification and Illusion,Identification and Illusion (Aug 2004) DVD02,Transcending the Mind,lecture,2004,04,DVD,DVD02,true,https://veritaspub.com/product/2004-08-identification-and-illusion-aug-2004/,https://veritaspub.com/product/2004-08-identification-and-illusion-aug-2004/,proposed_valid,,
77,LS200404_3,Identification and Illusion,Identification and Illusion (Aug 2004) DVD03,Transcending the Mind,lecture,2004,04,DVD,DVD03,true,https://veritaspub.com/product/2004-08-identification-and-illusion-aug-2004/,https://veritaspub.com/product/2004-08-identification-and-illusion-aug-2004/,proposed_valid,,
78,LS200405_1,Witnessing and Observing,Witnessing and Observing (Oct 2004) DVD01,Transcending the Mind,lecture,2004,05,DVD,DVD01,true,https://veritaspub.com/product/2004-10-witnessing-and-observing-october-2004/,https://veritaspub.com/product/2004-10-witnessing-and-observing-october-2004/,proposed_valid,,
79,LS200405_2,Witnessing and Observing,Witnessing and Observing (Oct 2004) DVD02,Transcending the Mind,lecture,2004,05,DVD,DVD02,true,https://veritaspub.com/product/2004-10-witnessing-and-observing-october-2004/,https://veritaspub.com/product/2004-10-witnessing-and-observing-october-2004/,proposed_valid,,
80,LS200405_3,Witnessing and Observing,Witnessing and Observing (Oct 2004) DVD03,Transcending the Mind,lecture,2004,05,DVD,DVD03,true,https://veritaspub.com/product/2004-10-witnessing-and-observing-october-2004/,https://veritaspub.com/product/2004-10-witnessing-and-observing-october-2004/,proposed_valid,,
81,LS200406_1,The Ego and The Self,The Ego and The Self (Dec 2004) DVD01,Transcending the Mind,lecture,2004,06,DVD,DVD01,true,https://veritaspub.com/product/2004-12-the-ego-and-the-self-december-2004/,https://veritaspub.com/product/2004-12-the-ego-and-the-self-december-2004/,proposed_valid,,
82,LS200406_2,The Ego and The Self,The Ego and The Self (Dec 2004) DVD02,Transcending the Mind,lecture,2004,06,DVD,DVD02,true,https://veritaspub.com/product/2004-12-the-ego-and-the-self-december-2004/,https://veritaspub.com/product/2004-12-the-ego-and-the-self-december-2004/,proposed_valid,,
83,LS200406_3,The Ego and The Self,The Ego and The Self (Dec 2004) DVD03,Transcending the Mind,lecture,2004,06,DVD,DVD03,true,https://veritaspub.com/product/2004-12-the-ego-and-the-self-december-2004/,https://veritaspub.com/product/2004-12-the-ego-and-the-self-december-2004/,proposed_valid,,
85,LS200501_1,Vision,Vision (Feb 2005) DVD01,Nonduality Intensive,lecture,2005,01,DVD,DVD01,true,https://veritaspub.com/product/vision-feb-2005/,https://veritaspub.com/product/vision-feb-2005/,proposed_valid,,
86,LS200501_2,Vision,Vision (Feb 2005) DVD02,Nonduality Intensive,lecture,2005,01,DVD,DVD02,true,https://veritaspub.com/product/vision-feb-2005/,https://veritaspub.com/product/vision-feb-2005/,proposed_valid,,
87,LS200501_3,Vision,Vision (Feb 2005) DVD03,Nonduality Intensive,lecture,2005,01,DVD,DVD03,true,https://veritaspub.com/product/vision-feb-2005/,https://veritaspub.com/product/vision-feb-2005/,proposed_valid,,
88,LS200502_1,Alignment,Alignment (Apr 2005) DVD01,Nonduality Intensive,lecture,2005,02,DVD,DVD01,true,https://veritaspub.com/product/2005-04-alignment-apr-2005/,https://veritaspub.com/product/2005-04-alignment-apr-2005/,proposed_valid,,
89,LS200502_2,Alignment,Alignment (Apr 2005) DVD02,Nonduality Intensive,lecture,2005,02,DVD,DVD02,true,https://veritaspub.com/product/2005-04-alignment-apr-2005/,https://veritaspub.com/product/2005-04-alignment-apr-2005/,proposed_valid,,
90,LS200502_3,Alignment,Alignment (Apr 2005) DVD03,Nonduality Intensive,lecture,2005,02,DVD,DVD03,true,https://veritaspub.com/product/2005-04-alignment-apr-2005/,https://veritaspub.com/product/2005-04-alignment-apr-2005/,proposed_valid,,
91,LS200503_1,Intention,Intention (May 2005) DVD01,Nonduality Intensive,lecture,2005,03,DVD,DVD01,true,https://veritaspub.com/product/2005-05-intention-may-2005/,https://veritaspub.com/product/2005-05-intention-may-2005/,proposed_valid,,
92,LS200503_2,Intention,Intention (May 2005) DVD02,Nonduality Intensive,lecture,2005,03,DVD,DVD02,true,https://veritaspub.com/product/2005-05-intention-may-2005/,https://veritaspub.com/product/2005-05-intention-may-2005/,proposed_valid,,
93,LS200503_3,Intention,Intention (May 2005) DVD03,Nonduality Intensive,lecture,2005,03,DVD,DVD03,true,https://veritaspub.com/product/2005-05-intention-may-2005/,https://veritaspub.com/product/2005-05-intention-may-2005/,proposed_valid,,
94,LS200504_1,Transcending Barriers,Transcending Barriers (Jun 2005) DVD01,Nonduality Intensive,lecture,2005,04,DVD,DVD01,true,https://veritaspub.com/product/2005-06-transcending-barriers-june-2005/,https://veritaspub.com/product/2005-06-transcending-barriers-june-2005/,proposed_valid,,
95,LS200504_2,Transcending Barriers,Transcending Barriers (Jun 2005) DVD02,Nonduality Intensive,lecture,2005,04,DVD,DVD02,true,https://veritaspub.com/product/2005-06-transcending-barriers-june-2005/,https://veritaspub.com/product/2005-06-transcending-barriers-june-2005/,proposed_valid,,
96,LS200504_3,Transcending Barriers,Transcending Barriers (Jun 2005) DVD03,Nonduality Intensive,lecture,2005,04,DVD,DVD03,true,https://veritaspub.com/product/2005-06-transcending-barriers-june-2005/,https://veritaspub.com/product/2005-06-transcending-barriers-june-2005/,proposed_valid,,
97,LS200505_1,Conviction,Conviction (Jul 2005) DVD01,Nonduality Intensive,lecture,2005,05,DVD,DVD01,true,https://veritaspub.com/product/2005-07-conviction-july-2005/,https://veritaspub.com/product/2005-07-conviction-july-2005/,proposed_valid,,
98,LS200505_2,Conviction,Conviction (Jul 2005) DVD02,Nonduality Intensive,lecture,2005,05,DVD,DVD02,true,https://veritaspub.com/product/2005-07-conviction-july-2005/,https://veritaspub.com/product/2005-07-conviction-july-2005/,proposed_valid,,
99,LS200505_3,Conviction,Conviction (Jul 2005) DVD03,Nonduality Intensive,lecture,2005,05,DVD,DVD03,true,https://veritaspub.com/product/2005-07-conviction-july-2005/,https://veritaspub.com/product/2005-07-conviction-july-2005/,proposed_valid,,
100,LS200506_1,Serenity,Serenity (Aug 2005) DVD01,Nonduality Intensive,lecture,2005,06,DVD,DVD01,true,https://veritaspub.com/product/2005-08-serenity-august-2005/,https://veritaspub.com/product/2005-08-serenity-august-2005/,proposed_valid,,
101,LS200506_2,Serenity,Serenity (Aug 2005) DVD02,Nonduality Intensive,lecture,2005,06,DVD,DVD02,true,https://veritaspub.com/product/2005-08-serenity-august-2005/,https://veritaspub.com/product/2005-08-serenity-august-2005/,proposed_valid,,
102,LS200506_3,Serenity,Serenity (Aug 2005) DVD03,Nonduality Intensive,lecture,2005,06,DVD,DVD03,true,https://veritaspub.com/product/2005-08-serenity-august-2005/,https://veritaspub.com/product/2005-08-serenity-august-2005/,proposed_valid,,
103,LS200507_1,Transcending Obstacles,Transcending Obstacles (Sep 2005) DVD01,Nonduality Intensive,lecture,2005,07,DVD,DVD01,true,https://veritaspub.com/product/2005-09-transcending-obstacles-sept-2005/,https://veritaspub.com/product/2005-09-transcending-obstacles-sept-2005/,proposed_valid,,
104,LS200507_2,Transcending Obstacles,Transcending Obstacles (Sep 2005) DVD02,Nonduality Intensive,lecture,2005,07,DVD,DVD02,true,https://veritaspub.com/product/2005-09-transcending-obstacles-sept-2005/,https://veritaspub.com/product/2005-09-transcending-obstacles-sept-2005/,proposed_valid,,
105,LS200507_3,Transcending Obstacles,Transcending Obstacles (Sep 2005) DVD03,Nonduality Intensive,lecture,2005,07,DVD,DVD03,true,https://veritaspub.com/product/2005-09-transcending-obstacles-sept-2005/,https://veritaspub.com/product/2005-09-transcending-obstacles-sept-2005/,proposed_valid,,
106,LS200508_1,Spiritual Traps,Spiritual Traps (Oct 2005) DVD01,Nonduality Intensive,lecture,2005,08,DVD,DVD01,true,https://veritaspub.com/product/2005-10-spiritual-traps-october-2005/,https://veritaspub.com/product/2005-10-spiritual-traps-october-2005/,proposed_valid,,
107,LS200508_2,Spiritual Traps,Spiritual Traps (Oct 2005) DVD02,Nonduality Intensive,lecture,2005,08,DVD,DVD02,true,https://veritaspub.com/product/2005-10-spiritual-traps-october-2005/,https://veritaspub.com/product/2005-10-spiritual-traps-october-2005/,proposed_valid,,
108,LS200508_3,Spiritual Traps,Spiritual Traps (Oct 2005) DVD03,Nonduality Intensive,lecture,2005,08,DVD,DVD03,true,https://veritaspub.com/product/2005-10-spiritual-traps-october-2005/,https://veritaspub.com/product/2005-10-spiritual-traps-october-2005/,proposed_valid,,
109,LS200509_1,Valid Teachers and Teachings,Valid Teachers and Teachings (Nov 2005) DVD01,Nonduality Intensive,lecture,2005,09,DVD,DVD01,true,https://veritaspub.com/product/2005-11-valid-teachers-and-teachings-nov-2005/,https://veritaspub.com/product/2005-11-valid-teachers-and-teachings-nov-2005/,proposed_valid,,
110,LS200509_2,Valid Teachers and Teachings,Valid Teachers and Teachings (Nov 2005) DVD02,Nonduality Intensive,lecture,2005,09,DVD,DVD02,true,https://veritaspub.com/product/2005-11-valid-teachers-and-teachings-nov-2005/,https://veritaspub.com/product/2005-11-valid-teachers-and-teachings-nov-2005/,proposed_valid,,
111,LS200509_3,Valid Teachers and Teachings,Valid Teachers and Teachings (Nov 2005) DVD03,Nonduality Intensive,lecture,2005,09,DVD,DVD03,true,https://veritaspub.com/product/2005-11-valid-teachers-and-teachings-nov-2005/,https://veritaspub.com/product/2005-11-valid-teachers-and-teachings-nov-2005/,proposed_valid,,
112,LS200510_1,"God, Religion, and Spirituality","God, Religion, and Spirituality (Dec 2005) DVD01",Nonduality Intensive,lecture,2005,10,DVD,DVD01,true,https://veritaspub.com/product/2005-12-god-religion-and-spirituality-dec-2005/,https://veritaspub.com/product/2005-12-god-religion-and-spirituality-dec-2005/,proposed_valid,,
113,LS200510_2,"God, Religion, and Spirituality","God, Religion, and Spirituality (Dec 2005) DVD02",Nonduality Intensive,lecture,2005,10,DVD,DVD02,true,https://veritaspub.com/product/2005-12-god-religion-and-spirituality-dec-2005/,https://veritaspub.com/product/2005-12-god-religion-and-spirituality-dec-2005/,proposed_valid,,
114,LS200510_3,"God, Religion, and Spirituality","God, Religion, and Spirituality (Dec 2005) DVD03",Nonduality Intensive,lecture,2005,10,DVD,DVD03,true,https://veritaspub.com/product/2005-12-god-religion-and-spirituality-dec-2005/,https://veritaspub.com/product/2005-12-god-religion-and-spirituality-dec-2005/,proposed_valid,,
116,LS200601_1,Experiential Reality,Experiential Reality (Feb 2006) DVD01,Transcending Levels of Consciousness,lecture,2006,01,DVD,DVD01,true,https://veritaspub.com/product/2006-02-experiential-reality-feb-2006/,https://veritaspub.com/product/2006-02-experiential-reality-feb-2006/,proposed_valid,,
117,LS200601_2,Experiential Reality,Experiential Reality (Feb 2006) DVD02,Transcending Levels of Consciousness,lecture,2006,01,DVD,DVD02,true,https://veritaspub.com/product/2006-02-experiential-reality-feb-2006/,https://veritaspub.com/product/2006-02-experiential-reality-feb-2006/,proposed_valid,,
118,LS200601_3,Experiential Reality,Experiential Reality (Feb 2006) DVD03,Transcending Levels of Consciousness,lecture,2006,01,DVD,DVD03,true,https://veritaspub.com/product/2006-02-experiential-reality-feb-2006/,https://veritaspub.com/product/2006-02-experiential-reality-feb-2006/,proposed_valid,,
119,LS200602_1,Perception vs Essence,Perception vs Essence (Apr 2006) DVD01,Transcending Levels of Consciousness,lecture,2006,02,DVD,DVD01,true,https://veritaspub.com/product/2006-04-perception-vs-essence-april-2006/,https://veritaspub.com/product/2006-04-perception-vs-essence-april-2006/,proposed_valid,,
120,LS200602_2,Perception vs Essence,Perception vs Essence (Apr 2006) DVD02,Transcending Levels of Consciousness,lecture,2006,02,DVD,DVD02,true,https://veritaspub.com/product/2006-04-perception-vs-essence-april-2006/,https://veritaspub.com/product/2006-04-perception-vs-essence-april-2006/,proposed_valid,,
121,LS200602_3,Perception vs Essence,Perception vs Essence (Apr 2006) DVD03,Transcending Levels of Consciousness,lecture,2006,02,DVD,DVD03,true,https://veritaspub.com/product/2006-04-perception-vs-essence-april-2006/,https://veritaspub.com/product/2006-04-perception-vs-essence-april-2006/,proposed_valid,,
122,LS200603_1,Spiritual Truth vs. Spiritual Fantasy,Spiritual Truth vs. Spiritual Fantasy (Jun 2006) DVD01,Transcending Levels of Consciousness,lecture,2006,03,DVD,DVD01,true,https://veritaspub.com/product/2006-06-spiritual-truth-vs-spiritual-fantasy-june-2006/,https://veritaspub.com/product/2006-06-spiritual-truth-vs-spiritual-fantasy-june-2006/,proposed_valid,,
123,LS200603_2,Spiritual Truth vs. Spiritual Fantasy,Spiritual Truth vs. Spiritual Fantasy (Jun 2006) DVD02,Transcending Levels of Consciousness,lecture,2006,03,DVD,DVD02,true,https://veritaspub.com/product/2006-06-spiritual-truth-vs-spiritual-fantasy-june-2006/,https://veritaspub.com/product/2006-06-spiritual-truth-vs-spiritual-fantasy-june-2006/,proposed_valid,,
124,LS200603_3,Spiritual Truth vs. Spiritual Fantasy,Spiritual Truth vs. Spiritual Fantasy (Jun 2006) DVD03,Transcending Levels of Consciousness,lecture,2006,03,DVD,DVD03,true,https://veritaspub.com/product/2006-06-spiritual-truth-vs-spiritual-fantasy-june-2006/,https://veritaspub.com/product/2006-06-spiritual-truth-vs-spiritual-fantasy-june-2006/,proposed_valid,,
125,LS200604_1,Reason vs Truth,Reason vs Truth (Aug 2006) DVD01,Transcending Levels of Consciousness,lecture,2006,04,DVD,DVD01,true,https://veritaspub.com/product/2006-08-reason-vs-truth-aug-2006/,https://veritaspub.com/product/2006-08-reason-vs-truth-aug-2006/,proposed_valid,,
126,LS200604_2,Reason vs Truth,Reason vs Truth (Aug 2006) DVD02,Transcending Levels of Consciousness,lecture,2006,04,DVD,DVD02,true,https://veritaspub.com/product/2006-08-reason-vs-truth-aug-2006/,https://veritaspub.com/product/2006-08-reason-vs-truth-aug-2006/,proposed_valid,,
127,LS200604_3,Reason vs Truth,Reason vs Truth (Aug 2006) DVD03,Transcending Levels of Consciousness,lecture,2006,04,DVD,DVD03,true,https://veritaspub.com/product/2006-08-reason-vs-truth-aug-2006/,https://veritaspub.com/product/2006-08-reason-vs-truth-aug-2006/,proposed_valid,,
128,LS200605_1,A Review of the Work,A Review of the Work (Sep 2006) DVD01,Transcending Levels of Consciousness,lecture,2006,05,DVD,DVD01,true,https://veritaspub.com/product/2006-09-a-review-of-the-work-sept-2006/,https://veritaspub.com/product/2006-09-a-review-of-the-work-sept-2006/,proposed_valid,,
129,LS200605_2,A Review of the Work,A Review of the Work (Sep 2006) DVD02,Transcending Levels of Consciousness,lecture,2006,05,DVD,DVD02,true,https://veritaspub.com/product/2006-09-a-review-of-the-work-sept-2006/,https://veritaspub.com/product/2006-09-a-review-of-the-work-sept-2006/,proposed_valid,,
130,LS200605_3,A Review of the Work,A Review of the Work (Sep 2006) DVD03,Transcending Levels of Consciousness,lecture,2006,05,DVD,DVD03,true,https://veritaspub.com/product/2006-09-a-review-of-the-work-sept-2006/,https://veritaspub.com/product/2006-09-a-review-of-the-work-sept-2006/,proposed_valid,,
131,LS200606_1,Spiritual Practice and Daily Life,Spiritual Practice and Daily Life (Oct 2006) DVD01,Transcending Levels of Consciousness,lecture,2006,06,DVD,DVD01,true,https://veritaspub.com/product/2006-10-spiritual-practice-and-daily-life-oct-2006/,https://veritaspub.com/product/2006-10-spiritual-practice-and-daily-life-oct-2006/,proposed_valid,,
132,LS200606_2,Spiritual Practice and Daily Life,Spiritual Practice and Daily Life (Oct 2006) DVD02,Transcending Levels of Consciousness,lecture,2006,06,DVD,DVD02,true,https://veritaspub.com/product/2006-10-spiritual-practice-and-daily-life-oct-2006/,https://veritaspub.com/product/2006-10-spiritual-practice-and-daily-life-oct-2006/,proposed_valid,,
133,LS200606_3,Spiritual Practice and Daily Life,Spiritual Practice and Daily Life (Oct 2006) DVD03,Transcending Levels of Consciousness,lecture,2006,06,DVD,DVD03,true,https://veritaspub.com/product/2006-10-spiritual-practice-and-daily-life-oct-2006/,https://veritaspub.com/product/2006-10-spiritual-practice-and-daily-life-oct-2006/,proposed_valid,,
134,LS200607_1,Live Your Life Like a Prayer,Live Your Life Like a Prayer (Nov 2006) DVD01,Transcending Levels of Consciousness,lecture,2006,07,DVD,DVD01,true,https://veritaspub.com/product/2006-11-live-your-life-like-a-prayer-nov-2006/,https://veritaspub.com/product/2006-11-live-your-life-like-a-prayer-nov-2006/,proposed_valid,,
135,LS200607_2,Live Your Life Like a Prayer,Live Your Life Like a Prayer (Nov 2006) DVD02,Transcending Levels of Consciousness,lecture,2006,07,DVD,DVD02,true,https://veritaspub.com/product/2006-11-live-your-life-like-a-prayer-nov-2006/,https://veritaspub.com/product/2006-11-live-your-life-like-a-prayer-nov-2006/,proposed_valid,,
136,LS200607_3,Live Your Life Like a Prayer,Live Your Life Like a Prayer (Nov 2006) DVD03,Transcending Levels of Consciousness,lecture,2006,07,DVD,DVD03,true,https://veritaspub.com/product/2006-11-live-your-life-like-a-prayer-nov-2006/,https://veritaspub.com/product/2006-11-live-your-life-like-a-prayer-nov-2006/,proposed_valid,,
137,LS200608_1,Is the Miraculous Real?,Is the Miraculous Real? (Dec 2006) DVD01,Transcending Levels of Consciousness,lecture,2006,08,DVD,DVD01,true,https://veritaspub.com/product/2006-12-is-the-miraculous-real-dec-2006/,https://veritaspub.com/product/2006-12-is-the-miraculous-real-dec-2006/,proposed_valid,,
138,LS200608_2,Is the Miraculous Real?,Is the Miraculous Real? (Dec 2006) DVD02,Transcending Levels of Consciousness,lecture,2006,08,DVD,DVD02,true,https://veritaspub.com/product/2006-12-is-the-miraculous-real-dec-2006/,https://veritaspub.com/product/2006-12-is-the-miraculous-real-dec-2006/,proposed_valid,,
139,LS200608_3,Is the Miraculous Real?,Is the Miraculous Real? (Dec 2006) DVD03,Transcending Levels of Consciousness,lecture,2006,08,DVD,DVD03,true,https://veritaspub.com/product/2006-12-is-the-miraculous-real-dec-2006/,https://veritaspub.com/product/2006-12-is-the-miraculous-real-dec-2006/,proposed_valid,,
141,LS200701_1,God vs Science: Limits of the Mind,God vs Science: Limits of the Mind (Feb 2007) DVD01,Spiritual Reality & Modern Man,lecture,2007,01,DVD,DVD01,true,https://veritaspub.com/product/2007-02-god-vs-science-limits-of-the-mind-feb-2007/,https://veritaspub.com/product/2007-02-god-vs-science-limits-of-the-mind-feb-2007/,proposed_valid,,
142,LS200701_2,God vs Science: Limits of the Mind,God vs Science: Limits of the Mind (Feb 2007) DVD02,Spiritual Reality & Modern Man,lecture,2007,01,DVD,DVD02,true,https://veritaspub.com/product/2007-02-god-vs-science-limits-of-the-mind-feb-2007/,https://veritaspub.com/product/2007-02-god-vs-science-limits-of-the-mind-feb-2007/,proposed_valid,,
143,LS200701_3,God vs Science: Limits of the Mind,God vs Science: Limits of the Mind (Feb 2007) DVD03,Spiritual Reality & Modern Man,lecture,2007,01,DVD,DVD03,true,https://veritaspub.com/product/2007-02-god-vs-science-limits-of-the-mind-feb-2007/,https://veritaspub.com/product/2007-02-god-vs-science-limits-of-the-mind-feb-2007/,proposed_valid,,
144,LS200702_1,Relativism vs Reality,Relativism vs Reality (Apr 2007) DVD01,Spiritual Reality & Modern Man,lecture,2007,02,DVD,DVD01,true,,,missing,,
145,LS200702_2,Relativism vs Reality,Relativism vs Reality (Apr 2007) DVD02,Spiritual Reality & Modern Man,lecture,2007,02,DVD,DVD02,true,,,missing,,
146,LS200702_3,Relativism vs Reality,Relativism vs Reality (Apr 2007) DVD03,Spiritual Reality & Modern Man,lecture,2007,02,DVD,DVD03,true,,,missing,,
147,LS200703_1,What is 'Real'?,What is 'Real'? (Jun 2007) DVD01,Spiritual Reality & Modern Man,lecture,2007,03,DVD,DVD01,true,https://veritaspub.com/product/2007-06-what-is-real-june-2007/,https://veritaspub.com/product/2007-06-what-is-real-june-2007/,proposed_valid,,
148,LS200703_2,What is 'Real'?,What is 'Real'? (Jun 2007) DVD02,Spiritual Reality & Modern Man,lecture,2007,03,DVD,DVD02,true,https://veritaspub.com/product/2007-06-what-is-real-june-2007/,https://veritaspub.com/product/2007-06-what-is-real-june-2007/,proposed_valid,,
149,LS200703_3,What is 'Real'?,What is 'Real'? (Jun 2007) DVD03,Spiritual Reality & Modern Man,lecture,2007,03,DVD,DVD03,true,https://veritaspub.com/product/2007-06-what-is-real-june-2007/,https://veritaspub.com/product/2007-06-what-is-real-june-2007/,proposed_valid,,
150,LS200704_1,What is Truth? The Absolute,What is Truth? The Absolute (Jul 2007) DVD01,Spiritual Reality & Modern Man,lecture,2007,04,DVD,DVD01,true,https://veritaspub.com/product/2007-07-what-is-truth-the-absolute-july-2007/,https://veritaspub.com/product/2007-07-what-is-truth-the-absolute-july-2007/,proposed_valid,,
151,LS200704_2,What is Truth? The Absolute,What is Truth? The Absolute (Jul 2007) DVD02,Spiritual Reality & Modern Man,lecture,2007,04,DVD,DVD02,true,https://veritaspub.com/product/2007-07-what-is-truth-the-absolute-july-2007/,https://veritaspub.com/product/2007-07-what-is-truth-the-absolute-july-2007/,proposed_valid,,
152,LS200704_3,What is Truth? The Absolute,What is Truth? The Absolute (Jul 2007) DVD03,Spiritual Reality & Modern Man,lecture,2007,04,DVD,DVD03,true,https://veritaspub.com/product/2007-07-what-is-truth-the-absolute-july-2007/,https://veritaspub.com/product/2007-07-what-is-truth-the-absolute-july-2007/,proposed_valid,,
153,LS200705_1,The Human Dilemma,The Human Dilemma (Aug 2007) DVD01,Spiritual Reality & Modern Man,lecture,2007,05,DVD,DVD01,true,https://veritaspub.com/product/2007-08-the-human-dilemma-aug-2007/,https://veritaspub.com/product/2007-08-the-human-dilemma-aug-2007/,proposed_valid,,
154,LS200705_2,The Human Dilemma,The Human Dilemma (Aug 2007) DVD02,Spiritual Reality & Modern Man,lecture,2007,05,DVD,DVD02,true,https://veritaspub.com/product/2007-08-the-human-dilemma-aug-2007/,https://veritaspub.com/product/2007-08-the-human-dilemma-aug-2007/,proposed_valid,,
155,LS200705_3,The Human Dilemma,The Human Dilemma (Aug 2007) DVD03,Spiritual Reality & Modern Man,lecture,2007,05,DVD,DVD03,true,https://veritaspub.com/product/2007-08-the-human-dilemma-aug-2007/,https://veritaspub.com/product/2007-08-the-human-dilemma-aug-2007/,proposed_valid,,
156,LS200706_1,A Review of the Work,A Review of the Work (Sep 2007) DVD01,Spiritual Reality & Modern Man,lecture,2007,06,DVD,DVD01,true,https://veritaspub.com/product/2007-09-a-review-of-the-work/,https://veritaspub.com/product/2007-09-a-review-of-the-work/,proposed_valid,,
157,LS200706_2,A Review of the Work,A Review of the Work (Sep 2007) DVD02,Spiritual Reality & Modern Man,lecture,2007,06,DVD,DVD02,true,https://veritaspub.com/product/2007-09-a-review-of-the-work/,https://veritaspub.com/product/2007-09-a-review-of-the-work/,proposed_valid,,
158,LS200706_3,A Review of the Work,A Review of the Work (Sep 2007) DVD03,Spiritual Reality & Modern Man,lecture,2007,06,DVD,DVD03,true,https://veritaspub.com/product/2007-09-a-review-of-the-work/,https://veritaspub.com/product/2007-09-a-review-of-the-work/,proposed_valid,,
159,LS200707_1,Creation vs Evolution,Creation vs Evolution (Oct 2007) DVD01,Spiritual Reality & Modern Man,lecture,2007,07,DVD,DVD01,true,https://veritaspub.com/product/2007-10-creation-vs-evolution-2007-oct/,https://veritaspub.com/product/2007-10-creation-vs-evolution-2007-oct/,proposed_valid,,
160,LS200707_2,Creation vs Evolution,Creation vs Evolution (Oct 2007) DVD02,Spiritual Reality & Modern Man,lecture,2007,07,DVD,DVD02,true,https://veritaspub.com/product/2007-10-creation-vs-evolution-2007-oct/,https://veritaspub.com/product/2007-10-creation-vs-evolution-2007-oct/,proposed_valid,,
161,LS200707_3,Creation vs Evolution,Creation vs Evolution (Oct 2007) DVD03,Spiritual Reality & Modern Man,lecture,2007,07,DVD,DVD03,true,https://veritaspub.com/product/2007-10-creation-vs-evolution-2007-oct/,https://veritaspub.com/product/2007-10-creation-vs-evolution-2007-oct/,proposed_valid,,
162,LS200708_1,Spiritual Survival: Realization of Reality,Spiritual Survival: Realization of Reality (Nov 2007) DVD01,Spiritual Reality & Modern Man,lecture,2007,08,DVD,DVD01,true,https://veritaspub.com/product/2007-11-spiritual-survival-realization-of-reality-nov-2007/,https://veritaspub.com/product/2007-11-spiritual-survival-realization-of-reality-nov-2007/,proposed_valid,,
163,LS200708_2,Spiritual Survival: Realization of Reality,Spiritual Survival: Realization of Reality (Nov 2007) DVD02,Spiritual Reality & Modern Man,lecture,2007,08,DVD,DVD02,true,https://veritaspub.com/product/2007-11-spiritual-survival-realization-of-reality-nov-2007/,https://veritaspub.com/product/2007-11-spiritual-survival-realization-of-reality-nov-2007/,proposed_valid,,
164,LS200708_3,Spiritual Survival: Realization of Reality,Spiritual Survival: Realization of Reality (Nov 2007) DVD03,Spiritual Reality & Modern Man,lecture,2007,08,DVD,DVD03,true,https://veritaspub.com/product/2007-11-spiritual-survival-realization-of-reality-nov-2007/,https://veritaspub.com/product/2007-11-spiritual-survival-realization-of-reality-nov-2007/,proposed_valid,,
165,LS200709_1,Experiential Reality: The Mystic,Experiential Reality: The Mystic (Dec 2007) DVD01,Spiritual Reality & Modern Man,lecture,2007,09,DVD,DVD01,true,https://veritaspub.com/product/2007-12-experiential-reality-the-mystic-dec-2007/,https://veritaspub.com/product/2007-12-experiential-reality-the-mystic-dec-2007/,proposed_valid,,
166,LS200709_2,Experiential Reality: The Mystic,Experiential Reality: The Mystic (Dec 2007) DVD02,Spiritual Reality & Modern Man,lecture,2007,09,DVD,DVD02,true,https://veritaspub.com/product/2007-12-experiential-reality-the-mystic-dec-2007/,https://veritaspub.com/product/2007-12-experiential-reality-the-mystic-dec-2007/,proposed_valid,,
167,LS200709_3,Experiential Reality: The Mystic,Experiential Reality: The Mystic (Dec 2007) DVD03,Spiritual Reality & Modern Man,lecture,2007,09,DVD,DVD03,true,https://veritaspub.com/product/2007-12-experiential-reality-the-mystic-dec-2007/,https://veritaspub.com/product/2007-12-experiential-reality-the-mystic-dec-2007/,proposed_valid,,
169,LS200801_1,Spirituality: Reason and Faith,Spirituality: Reason and Faith (Jan 2008) DVD01,Advanced Spiritual Awareness,lecture,2008,01,DVD,DVD01,true,https://veritaspub.com/product/2008-01-spirituality-reason-and-faith-jan-2008/,https://veritaspub.com/product/2008-01-spirituality-reason-and-faith-jan-2008/,proposed_valid,,
170,LS200801_2,Spirituality: Reason and Faith,Spirituality: Reason and Faith (Jan 2008) DVD02,Advanced Spiritual Awareness,lecture,2008,01,DVD,DVD02,true,https://veritaspub.com/product/2008-01-spirituality-reason-and-faith-jan-2008/,https://veritaspub.com/product/2008-01-spirituality-reason-and-faith-jan-2008/,proposed_valid,,
171,LS200801_3,Spirituality: Reason and Faith,Spirituality: Reason and Faith (Jan 2008) DVD03,Advanced Spiritual Awareness,lecture,2008,01,DVD,DVD03,true,https://veritaspub.com/product/2008-01-spirituality-reason-and-faith-jan-2008/,https://veritaspub.com/product/2008-01-spirituality-reason-and-faith-jan-2008/,proposed_valid,,
172,LS200802_1,The Clear Pathway to Enlightenment,The Clear Pathway to Enlightenment (Mar 2008) DVD01,Advanced Spiritual Awareness,lecture,2008,02,DVD,DVD01,true,https://veritaspub.com/product/2008-03-the-clear-pathway-to-enlightenment-march-2008/,https://veritaspub.com/product/2008-03-the-clear-pathway-to-enlightenment-march-2008/,proposed_valid,,
173,LS200802_2,The Clear Pathway to Enlightenment,The Clear Pathway to Enlightenment (Mar 2008) DVD02,Advanced Spiritual Awareness,lecture,2008,02,DVD,DVD02,true,https://veritaspub.com/product/2008-03-the-clear-pathway-to-enlightenment-march-2008/,https://veritaspub.com/product/2008-03-the-clear-pathway-to-enlightenment-march-2008/,proposed_valid,,
174,LS200802_3,The Clear Pathway to Enlightenment,The Clear Pathway to Enlightenment (Mar 2008) DVD03,Advanced Spiritual Awareness,lecture,2008,02,DVD,DVD03,true,https://veritaspub.com/product/2008-03-the-clear-pathway-to-enlightenment-march-2008/,https://veritaspub.com/product/2008-03-the-clear-pathway-to-enlightenment-march-2008/,proposed_valid,,
175,LS200803_1,"Belief, Trust and Credibility","Belief, Trust and Credibility (Jun 2008) DVD01",Advanced Spiritual Awareness,lecture,2008,03,DVD,DVD01,true,https://veritaspub.com/product/2008-06-belief-trust-and-credibility-june-2008/,https://veritaspub.com/product/2008-06-belief-trust-and-credibility-june-2008/,proposed_valid,,
176,LS200803_2,"Belief, Trust and Credibility","Belief, Trust and Credibility (Jun 2008) DVD02",Advanced Spiritual Awareness,lecture,2008,03,DVD,DVD02,true,https://veritaspub.com/product/2008-06-belief-trust-and-credibility-june-2008/,https://veritaspub.com/product/2008-06-belief-trust-and-credibility-june-2008/,proposed_valid,,
177,LS200803_3,"Belief, Trust and Credibility","Belief, Trust and Credibility (Jun 2008) DVD03",Advanced Spiritual Awareness,lecture,2008,03,DVD,DVD03,true,https://veritaspub.com/product/2008-06-belief-trust-and-credibility-june-2008/,https://veritaspub.com/product/2008-06-belief-trust-and-credibility-june-2008/,proposed_valid,,
178,LS200804_1,"Overcoming Doubt, Skepticism & Disbelief","Overcoming Doubt, Skepticism & Disbelief (Aug 2008) DVD01",Advanced Spiritual Awareness,lecture,2008,04,DVD,DVD01,true,https://veritaspub.com/product/2008-08-overcoming-doubt-skepticism-disbelief-aug-2008/,https://veritaspub.com/product/2008-08-overcoming-doubt-skepticism-disbelief-aug-2008/,proposed_valid,,
179,LS200804_2,"Overcoming Doubt, Skepticism & Disbelief","Overcoming Doubt, Skepticism & Disbelief (Aug 2008) DVD02",Advanced Spiritual Awareness,lecture,2008,04,DVD,DVD02,true,https://veritaspub.com/product/2008-08-overcoming-doubt-skepticism-disbelief-aug-2008/,https://veritaspub.com/product/2008-08-overcoming-doubt-skepticism-disbelief-aug-2008/,proposed_valid,,
180,LS200804_3,"Overcoming Doubt, Skepticism & Disbelief","Overcoming Doubt, Skepticism & Disbelief (Aug 2008) DVD03",Advanced Spiritual Awareness,lecture,2008,04,DVD,DVD03,true,https://veritaspub.com/product/2008-08-overcoming-doubt-skepticism-disbelief-aug-2008/,https://veritaspub.com/product/2008-08-overcoming-doubt-skepticism-disbelief-aug-2008/,proposed_valid,,
181,LS200805_1,Practical Spirituality,Practical Spirituality (Oct 2008) DVD01,Advanced Spiritual Awareness,lecture,2008,05,DVD,DVD01,true,https://veritaspub.com/product/2008-10-practical-spirituality-oct-2008/,https://veritaspub.com/product/2008-10-practical-spirituality-oct-2008/,proposed_valid,,
182,LS200805_2,Practical Spirituality,Practical Spirituality (Oct 2008) DVD02,Advanced Spiritual Awareness,lecture,2008,05,DVD,DVD02,true,https://veritaspub.com/product/2008-10-practical-spirituality-oct-2008/,https://veritaspub.com/product/2008-10-practical-spirituality-oct-2008/,proposed_valid,,
183,LS200805_3,Practical Spirituality,Practical Spirituality (Oct 2008) DVD03,Advanced Spiritual Awareness,lecture,2008,05,DVD,DVD03,true,https://veritaspub.com/product/2008-10-practical-spirituality-oct-2008/,https://veritaspub.com/product/2008-10-practical-spirituality-oct-2008/,proposed_valid,,
184,LS200806_1,Freedom: Morality and Ethics,Freedom: Morality and Ethics (Nov 2008) DVD01,Advanced Spiritual Awareness,lecture,2008,06,DVD,DVD01,true,https://veritaspub.com/product/2008-11-freedom-morality-and-ethics-nov-2008/,https://veritaspub.com/product/2008-11-freedom-morality-and-ethics-nov-2008/,proposed_valid,,
185,LS200806_2,Freedom: Morality and Ethics,Freedom: Morality and Ethics (Nov 2008) DVD02,Advanced Spiritual Awareness,lecture,2008,06,DVD,DVD02,true,https://veritaspub.com/product/2008-11-freedom-morality-and-ethics-nov-2008/,https://veritaspub.com/product/2008-11-freedom-morality-and-ethics-nov-2008/,proposed_valid,,
186,LS200806_3,Freedom: Morality and Ethics,Freedom: Morality and Ethics (Nov 2008) DVD03,Advanced Spiritual Awareness,lecture,2008,06,DVD,DVD03,true,https://veritaspub.com/product/2008-11-freedom-morality-and-ethics-nov-2008/,https://veritaspub.com/product/2008-11-freedom-morality-and-ethics-nov-2008/,proposed_valid,,
187,LS200807_1,A Unique Sedona Seminar,A Unique Sedona Seminar (Dec 2008) DVD01,Advanced Spiritual Awareness,lecture,2008,07,DVD,DVD01,true,https://veritaspub.com/product/2008-12-a-unique-sedona-seminar-dec-2008/,https://veritaspub.com/product/2008-12-a-unique-sedona-seminar-dec-2008/,proposed_valid,,
188,LS200807_2,A Unique Sedona Seminar,A Unique Sedona Seminar (Dec 2008) DVD02,Advanced Spiritual Awareness,lecture,2008,07,DVD,DVD02,true,https://veritaspub.com/product/2008-12-a-unique-sedona-seminar-dec-2008/,https://veritaspub.com/product/2008-12-a-unique-sedona-seminar-dec-2008/,proposed_valid,,
189,LS200807_3,A Unique Sedona Seminar,A Unique Sedona Seminar (Dec 2008) DVD03,Advanced Spiritual Awareness,lecture,2008,07,DVD,DVD03,true,https://veritaspub.com/product/2008-12-a-unique-sedona-seminar-dec-2008/,https://veritaspub.com/product/2008-12-a-unique-sedona-seminar-dec-2008/,proposed_valid,,
191,LS200901_1,What is the World?,What is the World? (Feb 2009) DVD01,In the World but Not of It,lecture,2009,01,DVD,DVD01,true,https://veritaspub.com/product/2009-02-what-is-the-world-february-2009/,https://veritaspub.com/product/2009-02-what-is-the-world-february-2009/,proposed_valid,,
192,LS200901_2,What is the World?,What is the World? (Feb 2009) DVD02,In the World but Not of It,lecture,2009,01,DVD,DVD02,true,https://veritaspub.com/product/2009-02-what-is-the-world-february-2009/,https://veritaspub.com/product/2009-02-what-is-the-world-february-2009/,proposed_valid,,
193,LS200901_3,What is the World?,What is the World? (Feb 2009) DVD03,In the World but Not of It,lecture,2009,01,DVD,DVD03,true,https://veritaspub.com/product/2009-02-what-is-the-world-february-2009/,https://veritaspub.com/product/2009-02-what-is-the-world-february-2009/,proposed_valid,,
194,LS200902_1,Happiness,Happiness (Apr 2009) DVD01,In the World but Not of It,lecture,2009,02,DVD,DVD01,true,https://veritaspub.com/product/2009-04-happiness-april-2009/,https://veritaspub.com/product/2009-04-happiness-april-2009/,proposed_valid,,
195,LS200902_2,Happiness,Happiness (Apr 2009) DVD02,In the World but Not of It,lecture,2009,02,DVD,DVD02,true,https://veritaspub.com/product/2009-04-happiness-april-2009/,https://veritaspub.com/product/2009-04-happiness-april-2009/,proposed_valid,,
196,LS200902_3,Happiness,Happiness (Apr 2009) DVD03,In the World but Not of It,lecture,2009,02,DVD,DVD03,true,https://veritaspub.com/product/2009-04-happiness-april-2009/,https://veritaspub.com/product/2009-04-happiness-april-2009/,proposed_valid,,
197,LS200903_1,Peace,Peace (Aug 2009) DVD01,In the World but Not of It,lecture,2009,03,DVD,DVD01,true,https://veritaspub.com/product/2009-08-peace-august-2009/,https://veritaspub.com/product/2009-08-peace-august-2009/,proposed_valid,,
198,LS200903_2,Peace,Peace (Aug 2009) DVD02,In the World but Not of It,lecture,2009,03,DVD,DVD02,true,https://veritaspub.com/product/2009-08-peace-august-2009/,https://veritaspub.com/product/2009-08-peace-august-2009/,proposed_valid,,
199,LS200903_3,Peace,Peace (Aug 2009) DVD03,In the World but Not of It,lecture,2009,03,DVD,DVD03,true,https://veritaspub.com/product/2009-08-peace-august-2009/,https://veritaspub.com/product/2009-08-peace-august-2009/,proposed_valid,,
200,LS200904_1,Success,Success (Oct 2009) DVD01,In the World but Not of It,lecture,2009,04,DVD,DVD01,true,https://veritaspub.com/product/2009-10-success-october-2009/,https://veritaspub.com/product/2009-10-success-october-2009/,proposed_valid,,
201,LS200904_2,Success,Success (Oct 2009) DVD02,In the World but Not of It,lecture,2009,04,DVD,DVD02,true,https://veritaspub.com/product/2009-10-success-october-2009/,https://veritaspub.com/product/2009-10-success-october-2009/,proposed_valid,,
202,LS200904_3,Success,Success (Oct 2009) DVD03,In the World but Not of It,lecture,2009,04,DVD,DVD03,true,https://veritaspub.com/product/2009-10-success-october-2009/,https://veritaspub.com/product/2009-10-success-october-2009/,proposed_valid,,
204,LS201001_1,Handling Spiritual Challenges,Handling Spiritual Challenges (Apr 2010) DVD01,Practical Spirituality,lecture,2010,01,DVD,DVD01,true,https://veritaspub.com/product/2010-04-handling-spiritual-challenges-april-2010/,https://veritaspub.com/product/2010-04-handling-spiritual-challenges-april-2010/,proposed_valid,,
205,LS201001_2,Handling Spiritual Challenges,Handling Spiritual Challenges (Apr 2010) DVD02,Practical Spirituality,lecture,2010,01,DVD,DVD02,true,https://veritaspub.com/product/2010-04-handling-spiritual-challenges-april-2010/,https://veritaspub.com/product/2010-04-handling-spiritual-challenges-april-2010/,proposed_valid,,
206,LS201001_3,Handling Spiritual Challenges,Handling Spiritual Challenges (Apr 2010) DVD03,Practical Spirituality,lecture,2010,01,DVD,DVD03,true,https://veritaspub.com/product/2010-04-handling-spiritual-challenges-april-2010/,https://veritaspub.com/product/2010-04-handling-spiritual-challenges-april-2010/,proposed_valid,,
207,LS201002_1,Spiritual Life In Today's World,Spiritual Life In Today's World (Oct 2010) DVD01,Practical Spirituality,lecture,2010,02,DVD,DVD01,true,https://veritaspub.com/product/2010-10-spiritual-life-in-todays-world-oct-2010/,https://veritaspub.com/product/2010-10-spiritual-life-in-todays-world-oct-2010/,proposed_valid,,
208,LS201002_2,Spiritual Life In Today's World,Spiritual Life In Today's World (Oct 2010) DVD02,Practical Spirituality,lecture,2010,02,DVD,DVD02,true,https://veritaspub.com/product/2010-10-spiritual-life-in-todays-world-oct-2010/,https://veritaspub.com/product/2010-10-spiritual-life-in-todays-world-oct-2010/,proposed_valid,,
209,LS201002_3,Spiritual Life In Today's World,Spiritual Life In Today's World (Oct 2010) DVD03,Practical Spirituality,lecture,2010,02,DVD,DVD03,true,https://veritaspub.com/product/2010-10-spiritual-life-in-todays-world-oct-2010/,https://veritaspub.com/product/2010-10-spiritual-life-in-todays-world-oct-2010/,proposed_valid,,
211,LS201101_1,Most Valuable Qualities for a Spiritual Seeker,Most Valuable Qualities for a Spiritual Seeker (May 2011) DVD01,Love & Spiritual Seeker Qualities,lecture,2011,01,DVD,DVD01,true,https://veritaspub.com/product/2011-05-most-valuable-qualities-for-a-spiritual-seeker-may-2011/,https://veritaspub.com/product/2011-05-most-valuable-qualities-for-a-spiritual-seeker-may-2011/,proposed_valid,,
212,LS201101_2,Most Valuable Qualities for a Spiritual Seeker,Most Valuable Qualities for a Spiritual Seeker (May 2011) DVD02,Love & Spiritual Seeker Qualities,lecture,2011,01,DVD,DVD02,true,https://veritaspub.com/product/2011-05-most-valuable-qualities-for-a-spiritual-seeker-may-2011/,https://veritaspub.com/product/2011-05-most-valuable-qualities-for-a-spiritual-seeker-may-2011/,proposed_valid,,
213,LS201101_3,Most Valuable Qualities for a Spiritual Seeker,Most Valuable Qualities for a Spiritual Seeker (May 2011) DVD03,Love & Spiritual Seeker Qualities,lecture,2011,01,DVD,DVD03,true,https://veritaspub.com/product/2011-05-most-valuable-qualities-for-a-spiritual-seeker-may-2011/,https://veritaspub.com/product/2011-05-most-valuable-qualities-for-a-spiritual-seeker-may-2011/,proposed_valid,,
214,LS201102_1,Love,Love (Sep 2011) DVD01,Love & Spiritual Seeker Qualities,lecture,2011,02,DVD,DVD01,true,https://veritaspub.com/product/2011-09-love-sept-2011/,https://veritaspub.com/product/2011-09-love-sept-2011/,proposed_valid,,
215,LS201102_2,Love,Love (Sep 2011) DVD02,Love & Spiritual Seeker Qualities,lecture,2011,02,DVD,DVD02,true,https://veritaspub.com/product/2011-09-love-sept-2011/,https://veritaspub.com/product/2011-09-love-sept-2011/,proposed_valid,,
216,LS201102_3,Love,Love (Sep 2011) DVD03,Love & Spiritual Seeker Qualities,lecture,2011,02,DVD,DVD03,true,https://veritaspub.com/product/2011-09-love-sept-2011/,https://veritaspub.com/product/2011-09-love-sept-2011/,proposed_valid,,
