registry_path,folder,mime,size_bytes,bucket,matched_uuid,matched_title,matched_series,tier,confidence,evidence,candidate_uuids
Archivalofficeseries/archival-cancer--death-and-dying.mp4,Archivalofficeseries,video/mp4,1133190862,A,248;250,Cancer + Death and Dying,Office Series,T1x,1.00,"exact after collection-prefix strip: cancer; exact name key(s): deathanddying, deathdying; multi-work compilation (2 works)",
Archivalofficeseries/archival-depression--illness-self-healing--alcoholism.mp4,Archivalofficeseries,video/mp4,1507378092,A,242;243;244,Depression + Illness and Self-Healing + Alcoholism,Office Series,T1x,1.00,all significant tokens of a name segment match (prior: Office Series); exact after collection-prefix strip: depression; exact name key(s): alcoholism; exact name key(s): illnessselfhealing; multi-work compilation (3 works),
Archivalofficeseries/archival-drug-addiction-alcoholism--map-of-consciousness.mp4,Archivalofficeseries,video/mp4,1175346585,A,245;247,Drug Addiction and Alcoholism + A Map of Consciousness,Office Series,T1x,1.00,exact after collection-prefix strip: drugaddictionalcoholism; exact name key(s): mapconsciousness; multi-work compilation (2 works),
Archivalofficeseries/archival-sexuality--aging-process--handling-major-crises.mp4,Archivalofficeseries,video/mp4,1409805062,A,236;237;238,Sexuality + The Aging Process + Handling Major Crises,Office Series,T1x,1.00,all significant tokens of a name segment match (prior: Office Series); exact after collection-prefix strip: sexuality; exact name key(s): agingprocess; exact name key(s): handlingmajorcrises; multi-work compilation (3 works),
Archivalofficeseries/archival-stress--health--spiritual-first-aid.mp4,Archivalofficeseries,video/mp4,1576125082,A,233;234;235,Stress + Health + Spiritual First Aid,Office Series,T1x,1.00,all significant tokens of a name segment match (prior: Office Series); exact after collection-prefix strip: stress; exact name key(s): health; exact name key(s): spiritualfirstaid; multi-work compilation (3 works),
Archivalofficeseries/archival-worry-fear-anxiety--pain-and-suffering--losing-weight.mp4,Archivalofficeseries,video/mp4,1336461333,A,239;240;241,"Worry, Fear, and Anxiety + Pain and Suffering + Losing Weight",Office Series,T1x,1.00,"exact after collection-prefix strip: worryfearanxiety; exact name key(s): losingweight; exact name key(s): painandsuffering, painsuffering; multi-work compilation (3 works)",
Audiobooks/ANewEarth[B00FGGVZUM]/ANewEarth:AwakeningYourLife'sPurpose[B00FGGVZUM].m4b,Audiobooks,audio/x-m4b,263819909,C,,,,,0.00,no candidate at or above 0.55,
Audiobooks/AdvancingSpiritualAwareness[B00AZCGQ7E]/AdvancingSpiritualAwareness:PracticalSpirituality[B00AZCGQ7E].m4b,Audiobooks,audio/x-m4b,136397222,A,166;167;168,Practical Spirituality,Advanced Spiritual Awareness,T1p,1.00,exact after collection-prefix strip: practicalspirituality,
"Audiobooks/AdvancingSpiritualAwareness[B00AZMXU96]/AdvancingSpiritualAwareness:OvercomingDoubt,Skepticism,andDisbelief[B00AZMXU96].m4b",Audiobooks,audio/x-m4b,137477849,A,163;164;165,"Overcoming Doubt, Skepticism & Disbelief",Advanced Spiritual Awareness,T1p,1.00,exact after collection-prefix strip: overcomingdoubtskepticismdisbelief,
Audiobooks/AdvancingSpiritualAwareness[B00B1D1M8E]/AdvancingSpiritualAwareness:Belief:TrustandCredibility[B00B1D1M8E].m4b,Audiobooks,audio/x-m4b,138603121,A,160;161;162,"Belief, Trust and Credibility",Advanced Spiritual Awareness,T1p,1.00,exact after collection-prefix strip: belieftrustandcredibility,
Audiobooks/AdvancingSpiritualAwareness[B00B1D1ZVI]/AdvancingSpiritualAwareness:Freedom:MoralityandEthics[B00B1D1ZVI].m4b,Audiobooks,audio/x-m4b,144255780,A,169;170;171,Freedom: Morality and Ethics,Advanced Spiritual Awareness,T1p,1.00,exact after collection-prefix strip: freedommoralityandethics,
Audiobooks/AdvancingSpiritualAwareness[B00B1D214I]/AdvancingSpiritualAwareness:Spirituality:ReasonandFaith[B00B1D214I].m4b,Audiobooks,audio/x-m4b,141151943,A,154;155;156,Spirituality: Reason and Faith,Advanced Spiritual Awareness,T1p,1.00,exact after collection-prefix strip: spiritualityreasonandfaith,
Audiobooks/AdvancingSpiritualAwareness[B00B1D2418]/AdvancingSpiritualAwareness:TheClearPathwaytoEnlightenment[B00B1D2418].m4b,Audiobooks,audio/x-m4b,141577153,A,157;158;159,The Clear Pathway to Enlightenment,Advanced Spiritual Awareness,T1p,1.00,exact after collection-prefix strip: theclearpathwaytoenlightenment,
Audiobooks/AllIsDivinity[B09W72KQWM]/AllIsDivinity[B09W72KQWM].m4b,Audiobooks,audio/x-m4b,220596250,A,266,All is Divinity,On The Road Talk Series,T1x,1.00,exact name key(s): allisdivinity,
Audiobooks/DevotionalNondualityIntensive[B009LKPYRY]/DevotionalNondualityIntensive:Intention[B009LKPYRY].m4b,Audiobooks,audio/x-m4b,143640711,A,79;80;81;336,Intention,Nonduality Intensive,T1x,1.00,all significant tokens of a name segment match (prior: Nonduality Intensive); exact after collection-prefix strip: intention; exact name key(s): devotionalnondualityintensiveintention,
Audiobooks/DevotionalNondualityIntensive[B009LKQ43W]/DevotionalNondualityIntensive:Conviction[B009LKQ43W].m4b,Audiobooks,audio/x-m4b,143840630,A,85;86;87,Conviction,Nonduality Intensive,T1p,1.00,exact after collection-prefix strip: conviction,
Audiobooks/DevotionalNondualityIntensive[B009LKQMKW]/DevotionalNondualityIntensive:TranscendingBarriers[B009LKQMKW].m4b,Audiobooks,audio/x-m4b,145558313,A,82;83;84,Transcending Barriers,Nonduality Intensive,T1p,1.00,exact after collection-prefix strip: transcendingbarriers,
Audiobooks/DevotionalNondualityIntensive[B009LLI07Y]/DevotionalNondualityIntensive:Alignment[B009LLI07Y].m4b,Audiobooks,audio/x-m4b,137001306,A,76;77;78;337,Alignment,Nonduality Intensive,T1x,1.00,all significant tokens of a name segment match (prior: Nonduality Intensive); exact after collection-prefix strip: alignment; exact name key(s): devotionalnondualityintensivealignment,
"Audiobooks/DevotionalNondualityIntensive[B009LLIOEI]/DevotionalNondualityIntensive:God,Religion,andSpirituality[B009LLIOEI].m4b",Audiobooks,audio/x-m4b,145492699,A,100;101;102,"God, Religion, and Spirituality",Nonduality Intensive,T1p,1.00,"exact after collection-prefix strip: godreligionandspirituality, godreligionspirituality",
Audiobooks/DevotionalNondualityIntensive[B009LLIZ9C]/DevotionalNondualityIntensive:Serenity[B009LLIZ9C].m4b,Audiobooks,audio/x-m4b,142368450,A,88;89;90,Serenity,Nonduality Intensive,T1p,1.00,exact after collection-prefix strip: serenity,
Audiobooks/DevotionalNondualityIntensive[B009LLJ6ZO]/DevotionalNondualityIntensive:Vision[B009LLJ6ZO].m4b,Audiobooks,audio/x-m4b,143978154,A,73;74;75,Vision,Nonduality Intensive,T1p,1.00,exact after collection-prefix strip: vision,
Audiobooks/DevotionalNondualityIntensive[B009PIQ58E]/DevotionalNondualityIntensive:TranscendingObstacles[B009PIQ58E].m4b,Audiobooks,audio/x-m4b,144768363,A,91;92;93,Transcending Obstacles,Nonduality Intensive,T1p,1.00,exact after collection-prefix strip: transcendingobstacles,
Audiobooks/DevotionalNondualityIntensive[B009PIQ7QY]/DevotionalNondualityIntensive:SpiritualTraps[B009PIQ7QY].m4b,Audiobooks,audio/x-m4b,146520710,A,94;95;96,Spiritual Traps,Nonduality Intensive,T1p,1.00,exact after collection-prefix strip: spiritualtraps,
Audiobooks/DiscoveryofthePresenceofGod[1401962653]/DiscoveryofthePresenceofGod[1401962653].m4b,Audiobooks,audio/x-m4b,558860593,A,292,Discovery of the Presence of God: Devotional Nonduality,Books,T1x,1.00,exact name key(s): discoveryofthepresenceofgod,
Audiobooks/DiscoveryofthePresenceofGod[1401962653]/DiscoveryofthePresenceofGod[1401962653].pdf,Audiobooks,application/pdf,452016,A,292,Discovery of the Presence of God: Devotional Nonduality,Books,T1x,1.00,exact name key(s): discoveryofthepresenceofgod,
"Audiobooks/DiscussionSeries2012[B00JS2MZIQ]/DiscussionSeries2012:LiveYourLifeLikeaPrayer,WhatYouAreChangestheWorld,WhatisRealSuccess?PermanentInnerPeace[B00JS2MZIQ].m4b",Audiobooks,audio/x-m4b,98520642,A,121;122;123;285;312;313;343,Live Your Life Like a Prayer + What You are Changes the World + Permanent Inner Peace + What is Real Success?,Transcending Levels of Consciousness,T1c,1.00,containment: master key 'liveyourlifelikeaprayer' inside registry name; containment: master key 'permanentinnerpeace' inside registry name; containment: master key 'whatisrealsuccess' inside registry name; containment: master key 'whatyouarechangestheworld' inside registry name; multi-work compilation (4 works),
"Audiobooks/DiscussionSeries2013[B00JU6I1M4]/DiscussionSeries2013:HowtoSeetheRealityofLife,ImproveYourRelationsips,WhatIsMeantbySpiritual,TheImportanceofFamily[B00JU6I1M4].m4b",Audiobooks,audio/x-m4b,104665651,A,279;282;283,How to See the Reality of Life + The Importance of Family + What is Meant by Spiritual,Discussion Series,T1c,1.00,containment: master key 'howtoseetherealityoflife' inside registry name; containment: master key 'theimportanceoffamily' inside registry name; containment: master key 'whatismeantbyspiritual' inside registry name; multi-work compilation (3 works),
Audiobooks/Don'tSetSailwithoutaCompass![B00LCE5MRE]/Don'tSetSailwithoutaCompass![B00LCE5MRE].m4b,Audiobooks,audio/x-m4b,31471896,A,356,Don’t Set Sail Without A Compass – Audio,Media Miscellaneous,T1x,1.00,exact name key(s): dontsetsailwithoutacompass,
Audiobooks/GivingUpIllnessThrough'ACourseinMiracles'[B00KXCFHAS]/GivingUpIllnessThrough'ACourseinMiracles'[B00KXCFHAS].m4b,Audiobooks,audio/x-m4b,107680105,A,353,Giving Up Illness through A Course in Miracles© – Audio,Media Miscellaneous,T1x,1.00,all significant tokens of a name segment match (prior: none); exact name key(s): givingupillnessthroughacourseinmiracles,
Audiobooks/Glamour[B0CQRK3N1F]/Glamour:AWorldProblem[B0CQRK3N1F].m4b,Audiobooks,audio/x-m4b,515751729,C,,,,,0.00,no candidate at or above 0.55,
Audiobooks/Glamour[B0CQRK3N1F]/Glamour:AWorldProblem[B0CQRK3N1F].pdf,Audiobooks,application/pdf,218303,C,,,,,0.00,no candidate at or above 0.55,
Audiobooks/GodIstheInfiniteField[B09VYFVGN7]/GodIstheInfiniteField[B09VYFVGN7].m4b,Audiobooks,audio/x-m4b,216261058,A,269,God is The Infinite Field,On The Road Talk Series,T1x,1.00,exact name key(s): godistheinfinitefield,
Audiobooks/Healing[B00NPBHS2Y]/Healing:AchievingTotalWellnessThroughHigherLevelsofConsciousness[B00NPBHS2Y].m4b,Audiobooks,audio/x-m4b,203236406,A,291;324;328,Healing and Recovery,Books,T1x,1.00,all significant tokens of a name segment match (prior: none); exact name key(s): healingachievingtotalwellnessthroughhigherlevelsofconsciousness; exact title head 'healing',
Audiobooks/Healing[B00NPBHS2Y]/Healing:AchievingTotalWellnessThroughHigherLevelsofConsciousness[B00NPBHS2Y].pdf,Audiobooks,application/pdf,576769,A,291;324;328,Healing and Recovery,Books,T1x,1.00,all significant tokens of a name segment match (prior: none); exact name key(s): healingachievingtotalwellnessthroughhigherlevelsofconsciousness; exact title head 'healing',
Audiobooks/HealingandRecovery.mp3,Audiobooks,audio/mpeg,958743832,A,291;324;328,Healing and Recovery,Books,T1x,1.00,exact name key(s): healingandrecovery,
Audiobooks/HealingandRecovery[1401962440]/HealingandRecovery[1401962440].m4b,Audiobooks,audio/x-m4b,951674690,A,291;324;328,Healing and Recovery,Books,T1x,1.00,exact name key(s): healingandrecovery,
Audiobooks/HealingandRecovery[1401962440]/HealingandRecovery[1401962440].pdf,Audiobooks,application/pdf,6075535,A,291;324;328,Healing and Recovery,Books,T1x,1.00,exact name key(s): healingandrecovery,
Audiobooks/HomoSpiritus[B00852UXBQ]/HomoSpiritus:DevotionalNondualitySeries(Enlightenment-August2003)[B00852UXBQ].m4b,Audiobooks,audio/x-m4b,148236312,A,46;47;48,Enlightenment,Devotional Nonduality,T1p,1.00,exact after collection-prefix strip: enlightenment,
Audiobooks/HowtoRaiseYourLevelofConsciousness[B00KVNJ2FA]/HowtoRaiseYourLevelofConsciousness[B00KVNJ2FA].m4b,Audiobooks,audio/x-m4b,57582672,A,213,Volume VI: How to Raise Your Level of Consciousness,Volume Series,T1c,1.00,containment: registry key 'howtoraiseyourlevelofconsciousness' inside master key,
Audiobooks/HowtoSurrendertoGod[1401960502]/HowtoSurrendertoGod:ThePathtoEnlightenmentThroughLettingGo[1401960502].m4b,Audiobooks,audio/x-m4b,178394870,A,372,How to Surrender to God,Hay House,T1h,1.00,exact title head 'howtosurrendertogod',
Audiobooks/HowtoSurrendertoGod[1401960502]/HowtoSurrendertoGod:ThePathtoEnlightenmentThroughLettingGo[1401960502].pdf,Audiobooks,application/pdf,159817,A,372,How to Surrender to God,Hay House,T1h,1.00,exact title head 'howtosurrendertogod',
Audiobooks/IAmNottheBody[B092LKVN1K]/IAmNottheBody:DiscoveringtheTruthBeyondBondage[B092LKVN1K].m4b,Audiobooks,audio/x-m4b,296307214,C,,,,,0.00,no candidate at or above 0.55,
Audiobooks/I[1401962661]/I:RealityandSubjectivity[1401962661].m4b,Audiobooks,audio/x-m4b,1213729846,A,288,I: Reality and Subjectivity,Books,T1x,1.00,exact name key(s): irealityandsubjectivity,
Audiobooks/I[1401962661]/I:RealityandSubjectivity[1401962661].pdf,Audiobooks,application/pdf,234443,A,288,I: Reality and Subjectivity,Books,T1x,1.00,exact name key(s): irealityandsubjectivity,
"Audiobooks/IntheWorld,butNotofIt[B00NMUQ8DS]/IntheWorld,butNotofIt:LivingSpirituallyintheModernWorld[B00NMUQ8DS].m4b",Audiobooks,audio/x-m4b,175135075,A,300;326;329,In the World But Not Of It: Transforming Everyday Experience into a Spiritual Path,Books,T1h,1.00,exact title head 'intheworldbutnotofit',
"Audiobooks/IntheWorld,butNotofIt[B00NMUQ8DS]/IntheWorld,butNotofIt:LivingSpirituallyintheModernWorld[B00NMUQ8DS].pdf",Audiobooks,application/pdf,14112114,A,300;326;329,In the World But Not Of It: Transforming Everyday Experience into a Spiritual Path,Books,T1h,1.00,exact title head 'intheworldbutnotofit',
Audiobooks/IntheWorldbutNotofIt[B00BJ6HQYW]/IntheWorldbutNotofIt:WhatIstheWorld?[B00BJ6HQYW].m4b,Audiobooks,audio/x-m4b,141500589,A,175;176;177,What is the World?,In the World but Not of It,T1p,1.00,exact after collection-prefix strip: whatistheworld,
Audiobooks/IntheWorldbutNotofIt[B00BJ6HVUG]/IntheWorldbutNotofIt:Happiness[B00BJ6HVUG].m4b,Audiobooks,audio/x-m4b,135384469,A,178;179;180,Happiness,In the World but Not of It,T1p,1.00,exact after collection-prefix strip: happiness,
Audiobooks/IntheWorldbutNotofIt[B00BJQ65U8]/IntheWorldbutNotofIt:Success[B00BJQ65U8].m4b,Audiobooks,audio/x-m4b,139228333,A,184;185;186,Success,In the World but Not of It,T1p,1.00,exact after collection-prefix strip: success,
Audiobooks/IntheWorldbutNotofIt[B00BUSUJ8E]/IntheWorldbutNotofIt:Peace[B00BUSUJ8E].m4b,Audiobooks,audio/x-m4b,134963415,A,181;182;183,Peace,In the World but Not of It,T1p,1.00,exact after collection-prefix strip: peace,
Audiobooks/LettingGoThePathwayofSurrender.mp3,Audiobooks,audio/mpeg,357069577,A,290;323,Letting Go: The Pathway of Surrender,Books,T1x,1.00,all significant tokens of a name segment match (prior: none); exact name key(s): lettinggothepathwayofsurrender,
Audiobooks/LiveLifeAsAPrayer[140196270X]/LiveLifeAsAPrayer[140196270X].m4b,Audiobooks,audio/x-m4b,107946361,A,121;122;123;278;343,Live Your Life Like a Prayer + How to Live Your Life Like A Prayer,Transcending Levels of Consciousness,T1x,1.00,all significant tokens of a name segment match (prior: none); exact name key(s): livelifeasaprayer; multi-work compilation (2 works),
Audiobooks/LiveLifeAsAPrayer[140196270X]/LiveLifeAsAPrayer[140196270X].pdf,Audiobooks,application/pdf,92686,A,121;122;123;278;343,Live Your Life Like a Prayer + How to Live Your Life Like A Prayer,Transcending Levels of Consciousness,T1x,1.00,all significant tokens of a name segment match (prior: none); exact name key(s): livelifeasaprayer; multi-work compilation (2 works),
Audiobooks/LiveontheCrestoftheMoment[B09YFMQZJ2]/LiveontheCrestoftheMoment[B09YFMQZJ2].m4b,Audiobooks,audio/x-m4b,18651307,C,,,,,0.00,no candidate at or above 0.55,
Audiobooks/Love[0744036224]/Love:ThePsychologyofAttraction:APracticalGuidetoSuccessfulDatingandaHappyRelationship[0744036224].m4b,Audiobooks,audio/x-m4b,534339017,A,196;197;198,Love,Love & Spiritual Seeker Qualities,T1h,1.00,exact title head 'love',
Audiobooks/Love[B00BJP8BN8]/Love[B00BJP8BN8].m4b,Audiobooks,audio/x-m4b,105352182,A,196;197;198,Love,Love & Spiritual Seeker Qualities,T1x,1.00,exact name key(s): love,
Audiobooks/MostValuableQualitiesforaSpiritualSeeker[B00BJQ67DI]/MostValuableQualitiesforaSpiritualSeeker[B00BJQ67DI].m4b,Audiobooks,audio/x-m4b,115212010,A,193;194;195,Most Valuable Qualities for a Spiritual Seeker,Love & Spiritual Seeker Qualities,T1x,1.00,all significant tokens of a name segment match (prior: none); exact name key(s): mostvaluablequalitiesforaspiritualseeker,
Audiobooks/OM[B09YFZQ121]/OM[B09YFZQ121].m4b,Audiobooks,audio/x-m4b,57335741,A,371,OM,Media Miscellaneous,T1x,1.00,exact name key(s): om,
"Audiobooks/OfficeVisit,SetI[B00K6P556S]/OfficeVisit,SetI:Stress,HealthandSpiritualFirstAid[B00K6P556S].m4b",Audiobooks,audio/x-m4b,99426592,A,235,Spiritual First Aid,Office Series,T1c,1.00,containment: master key 'spiritualfirstaid' inside registry name,
"Audiobooks/OfficeVisitSetIII[B00K5ZR9M2]/OfficeVisitSetIII:Worry,Fear&Anxiety,Pain&Suffering,andLosingWeight[B00K5ZR9M2].m4b",Audiobooks,audio/x-m4b,101007057,A,239;240;241,"Worry, Fear, and Anxiety + Pain and Suffering + Losing Weight",Office Series,T1c,1.00,containment: master key 'losingweight' inside registry name; containment: master key 'painsuffering' inside registry name; containment: master key 'worryfearanxiety' inside registry name; multi-work compilation (3 works),
"Audiobooks/OfficeVisitSetII[B00K6P53O2]/OfficeVisitSetII:Sexuality,TheAgingProcessandHandlingMajorCrises[B00K6P53O2].m4b",Audiobooks,audio/x-m4b,95203761,A,237;238,The Aging Process + Handling Major Crises,Office Series,T1c,1.00,containment: master key 'agingprocess' inside registry name; containment: master key 'handlingmajorcrises' inside registry name; containment: master key 'theagingprocess' inside registry name; multi-work compilation (2 works),
"Audiobooks/OfficeVisitSetIV[B00K8CYWSQ]/OfficeVisitSetIV:Depression,Illness&SelfHealing,andAlcoholism[B00K8CYWSQ].m4b",Audiobooks,audio/x-m4b,93333183,A,243,Illness and Self-Healing,Office Series,T1c,1.00,containment: master key 'illnessselfhealing' inside registry name,
Audiobooks/Powervs.ForceTheHiddenDeterminantsofHumanBehavior.mp3,Audiobooks,audio/mpeg,235437707,A,286;320;331;373,Power vs. Force: The Hidden Determinants of Human Behavior,Books,T1x,1.00,exact name key(s): powervsforcethehiddendeterminantsofhumanbehavior,
Audiobooks/Powervs.Force[B002V5GOH0]/Powervs.Force:TheHiddenDeterminantsofHumanBehavior[B002V5GOH0].m4b,Audiobooks,audio/x-m4b,233839626,A,286;320;331;373,Power vs. Force: The Hidden Determinants of Human Behavior,Books,T1x,1.00,exact name key(s): powervsforcethehiddendeterminantsofhumanbehavior; exact title head 'powervsforce',
Audiobooks/Powervs.Force[B002V5GOH0]/Powervs.Force:TheHiddenDeterminantsofHumanBehavior[B002V5GOH0].pdf,Audiobooks,application/pdf,180221,A,286;320;331;373,Power vs. Force: The Hidden Determinants of Human Behavior,Books,T1x,1.00,exact name key(s): powervsforcethehiddendeterminantsofhumanbehavior; exact title head 'powervsforce',
Audiobooks/PracticalSpirituality[B00BJ77EC0]/PracticalSpirituality:HandlingSpiritualChallenges[B00BJ77EC0].m4b,Audiobooks,audio/x-m4b,132074811,A,187;188;189,Handling Spiritual Challenges,Practical Spirituality,T1p,1.00,exact after collection-prefix strip: handlingspiritualchallenges,
Audiobooks/PracticalSpirituality[B00BJ77ORK]/PracticalSpirituality:SpiritualLifeinToday'sWorld[B00BJ77ORK].m4b,Audiobooks,audio/x-m4b,134940053,A,190;191;192,Spiritual Life In Today's World,Practical Spirituality,T1p,1.00,exact after collection-prefix strip: spirituallifeintodaysworld,
"Audiobooks/QuestionandAnswerSeries[B00K6P58EM]/QuestionandAnswerSeries:Jan,March,&July2011[B00K6P58EM].m4b",Audiobooks,audio/x-m4b,156306626,A,199;200;201,Question/Answer Session (Jan 2011) + Question/Answer Session (Mar 2011) + Question/Answer Session (Jul 2011),Satsang Series,T2sm,1.00,months 01/03/07 of 2011 match Satsang Series session(s); multi-work compilation (3 works),
"Audiobooks/Reality,SpiritualityandModernMan[140196267X]/Reality,SpiritualityandModernMan[140196267X].m4b",Audiobooks,audio/x-m4b,833940882,A,293,"Reality, Spirituality and Modern Man",Books,T1x,1.00,all significant tokens of a name segment match (prior: none); exact name key(s): realityspiritualityandmodernman,
"Audiobooks/Reality,SpiritualityandModernMan[140196267X]/Reality,SpiritualityandModernMan[140196267X].pdf",Audiobooks,application/pdf,2478105,A,293,"Reality, Spirituality and Modern Man",Books,T1x,1.00,all significant tokens of a name segment match (prior: none); exact name key(s): realityspiritualityandmodernman,
Audiobooks/SpiritualRealityandModernMan[B00AYG9D9E]/SpiritualRealityandModernMan:WhatIs'Real'?[B00AYG9D9E].m4b,Audiobooks,audio/x-m4b,144821090,A,133;134;135,What is 'Real'?,Spiritual Reality & Modern Man,T1p,1.00,exact after collection-prefix strip: whatisreal,
Audiobooks/SpiritualRealityandModernMan[B00AYII4HO]/SpiritualRealityandModernMan:WhatIsTruth?TheAbsolute[B00AYII4HO].m4b,Audiobooks,audio/x-m4b,148332123,A,136;137;138,What is Truth? The Absolute,Spiritual Reality & Modern Man,T1p,1.00,exact after collection-prefix strip: whatistruththeabsolute,
Audiobooks/SpiritualityReality[B09VYFT4XK]/SpiritualityReality[B09VYFT4XK].m4b,Audiobooks,audio/x-m4b,216699270,A,270,Spiritual Reality,On The Road Talk Series,T2t,1.00,tokens 2/2 significant (prior: none),
Audiobooks/SuccessIsforYouUsingHeart-CenteredPowerPrinciplesforLastingAbundanceandFulfillment.mp3,Audiobooks,audio/mpeg,177692696,A,296,Success Is for You: Using Heart-Centered Power Principles for Lasting Abundance and Fulfillment,Books,T1x,1.00,exact name key(s): successisforyouusingheartcenteredpowerprinciplesforlastingabundanceandfulfillment,
Audiobooks/TalkswithSriRamanaMaharshi[B0FTDGCWTP]/TalkswithSriRamanaMaharshi[B0FTDGCWTP].m4b,Audiobooks,audio/x-m4b,766729994,C,,,,,0.00,no candidate at or above 0.55,
"Audiobooks/TheBiologyofBelief[1683649079]/TheBiologyofBelief:UnleashingthePowerofConsciousness,Matter,andMiracles[1683649079].m4b",Audiobooks,audio/x-m4b,595680960,C,,,,,0.00,no candidate at or above 0.55,
"Audiobooks/TheBiologyofBelief[1683649079]/TheBiologyofBelief:UnleashingthePowerofConsciousness,Matter,andMiracles[1683649079].pdf",Audiobooks,application/pdf,18195854,C,,,,,0.00,no candidate at or above 0.55,
Audiobooks/TheCloudofUnknowing[B0DNRK5BY1]/TheCloudofUnknowing[B0DNRK5BY1].m4b,Audiobooks,audio/x-m4b,220444965,C,,,,,0.00,no candidate at or above 0.55,
Audiobooks/TheCloudofUnknowing[B0DNRK5BY1]/TheCloudofUnknowing[B0DNRK5BY1].pdf,Audiobooks,application/pdf,2767687,C,,,,,0.00,no candidate at or above 0.55,
Audiobooks/TheDiscovery[B00NO7TMRI]/TheDiscovery:RevealingthePresenceofGodinYourLife[B00NO7TMRI].m4b,Audiobooks,audio/x-m4b,199855542,A,369,The Discovery,Nightingale-Conant,T1h,1.00,exact title head 'thediscovery',
Audiobooks/TheDiscovery[B00NO7TMRI]/TheDiscovery:RevealingthePresenceofGodinYourLife[B00NO7TMRI].pdf,Audiobooks,application/pdf,576772,A,369,The Discovery,Nightingale-Conant,T1h,1.00,exact title head 'thediscovery',
Audiobooks/TheEssenceofLettingGo[B0FNDM2JNX]/TheEssenceofLettingGo:ALivingTransmissionofTruth[B0FNDM2JNX].m4b,Audiobooks,audio/x-m4b,446720245,A,358,The Essence of Letting Go: A Living Transmission of Truth,Media Miscellaneous,T1x,1.00,all significant tokens of a name segment match (prior: none); exact name key(s): theessenceoflettinggoalivingtransmissionoftruth; exact title head 'theessenceoflettinggo',
Audiobooks/TheEver-PresentJoy[B09VYFCMZH]/TheEver-PresentJoy[B09VYFCMZH].m4b,Audiobooks,audio/x-m4b,213785400,A,271,The Ever-Present Joy,On The Road Talk Series,T1x,1.00,all significant tokens of a name segment match (prior: none); exact name key(s): theeverpresentjoy,
Audiobooks/TheEyeoftheIFromWhichNothingIsHidden.mp3,Audiobooks,audio/mpeg,823598402,A,287;321,The Eye of the I,Books,T1c,1.00,containment: master key 'theeyeofthei' inside registry name,
Audiobooks/TheEyeoftheI[1401962459]/TheEyeoftheI:FromWhichNothingisHidden[1401962459].m4b,Audiobooks,audio/x-m4b,817570376,A,287;321,The Eye of the I,Books,T1h,1.00,exact title head 'theeyeofthei',
Audiobooks/TheEyeoftheI[1401962459]/TheEyeoftheI:FromWhichNothingisHidden[1401962459].pdf,Audiobooks,application/pdf,481214,A,287;321,The Eye of the I,Books,T1h,1.00,exact title head 'theeyeofthei',
Audiobooks/TheHighestLevelofEnlightenment[B00O3I950G]/TheHighestLevelofEnlightenment:TaptheDatabaseofConsciousnessforTotalSelf-Realization[B00O3I950G].m4b,Audiobooks,audio/x-m4b,170399250,A,301;330;332,The Highest Level of Enlightenment,Books,T1h,1.00,exact title head 'thehighestlevelofenlightenment',
Audiobooks/TheHighestLevelofEnlightenment[B00O3I950G]/TheHighestLevelofEnlightenment:TaptheDatabaseofConsciousnessforTotalSelf-Realization[B00O3I950G].pdf,Audiobooks,application/pdf,576766,A,301;330;332,The Highest Level of Enlightenment,Books,T1h,1.00,exact title head 'thehighestlevelofenlightenment',
Audiobooks/TheHolographicUniverse[1662083998]/TheHolographicUniverse:TheRevolutionaryTheoryofReality[1662083998].m4b,Audiobooks,audio/x-m4b,744136259,C,,,,,0.00,no candidate at or above 0.55,
Audiobooks/TheMapofConsciousnessExplained.mp3,Audiobooks,audio/mpeg,224900120,A,295,The Map of Consciousness Explained: A Proven Energy Scale to Actualize Your Ultimate Potential,Books,T1x,1.00,exact name key(s): themapofconsciousnessexplained,
Audiobooks/TheMapofConsciousnessExplained[1401958567]/TheMapofConsciousnessExplained:PracticalLecturesonEnergyFieldsandSpiritualEvolution[1401958567].m4b,Audiobooks,audio/x-m4b,223617144,A,295,The Map of Consciousness Explained: A Proven Energy Scale to Actualize Your Ultimate Potential,Books,T1h,1.00,exact title head 'themapofconsciousnessexplained',
Audiobooks/TheMapofConsciousnessExplained[1401958567]/TheMapofConsciousnessExplained:PracticalLecturesonEnergyFieldsandSpiritualEvolution[1401958567].pdf,Audiobooks,application/pdf,85224,A,295,The Map of Consciousness Explained: A Proven Energy Scale to Actualize Your Ultimate Potential,Books,T1h,1.00,exact title head 'themapofconsciousnessexplained',
Audiobooks/ThePowerofNow[B00FGF9FXM]/ThePowerofNow:AGuidetoSpiritualEnlightenment[B00FGF9FXM].m4b,Audiobooks,audio/x-m4b,436497540,C,,,,,0.00,no candidate at or above 0.55,
Audiobooks/ThePresenceofSpiritualAwareness[B0B94T8MH1]/ThePresenceofSpiritualAwareness[B0B94T8MH1].m4b,Audiobooks,audio/x-m4b,272641863,A,222;223;224,The Presence of Spiritual Awareness,On The Road Talk Series,T1x,1.00,all significant tokens of a name segment match (prior: none); exact name key(s): thepresenceofspiritualawareness,
Audiobooks/ThePrevailingSilence[B09VYF8F1V]/ThePrevailingSilence[B09VYF8F1V].m4b,Audiobooks,audio/x-m4b,202888991,A,273,The Prevailing Silence,On The Road Talk Series,T1x,1.00,exact name key(s): theprevailingsilence,
Audiobooks/TheUltimateDavidHawkinsLibrary[B01ENWKFOQ]/TheUltimateDavidHawkinsLibrary[B01ENWKFOQ].m4b,Audiobooks,audio/x-m4b,294790390,A,370,The Ultimate David Hawkins Library,Nightingale-Conant,T1x,1.00,all significant tokens of a name segment match (prior: none); exact name key(s): theultimatedavidhawkinslibrary,
Audiobooks/TheUltimateDavidHawkinsLibrary[B01ENWKFOQ]/TheUltimateDavidHawkinsLibrary[B01ENWKFOQ].pdf,Audiobooks,application/pdf,576771,A,370,The Ultimate David Hawkins Library,Nightingale-Conant,T1x,1.00,all significant tokens of a name segment match (prior: none); exact name key(s): theultimatedavidhawkinslibrary,
Audiobooks/TheUltimateTruth[B09YFVXQTP]/TheUltimateTruth[B09YFVXQTP].m4b,Audiobooks,audio/x-m4b,39729049,C,,,,,0.00,no candidate at or above 0.55,
Audiobooks/TheWaytoGod[B006W15XZI]/TheWaytoGod:RealizingtheRootofConsciousness:Meditative&ComtemplativeTechniques[B006W15XZI].m4b,Audiobooks,audio/x-m4b,130715175,A,16;17;18;335,Realizing the Root of Consciousness: Meditative and Contemplative Techniques,The Way to God,T1c,1.00,containment: master key 'realizingtherootofconsciousness' inside registry name; containment: master key 'thewaytogodrealizingtherootofconsciousness' inside registry name,
Audiobooks/TheWaytoGod[B006W1639I]/TheWaytoGod:RadicalSubjectivity:The'I'ofSelf-February2002[B006W1639I].m4b,Audiobooks,audio/x-m4b,153195471,A,4;5;6,Radical Subjectivity: The 'I' of Self,The Way to God,T1p,1.00,exact after collection-prefix strip: radicalsubjectivitytheiofself,
Audiobooks/TheWaytoGod[B006WRDTLM]/TheWaytoGod:PositionalityandDuality-TranscendingtheOpposites[B006WRDTLM].m4b,Audiobooks,audio/x-m4b,141418513,A,10;11;12,Positionality and Duality: Transcending the Opposites,The Way to God,T1p,1.00,exact after collection-prefix strip: positionalityanddualitytranscendingtheopposites,
Audiobooks/TheWaytoGod[B006WRDV9C]/TheWaytoGod:PerceptionandIllusion-DistortionsofReality[B006WRDV9C].m4b,Audiobooks,audio/x-m4b,127010300,A,13;14;15,Perception and Illusion: Distortions of Reality,The Way to God,T1p,1.00,exact after collection-prefix strip: perceptionandillusiondistortionsofreality,
Audiobooks/TheWaytoGod[B006WRDWZA]/TheWaytoGod:TheLevelsofConsciousness:Subjective&SocialConsequences[B006WRDWZA].m4b,Audiobooks,audio/x-m4b,153229152,A,7;8;9,The Levels of Consciousness: Subjective & Social Consequences,The Way to God,T1p,1.00,exact after collection-prefix strip: thelevelsofconsciousnesssubjectivesocialconsequences,
Audiobooks/TheWaytoGod[B006YVP5AY]/TheWaytoGod:God:TranscendentandImmanent[B006YVP5AY].m4b,Audiobooks,audio/x-m4b,132266626,A,31;32;33,God: Transcendent and Immanent,The Way to God,T1p,1.00,exact after collection-prefix strip: godtranscendentandimmanent,
Audiobooks/TheWaytoGod[B006YVPBIK]/TheWaytoGod:RealizatonoftheSelf-TheFinalMoments[B006YVPBIK].m4b,Audiobooks,audio/x-m4b,110233612,A,34;35;36,Realization of the Self: The Final Moments,The Way to God,T1f,0.99,fuzzy 0.99 'realizatonoftheselfthefinalmoments' ~ 'realizationoftheselfthefinalmoments',
Audiobooks/TheWaytoGod[B006ZBQE1M]/TheWaytoGod:Devotion-TheWaytoGodThroughtheHeart[B006ZBQE1M].m4b,Audiobooks,audio/x-m4b,133178524,A,25;26;27,Devotion: The Way to God Through the Heart,The Way to God,T1p,1.00,exact after collection-prefix strip: devotionthewaytogodthroughtheheart,
Audiobooks/TheWaytoGod[B006ZBQNBS]/TheWaytoGod:TheNatureofDivinityvs.ReligiousFallacy[B006ZBQNBS].m4b,Audiobooks,audio/x-m4b,132711031,A,19;20;21;333,The Nature of Divinity vs Religious Fallacy,The Way to God,T1x,1.00,exact after collection-prefix strip: thenatureofdivinityvsreligiousfallacy; exact name key(s): thewaytogodthenatureofdivinityvsreligiousfallacy,
Audiobooks/TheZenTeachingofHuangPo[B09FBQLB2G]/TheZenTeachingofHuangPo:OntheTransmissionofMind[B09FBQLB2G].m4b,Audiobooks,audio/x-m4b,229279577,C,,,,,0.00,no candidate at or above 0.55,
Audiobooks/TranscendingtheEgo[B09VYBV6PQ]/TranscendingtheEgo[B09VYBV6PQ].m4b,Audiobooks,audio/x-m4b,172911298,A,274,Transcending the Ego,On The Road Talk Series,T1x,1.00,exact name key(s): transcendingtheego,
Audiobooks/TranscendingtheLevelsofConsciousnessSeries[B00AOBXBJM]/TranscendingtheLevelsofConsciousnessSeries:SpiritualTruthvs.SpiritualFantasy[B00AOBXBJM].m4b,Audiobooks,audio/x-m4b,136427078,A,109;110;111,Spiritual Truth vs. Spiritual Fantasy,Transcending Levels of Consciousness,T1p,1.00,exact after collection-prefix strip: spiritualtruthvsspiritualfantasy,
Audiobooks/TranscendingtheLevelsofConsciousnessSeries[B00AOBXFUM]/TranscendingtheLevelsofConsciousnessSeries:IstheMiraculousReal?[B00AOBXFUM].m4b,Audiobooks,audio/x-m4b,136591438,A,124;125;126,Is the Miraculous Real?,Transcending Levels of Consciousness,T1p,1.00,exact after collection-prefix strip: isthemiraculousreal,
Audiobooks/TranscendingtheLevelsofConsciousnessSeries[B00APLSQJG]/TranscendingtheLevelsofConsciousnessSeries:Perceptionvs.Essence[B00APLSQJG].m4b,Audiobooks,audio/x-m4b,140830811,A,106;107;108;341,Perception vs Essence,Transcending Levels of Consciousness,T1x,1.00,all significant tokens of a name segment match (prior: Transcending Levels of Consciousness); exact after collection-prefix strip: perceptionvsessence; exact name key(s): transcendingthelevelsofconsciousnessseriesperceptionvsessence,
Audiobooks/TranscendingtheLevelsofConsciousnessSeries[B00APO6ZBO]/TranscendingtheLevelsofConsciousnessSeries:ExperientialReality[B00APO6ZBO].m4b,Audiobooks,audio/x-m4b,141487504,A,103;104;105,Experiential Reality,Transcending Levels of Consciousness,T1p,1.00,prefix-scoped remainder to series: Transcending Levels of Consciousness,
Audiobooks/TranscendingtheLevelsofConsciousnessSeries[B00APO73IS]/TranscendingtheLevelsofConsciousnessSeries:Reasonvs.Truth[B00APO73IS].m4b,Audiobooks,audio/x-m4b,140560012,A,112;113;114,Reason vs Truth,Transcending Levels of Consciousness,T1p,1.00,exact after collection-prefix strip: reasonvstruth,
Audiobooks/TranscendingtheLevelsofConsciousnessTheStairwaytoEnlightenment.mp3,Audiobooks,audio/mpeg,679643479,A,294;325,Transcending the Levels of Consciousness,Books,T1c,1.00,containment: master key 'transcendingthelevelsofconsciousness' inside registry name,
Audiobooks/TranscendingtheLevelsofConsciousness[B00APLT15O]/TranscendingtheLevelsofConsciousness:LiveYourLifeLikeaPrayer[B00APLT15O].m4b,Audiobooks,audio/x-m4b,140856413,A,121;122;123;343,Live Your Life Like a Prayer,Transcending Levels of Consciousness,T1p,1.00,exact after collection-prefix strip: liveyourlifelikeaprayer,
Audiobooks/TranscendingtheMindSeries(Perception&Positionality)[B00852G9T6]/TranscendingtheMindSeries(Perception&Positionality)[B00852G9T6].m4b,Audiobooks,audio/x-m4b,155321197,A,61;62;63,Perception and Positionality,Transcending the Mind,T1p,1.00,exact after collection-prefix strip: perceptionpositionality,
Audiobooks/TranscendingtheMindSeries[B00852GE1O]/TranscendingtheMindSeries:Thought&Ideation[B00852GE1O].m4b,Audiobooks,audio/x-m4b,145714561,A,55;56;57,Thought and Ideation,Transcending the Mind,T1p,1.00,exact after collection-prefix strip: thoughtideation,
Audiobooks/TranscendingtheMindSeries[B008Y23T9U]/TranscendingtheMindSeries:Identification&Illusion[B008Y23T9U].m4b,Audiobooks,audio/x-m4b,158141035,A,64;65;66;338,Identification and Illusion,Transcending the Mind,T1x,1.00,all significant tokens of a name segment match (prior: Transcending the Mind); exact after collection-prefix strip: identificationillusion; exact name key(s): transcendingthemindseriesidentificationillusion,
Audiobooks/TranscendingtheMindSeries[B008Y23VT8]/TranscendingtheMindSeries:Witnessing&Observing[B008Y23VT8].m4b,Audiobooks,audio/x-m4b,161994868,A,67;68;69,Witnessing and Observing,Transcending the Mind,T1p,1.00,exact after collection-prefix strip: witnessingobserving,
Audiobooks/TranscendingtheMindSeries[B008Y2962E]/TranscendingtheMindSeries:Emotions&Sensations[B008Y2962E].m4b,Audiobooks,audio/x-m4b,151246266,A,58;59;60;339,Emotions and Sensations,Transcending the Mind,T1x,1.00,all significant tokens of a name segment match (prior: Transcending the Mind); exact after collection-prefix strip: emotionssensations; exact name key(s): transcendingthemindseriesemotionssensations,
Audiobooks/TranscendingtheMindSeries[B008Y29AHK]/TranscendingtheMindSeries:TheEgo&TheSelf[B008Y29AHK].m4b,Audiobooks,audio/x-m4b,165454212,A,70;71;72,The Ego and The Self,Transcending the Mind,T1p,1.00,exact after collection-prefix strip: egoself,
Audiobooks/TruthShinesForth[B09VYD8PXN]/TruthShinesForth[B09VYD8PXN].m4b,Audiobooks,audio/x-m4b,186718626,A,275,Truth Shines Forth,On The Road Talk Series,T1x,1.00,all significant tokens of a name segment match (prior: none); exact name key(s): truthshinesforth,
Audiobooks/Truthsvs.FalsehoodTheArtofSpiritualDiscernment.mp3,Audiobooks,audio/mpeg,181762156,A,289;322;327,Truth vs. Falsehood: How to Tell the Difference,Books,T1f,0.99,fuzzy 0.99 'truthsvsfalsehoodtheartofspiritualdiscernment' ~ 'truthvsfalsehoodtheartofspiritualdiscernment',
Audiobooks/Truthsvs.Falsehood[B00NWS4SQO]/Truthsvs.Falsehood:TheArtofSpiritualDiscernment[B00NWS4SQO].m4b,Audiobooks,audio/x-m4b,180716548,A,289;322;327,Truth vs. Falsehood: How to Tell the Difference,Books,T1f,0.99,fuzzy 0.99 'truthsvsfalsehoodtheartofspiritualdiscernment' ~ 'truthvsfalsehoodtheartofspiritualdiscernment',
Audiobooks/Truthsvs.Falsehood[B00NWS4SQO]/Truthsvs.Falsehood:TheArtofSpiritualDiscernment[B00NWS4SQO].pdf,Audiobooks,application/pdf,30871,A,289;322;327,Truth vs. Falsehood: How to Tell the Difference,Books,T1f,0.99,fuzzy 0.99 'truthsvsfalsehoodtheartofspiritualdiscernment' ~ 'truthvsfalsehoodtheartofspiritualdiscernment',
Audiobooks/ValidTeachersandTeachings[B00KXCFG2M]/ValidTeachersandTeachings[B00KXCFG2M].m4b,Audiobooks,audio/x-m4b,156441977,A,97;98;99,Valid Teachers and Teachings,Nonduality Intensive,T1x,1.00,exact name key(s): validteachersandteachings,
Audiobooks/YouAretheLightofConsciousness[B09VYC9VZF]/YouAretheLightofConsciousness[B09VYC9VZF].m4b,Audiobooks,audio/x-m4b,184940440,A,277,You Are the Light of Consciousness,On The Road Talk Series,T1x,1.00,exact name key(s): youarethelightofconsciousness,
DocandSusantalks/how-to-live-like-a-prayer--what-you-are-changes-the-world-2012.mp4,DocandSusantalks,video/mp4,594620375,A,278;285,How to Live Your Life Like A Prayer + What You are Changes the World,Discussion Series,T1x,1.00,"all significant tokens of a name segment match (prior: Discussion Series); exact name key(s): whatyouarechangestheworld, whatyouchangesworld; multi-work compilation (2 works)",
DocandSusantalks/improving-your-relationships--how-to-see-the-reality-of-life-2013.mp4,DocandSusantalks,video/mp4,659127991,A,279;280,How to See the Reality of Life + Improving Your Relationships,Discussion Series,T1x,1.00,"all significant tokens of a name segment match (prior: Discussion Series); exact name key(s): howseerealitylife, howtoseetherealityoflife; exact name key(s): improvingyourrelationships; multi-work compilation (2 works)",
DocandSusantalks/permanent-inner-peace--what-is-real-success-2012.mp4,DocandSusantalks,video/mp4,818413941,A,312;313,Permanent Inner Peace + What is Real Success?,Discussion Series,T1x,1.00,"all significant tokens of a name segment match (prior: Discussion Series); exact name key(s): permanentinnerpeace; exact name key(s): whatisrealsuccess, whatrealsuccess; multi-work compilation (2 works)",
DocandSusantalks/what-is-meant-by-spiritual--the-importance-of-family-2014.mp4,DocandSusantalks,video/mp4,706730141,A,282;283,The Importance of Family + What is Meant by Spiritual,Discussion Series,T1x,1.00,"all significant tokens of a name segment match (prior: Discussion Series); exact name key(s): importancefamily, theimportanceoffamily; exact name key(s): whatismeantbyspiritual, whatmeantspiritual; multi-work compilation (2 works)",
Lectures2002-2011/2002/apr-2002.mp4,Lectures2002-2011,video/mp4,1928743267,A,10;11;12,Positionality and Duality: Transcending the Opposites,The Way to God,T2ym,1.00,year-month 2002-04 unique across annual lecture series,
Lectures2002-2011/2002/aug-2002.mp4,Lectures2002-2011,video/mp4,1293673349,A,22;23;24;334,Advaita: The Way to God Through Mind,The Way to God,T2ym,1.00,year-month 2002-08 unique across annual lecture series,
Lectures2002-2011/2002/dec-2002.mp4,Lectures2002-2011,video/mp4,1164089060,A,34;35;36,Realization of the Self: The Final Moments,The Way to God,T2ym,1.00,year-month 2002-12 unique across annual lecture series,
Lectures2002-2011/2002/feb-2002.mp4,Lectures2002-2011,video/mp4,1732004954,A,4;5;6,Radical Subjectivity: The 'I' of Self,The Way to God,T2ym,1.00,year-month 2002-02 unique across annual lecture series,
Lectures2002-2011/2002/jan-2002.mp4,Lectures2002-2011,video/mp4,1640444395,A,1;2;3,Causality: The Ego's Foundation,The Way to God,T2ym,1.00,year-month 2002-01 unique across annual lecture series,
Lectures2002-2011/2002/jul-2002.mp4,Lectures2002-2011,video/mp4,1826239408,A,19;20;21;333,The Nature of Divinity vs Religious Fallacy,The Way to God,T2ym,1.00,year-month 2002-07 unique across annual lecture series,
Lectures2002-2011/2002/june-2002.mp4,Lectures2002-2011,video/mp4,1703371999,A,16;17;18;335,Realizing the Root of Consciousness: Meditative and Contemplative Techniques,The Way to God,T2ym,1.00,year-month 2002-06 unique across annual lecture series,
Lectures2002-2011/2002/march-2002.mp4,Lectures2002-2011,video/mp4,1764038656,A,7;8;9,The Levels of Consciousness: Subjective & Social Consequences,The Way to God,T2ym,1.00,year-month 2002-03 unique across annual lecture series,
Lectures2002-2011/2002/may-2002.mp4,Lectures2002-2011,video/mp4,1617467785,A,13;14;15,Perception and Illusion: Distortions of Reality,The Way to God,T2ym,1.00,year-month 2002-05 unique across annual lecture series,
Lectures2002-2011/2002/nov-2002.mp4,Lectures2002-2011,video/mp4,1431154746,A,31;32;33,God: Transcendent and Immanent,The Way to God,T2ym,1.00,year-month 2002-11 unique across annual lecture series,
Lectures2002-2011/2002/oct-2002.mp4,Lectures2002-2011,video/mp4,1629115140,A,28;29;30,Karma and the Afterlife,The Way to God,T2ym,1.00,year-month 2002-10 unique across annual lecture series,
Lectures2002-2011/2002/sep-2002.mp4,Lectures2002-2011,video/mp4,1757212205,A,25;26;27,Devotion: The Way to God Through the Heart,The Way to God,T2ym,1.00,year-month 2002-09 unique across annual lecture series,
Lectures2002-2011/2003/apr-2003.mp4,Lectures2002-2011,video/mp4,1613098803,A,40;41;42,Spirituality and the World,Devotional Nonduality,T2ym,1.00,year-month 2003-04 unique across annual lecture series,
Lectures2002-2011/2003/aug-2003.mp4,Lectures2002-2011,video/mp4,2028683071,A,46;47;48,Enlightenment,Devotional Nonduality,T2ym,1.00,year-month 2003-08 unique across annual lecture series,
Lectures2002-2011/2003/dec-2003.mp4,Lectures2002-2011,video/mp4,2033533994,A,52;53;54,"Dialogue, Questions, and Answers",Devotional Nonduality,T2ym,1.00,year-month 2003-12 unique across annual lecture series,
Lectures2002-2011/2003/feb-2003.mp4,Lectures2002-2011,video/mp4,1390688434,A,37;38;39,Integration of Spirituality and Personal Life,Devotional Nonduality,T2ym,1.00,year-month 2003-02 unique across annual lecture series,
Lectures2002-2011/2003/jun-2003.mp4,Lectures2002-2011,video/mp4,1865648966,A,43;44;45,Spiritual Community,Devotional Nonduality,T2ym,1.00,year-month 2003-06 unique across annual lecture series,
Lectures2002-2011/2003/nov-2003.mp4,Lectures2002-2011,video/mp4,2116053518,A,49;50;51,Realization of the Self as the 'I',Devotional Nonduality,T2ym,1.00,year-month 2003-11 unique across annual lecture series,
Lectures2002-2011/2004/apr-2004.mp4,Lectures2002-2011,video/mp4,2245808572,A,58;59;60;339,Emotions and Sensations,Transcending the Mind,T2ym,1.00,year-month 2004-04 unique across annual lecture series,
Lectures2002-2011/2004/aug-2004.mp4,Lectures2002-2011,video/mp4,2271468324,A,64;65;66;338,Identification and Illusion,Transcending the Mind,T2ym,1.00,year-month 2004-08 unique across annual lecture series,
Lectures2002-2011/2004/dec-2004.mp4,Lectures2002-2011,video/mp4,2616320361,A,70;71;72,The Ego and The Self,Transcending the Mind,T2ym,1.00,year-month 2004-12 unique across annual lecture series,
Lectures2002-2011/2004/feb-2004.mp4,Lectures2002-2011,video/mp4,2258809277,A,55;56;57,Thought and Ideation,Transcending the Mind,T2ym,1.00,year-month 2004-02 unique across annual lecture series,
Lectures2002-2011/2004/jun-2004.mp4,Lectures2002-2011,video/mp4,2386023952,A,61;62;63,Perception and Positionality,Transcending the Mind,T2ym,1.00,year-month 2004-06 unique across annual lecture series,
Lectures2002-2011/2004/oct-2004.mp4,Lectures2002-2011,video/mp4,2413138266,A,67;68;69,Witnessing and Observing,Transcending the Mind,T2ym,1.00,year-month 2004-10 unique across annual lecture series,
Lectures2002-2011/2005/apr-2005.mp4,Lectures2002-2011,video/mp4,2017032390,A,76;77;78;337,Alignment,Nonduality Intensive,T2ym,1.00,year-month 2005-04 unique across annual lecture series,
Lectures2002-2011/2005/aug-2005.mp4,Lectures2002-2011,video/mp4,2193523468,A,88;89;90,Serenity,Nonduality Intensive,T2ym,1.00,year-month 2005-08 unique across annual lecture series,
Lectures2002-2011/2005/dec-2005.mp4,Lectures2002-2011,video/mp4,2290116449,A,100;101;102,"God, Religion, and Spirituality",Nonduality Intensive,T2ym,1.00,year-month 2005-12 unique across annual lecture series,
Lectures2002-2011/2005/feb-2005.mp4,Lectures2002-2011,video/mp4,2154147391,A,73;74;75,Vision,Nonduality Intensive,T2ym,1.00,year-month 2005-02 unique across annual lecture series,
Lectures2002-2011/2005/jul-2005.mp4,Lectures2002-2011,video/mp4,2232753919,A,85;86;87,Conviction,Nonduality Intensive,T2ym,1.00,year-month 2005-07 unique across annual lecture series,
Lectures2002-2011/2005/jun-2005.mp4,Lectures2002-2011,video/mp4,2233917911,A,82;83;84,Transcending Barriers,Nonduality Intensive,T2ym,1.00,year-month 2005-06 unique across annual lecture series,
Lectures2002-2011/2005/may-2005.mp4,Lectures2002-2011,video/mp4,2143138447,A,79;80;81;336,Intention,Nonduality Intensive,T2ym,1.00,year-month 2005-05 unique across annual lecture series,
Lectures2002-2011/2005/nov-2005.mp4,Lectures2002-2011,video/mp4,2421507700,A,97;98;99,Valid Teachers and Teachings,Nonduality Intensive,T2ym,1.00,year-month 2005-11 unique across annual lecture series,
Lectures2002-2011/2005/oct-2005.mp4,Lectures2002-2011,video/mp4,2220258769,A,94;95;96,Spiritual Traps,Nonduality Intensive,T2ym,1.00,year-month 2005-10 unique across annual lecture series,
Lectures2002-2011/2005/sep-2005.mp4,Lectures2002-2011,video/mp4,2203323103,A,91;92;93,Transcending Obstacles,Nonduality Intensive,T2ym,1.00,year-month 2005-09 unique across annual lecture series,
Lectures2002-2011/2006/apr-2006.mp4,Lectures2002-2011,video/mp4,2127086280,A,106;107;108;341,Perception vs Essence,Transcending Levels of Consciousness,T2ym,1.00,year-month 2006-04 unique across annual lecture series,
Lectures2002-2011/2006/aug-2006.mp4,Lectures2002-2011,video/mp4,2149830696,A,112;113;114,Reason vs Truth,Transcending Levels of Consciousness,T2ym,1.00,year-month 2006-08 unique across annual lecture series,
Lectures2002-2011/2006/dec-2006.mp4,Lectures2002-2011,video/mp4,2089883925,A,124;125;126,Is the Miraculous Real?,Transcending Levels of Consciousness,T2ym,1.00,year-month 2006-12 unique across annual lecture series,
Lectures2002-2011/2006/feb-2006.mp4,Lectures2002-2011,video/mp4,2163978440,A,103;104;105,Experiential Reality,Transcending Levels of Consciousness,T2ym,1.00,year-month 2006-02 unique across annual lecture series,
Lectures2002-2011/2006/jun-2006.mp4,Lectures2002-2011,video/mp4,2100361276,A,109;110;111,Spiritual Truth vs. Spiritual Fantasy,Transcending Levels of Consciousness,T2ym,1.00,year-month 2006-06 unique across annual lecture series,
Lectures2002-2011/2006/nov-2006.mp4,Lectures2002-2011,video/mp4,2187083027,A,121;122;123;343,Live Your Life Like a Prayer,Transcending Levels of Consciousness,T2ym,1.00,year-month 2006-11 unique across annual lecture series,
Lectures2002-2011/2006/oct-2006.mp4,Lectures2002-2011,video/mp4,1980703617,A,118;119;120,Spiritual Practice and Daily Life,Transcending Levels of Consciousness,T2ym,1.00,year-month 2006-10 unique across annual lecture series,
Lectures2002-2011/2006/sep-2006.mp4,Lectures2002-2011,video/mp4,2444379488,A,115;116;117,A Review of the Work,Transcending Levels of Consciousness,T2ym,1.00,year-month 2006-09 unique across annual lecture series,
Lectures2002-2011/2007/apr-2007.mp4,Lectures2002-2011,video/mp4,2105292110,A,130;131;132,Relativism vs Reality,Spiritual Reality & Modern Man,T2ym,1.00,year-month 2007-04 unique across annual lecture series,
Lectures2002-2011/2007/aug-2007.mp4,Lectures2002-2011,video/mp4,2044496399,A,139;140;141,The Human Dilemma,Spiritual Reality & Modern Man,T2ym,1.00,year-month 2007-08 unique across annual lecture series,
Lectures2002-2011/2007/dec-2007.mp4,Lectures2002-2011,video/mp4,2130217877,A,151;152;153,Experiential Reality: The Mystic,Spiritual Reality & Modern Man,T2ym,1.00,year-month 2007-12 unique across annual lecture series,
Lectures2002-2011/2007/feb-2007.mp4,Lectures2002-2011,video/mp4,2223357384,A,127;128;129;340,God vs Science: Limits of the Mind,Spiritual Reality & Modern Man,T2ym,1.00,year-month 2007-02 unique across annual lecture series,
Lectures2002-2011/2007/jul-2007.mp4,Lectures2002-2011,video/mp4,2196681365,A,136;137;138,What is Truth? The Absolute,Spiritual Reality & Modern Man,T2ym,1.00,year-month 2007-07 unique across annual lecture series,
Lectures2002-2011/2007/jun-2007.mp4,Lectures2002-2011,video/mp4,2041492441,A,133;134;135,What is 'Real'?,Spiritual Reality & Modern Man,T2ym,1.00,year-month 2007-06 unique across annual lecture series,
Lectures2002-2011/2007/nov-2007.mp4,Lectures2002-2011,video/mp4,1561095458,A,148;149;150,Spiritual Survival: Realization of Reality,Spiritual Reality & Modern Man,T2ym,1.00,year-month 2007-11 unique across annual lecture series,
Lectures2002-2011/2007/oct-2007.mp4,Lectures2002-2011,video/mp4,2178225170,A,145;146;147,Creation vs Evolution,Spiritual Reality & Modern Man,T2ym,1.00,year-month 2007-10 unique across annual lecture series,
Lectures2002-2011/2007/sep-2007.mp4,Lectures2002-2011,video/mp4,2186398974,A,142;143;144,A Review of the Work,Spiritual Reality & Modern Man,T2ym,1.00,year-month 2007-09 unique across annual lecture series,
Lectures2002-2011/2008/aug-2008.mp4,Lectures2002-2011,video/mp4,1390061342,A,163;164;165,"Overcoming Doubt, Skepticism & Disbelief",Advanced Spiritual Awareness,T2ym,1.00,year-month 2008-08 unique across annual lecture series,
Lectures2002-2011/2008/dec-2008.mp4,Lectures2002-2011,video/mp4,2906920959,A,172;173;174,A Unique Sedona Seminar,Advanced Spiritual Awareness,T2ym,1.00,year-month 2008-12 unique across annual lecture series,
Lectures2002-2011/2008/jan-2008.mp4,Lectures2002-2011,video/mp4,1555407970,A,154;155;156,Spirituality: Reason and Faith,Advanced Spiritual Awareness,T2ym,1.00,year-month 2008-01 unique across annual lecture series,
Lectures2002-2011/2008/jun-2008.mp4,Lectures2002-2011,video/mp4,1656836821,A,160;161;162,"Belief, Trust and Credibility",Advanced Spiritual Awareness,T2ym,1.00,year-month 2008-06 unique across annual lecture series,
Lectures2002-2011/2008/mar-2008.mp4,Lectures2002-2011,video/mp4,1856551593,A,157;158;159,The Clear Pathway to Enlightenment,Advanced Spiritual Awareness,T2ym,1.00,year-month 2008-03 unique across annual lecture series,
Lectures2002-2011/2008/nov-2008.mp4,Lectures2002-2011,video/mp4,1662502017,A,169;170;171,Freedom: Morality and Ethics,Advanced Spiritual Awareness,T2ym,1.00,year-month 2008-11 unique across annual lecture series,
Lectures2002-2011/2008/oct-2008.mp4,Lectures2002-2011,video/mp4,1878532609,A,166;167;168,Practical Spirituality,Advanced Spiritual Awareness,T2ym,1.00,year-month 2008-10 unique across annual lecture series,
Lectures2002-2011/2009/apr-2009.mp4,Lectures2002-2011,video/mp4,1796783945,A,178;179;180,Happiness,In the World but Not of It,T2ym,1.00,year-month 2009-04 unique across annual lecture series,
Lectures2002-2011/2009/aug-2009.mp4,Lectures2002-2011,video/mp4,1643520266,A,181;182;183,Peace,In the World but Not of It,T2ym,1.00,year-month 2009-08 unique across annual lecture series,
Lectures2002-2011/2009/feb-2009.mp4,Lectures2002-2011,video/mp4,1766771817,A,175;176;177,What is the World?,In the World but Not of It,T2ym,1.00,year-month 2009-02 unique across annual lecture series,
Lectures2002-2011/2009/oct-2009.mp4,Lectures2002-2011,video/mp4,1815136589,A,184;185;186,Success,In the World but Not of It,T2ym,1.00,year-month 2009-10 unique across annual lecture series,
Lectures2002-2011/2010-2011/apr-2010.mp4,Lectures2002-2011,video/mp4,1828003077,A,187;188;189,Handling Spiritual Challenges,Practical Spirituality,T2ym,1.00,year-month 2010-04 unique across annual lecture series,
Lectures2002-2011/2010-2011/may-2011.mp4,Lectures2002-2011,video/mp4,1350824758,A,193;194;195,Most Valuable Qualities for a Spiritual Seeker,Love & Spiritual Seeker Qualities,T2ym,1.00,year-month 2011-05 unique across annual lecture series,
Lectures2002-2011/2010-2011/oct-2010.mp4,Lectures2002-2011,video/mp4,1625333427,A,190;191;192,Spiritual Life In Today's World,Practical Spirituality,T2ym,1.00,year-month 2010-10 unique across annual lecture series,
Lectures2002-2011/2010-2011/sep-2011.mp4,Lectures2002-2011,video/mp4,1186995314,A,196;197;198,Love,Love & Spiritual Seeker Qualities,T2ym,1.00,year-month 2011-09 unique across annual lecture series,
Ontheroad/devotion-to-truth.mp4,Ontheroad,video/mp4,633908592,A,311,Devotion to Truth Talk,On The Road Talk Series,T1c,1.00,containment: registry key 'devotiontotruth' inside master key,
Ontheroad/mind-heart-and-service-part1.mp4,Ontheroad,video/mp4,297319080,A,310,"Mind, Heart and Service: The Pathway of Devotional Non-Duality",On The Road Talk Series,T1x,1.00,"all significant tokens of a name segment match (prior: On The Road Talk Series); exact name key(s): mindheartandservice, mindheartservice",
Ontheroad/mind-heart-and-service-part2.mp4,Ontheroad,video/mp4,301395529,A,310,"Mind, Heart and Service: The Pathway of Devotional Non-Duality",On The Road Talk Series,T1x,1.00,"all significant tokens of a name segment match (prior: On The Road Talk Series); exact name key(s): mindheartandservice, mindheartservice",
Ontheroad/on-the-road-become-that-which-you-are.mp4,Ontheroad,video/mp4,945067613,A,215;216;217,Become That Which You Are,On The Road Talk Series,T1p,1.00,"exact after collection-prefix strip: becomethatwhichyou, becomethatwhichyouare",
Ontheroad/on-the-road-love-is-a-way-of-being.mp4,Ontheroad,video/mp4,1278663070,A,218;219;220,Love is a Way of Being,On The Road Talk Series,T1p,1.00,"exact after collection-prefix strip: loveisawayofbeing, lovewaybeing",
Ontheroad/on-the-road-presence-of-spiritual-awareness.mp4,Ontheroad,video/mp4,1512992795,A,222;223;224,The Presence of Spiritual Awareness,On The Road Talk Series,T1p,1.00,exact after collection-prefix strip: presencespiritualawareness,
Ontheroad/on-the-road-verification-of-spiritual-realities.mp4,Ontheroad,video/mp4,1111850016,A,230;231;232,Verification of Spiritual Realities,On The Road Talk Series,T1p,1.00,"exact after collection-prefix strip: verificationofspiritualrealities, verificationspiritualrealities",
Ontheroad/spiritual-will-part1.mp4,Ontheroad,video/mp4,399064557,A,228;229,Spiritual Will Inspiring Q & A,On The Road Talk Series,T1c,1.00,containment: registry key 'spiritualwill' inside master key,
Ontheroad/spiritual-will-part2.mp4,Ontheroad,video/mp4,389532592,A,228;229,Spiritual Will Inspiring Q & A,On The Road Talk Series,T1c,1.00,containment: registry key 'spiritualwill' inside master key,
Ontheroad/spiritual-will-qa.mp4,Ontheroad,video/mp4,466839815,A,228;229,Spiritual Will Inspiring Q & A,On The Road Talk Series,T2t,0.92,tokens 2/3 significant (prior: On The Road Talk Series),
PDFsandEPUBs/AlongthePathtoEnlightenment.epub,PDFsandEPUBs,application/x-zip,277011,A,298,Along the Path to Enlightenment,Books,T1x,1.00,exact name key(s): alongthepathtoenlightenment,
PDFsandEPUBs/BeyondIllusion.epub,PDFsandEPUBs,application/epub+zip,1521165,A,305,"Beyond Illusion: Exploring Perception, Ego, and Meditation on the Path to Truth",Transcription Series Books,T1x,1.00,exact name key(s): beyondillusion,
PDFsandEPUBs/BookofSlides.pdf,PDFsandEPUBs,application/pdf,9982718,A,314,Book of Slides (The Complete Collection),Books,T1c,1.00,containment: registry key 'bookofslides' inside master key,
PDFsandEPUBs/DailyReflections.pdf,PDFsandEPUBs,application/pdf,6278625,A,297,"Daily Reflections from Dr. David R. Hawkins: 365 Contemplations on Surrender, Healing, and Consciousness",Books,T1c,1.00,containment: registry key 'dailyreflections' inside master key,
PDFsandEPUBs/DissolvingtheEgo.pdf,PDFsandEPUBs,application/pdf,745719,A,299,Dissolving the Ego Realizing the Self,Books,T1c,1.00,containment: registry key 'dissolvingtheego' inside master key,
PDFsandEPUBs/I_RealityandSubjectivitybyDavidR.Hawkins.epub,PDFsandEPUBs,application/epub+zip,405229,A,288,I: Reality and Subjectivity,Books,T1c,1.00,containment: master key 'irealityandsubjectivity' inside registry name,
PDFsandEPUBs/LettingGo_ThePathwayofSurrenderbyDavidR.Hawkins.epub,PDFsandEPUBs,application/epub+zip,456565,A,290;323,Letting Go: The Pathway of Surrender,Books,T1c,1.00,all significant tokens of a name segment match (prior: none); containment: master key 'lettinggothepathwayofsurrender' inside registry name,
"PDFsandEPUBs/Powervs.Force-Hawkins,DavidR.epub",PDFsandEPUBs,application/epub+zip,1051261,A,286;320;331;373,Power vs. Force: The Hidden Determinants of Human Behavior,Books,T1c,1.00,containment: master key 'powervsforce' inside registry name,
"PDFsandEPUBs/Reality,SpiritualityandModernMan-Hawkins,DavidR.epub",PDFsandEPUBs,application/epub+zip,2132122,A,293,"Reality, Spirituality and Modern Man",Books,T1c,1.00,all significant tokens of a name segment match (prior: none); containment: master key 'realityspiritualityandmodernman' inside registry name,
PDFsandEPUBs/SuccessIsforYouUsingHeart-CenteredPowerPrinciplesforLastingAbundanceandFulfillment.epub,PDFsandEPUBs,application/epub+zip,1417631,A,296,Success Is for You: Using Heart-Centered Power Principles for Lasting Abundance and Fulfillment,Books,T1x,1.00,exact name key(s): successisforyouusingheartcenteredpowerprinciplesforlastingabundanceandfulfillment,
PDFsandEPUBs/TheEgoIsNottheRealYou.epub,PDFsandEPUBs,application/epub+zip,3124788,A,316,The Ego is Not the Real You,Books,T1x,1.00,exact name key(s): theegoisnottherealyou,
PDFsandEPUBs/TheEvolutionofConsciousness.pdf,PDFsandEPUBs,application/pdf,3627635,A,304,The Evolution of Consciousness: Navigating the Levels of Awareness and Unlocking Spiritual Potential,Transcription Series Books,T1x,1.00,exact name key(s): theevolutionofconsciousness,
PDFsandEPUBs/TheEyeoftheI_FromWhichNothingisHiddenbyDavidHawkins.epub,PDFsandEPUBs,application/epub+zip,762974,A,287;321,The Eye of the I,Books,T1c,1.00,containment: master key 'theeyeofthei' inside registry name,
PDFsandEPUBs/ThePathtoSpiritualAdvancement.pdf,PDFsandEPUBs,application/pdf,3130516,A,303,The Path to Spiritual Advancement: How to Transcend the Ego and Experience the Presence of God,Transcription Series Books,T1x,1.00,exact name key(s): thepathtospiritualadvancement,
PDFsandEPUBs/TheWisdomofDrDavidRHawkins.epub,PDFsandEPUBs,application/epub+zip,2649662,A,318,The Wisdom of Dr. David R. Hawkins: Classic Teachings on Spiritual Truth and Enlightenment,Books,T1x,1.00,exact name key(s): thewisdomofdrdavidrhawkins,
PDFsandEPUBs/TranscendingtheLevelsofConsciousness_TheStairwaytoEnlightenmentbyDavidR.Hawkins.epub,PDFsandEPUBs,application/epub+zip,575701,A,294;325,Transcending the Levels of Consciousness,Books,T1c,1.00,containment: master key 'transcendingthelevelsofconsciousness' inside registry name,
"PDFsandEPUBs/Truthvs.Falsehood-Hawkins,DavidR.epub",PDFsandEPUBs,application/epub+zip,1988493,A,289;322;327,Truth vs. Falsehood: How to Tell the Difference,Books,T1c,1.00,containment: master key 'truthvsfalsehood' inside registry name,
PDFsandEPUBs/Truthvs.Falsehood_HowtotelltheDifferencebyDavidR.Hawkins.epub,PDFsandEPUBs,application/epub+zip,1988493,A,289;322;327,Truth vs. Falsehood: How to Tell the Difference,Books,T1c,1.00,containment: master key 'truthvsfalsehood' inside registry name; containment: master key 'truthvsfalsehoodhowtotellthedifference' inside registry name,
"Satsangs/SatsangSeries-VolumeI/SatsangSeries,VolumeI[B00BOV7ODK].m4b",Satsangs,audio/x-m4b,165242100,B,,Satsang Series (Feb 2010),Satsang Series,T2t,0.75,tokens 2/4 significant (prior: Satsang Series),262:0.75;344:0.75;251:0.75;258:0.75;347:0.75;254:0.75;350:0.75;351:0.75;+14 more
"Satsangs/SatsangSeries-VolumeII/SatsangSeries,VolumeII[B00BOV9X8E].m4b",Satsangs,audio/x-m4b,167085941,B,,Satsang Series (Feb 2010),Satsang Series,T2t,0.75,tokens 2/5 significant (prior: Satsang Series),262:0.75;344:0.75;251:0.75;258:0.75;347:0.75;254:0.75;350:0.75;351:0.75;+14 more
"Satsangs/SatsangSeries-VolumeIII/CopyofSatsangSeries,VolumeIII[B00BOV7JE4].mp3",Satsangs,audio/x-m4b,159583119,B,,Satsang Series (Feb 2010),Satsang Series,T2t,0.75,tokens 2/7 significant (prior: Satsang Series),262:0.75;344:0.75;251:0.75;258:0.75;347:0.75;254:0.75;350:0.75;351:0.75;+14 more
"Satsangs/SatsangSeries-VolumeIII/SatsangSeries,VolumeIII[B00BOV7JE4].m4b",Satsangs,audio/x-m4b,159583119,B,,Satsang Series (Feb 2010),Satsang Series,T2t,0.75,tokens 2/6 significant (prior: Satsang Series),262:0.75;344:0.75;251:0.75;258:0.75;347:0.75;254:0.75;350:0.75;351:0.75;+14 more
"Satsangs/SatsangSeries-VolumeIV/SatsangSeries,VolumeIV[B00BOV8VXW].m4b",Satsangs,audio/x-m4b,125115121,B,,Satsang Series (Feb 2010),Satsang Series,T2t,0.75,tokens 2/5 significant (prior: Satsang Series),262:0.75;344:0.75;251:0.75;258:0.75;347:0.75;254:0.75;350:0.75;351:0.75;+14 more
"Satsangs/SatsangSeries-VolumeV/SatsangSeries,VolumeV[B00BOV9RUS].m4b",Satsangs,audio/x-m4b,124203654,B,,Satsang Series (Feb 2010),Satsang Series,T2t,0.75,tokens 2/4 significant (prior: Satsang Series),262:0.75;344:0.75;251:0.75;258:0.75;347:0.75;254:0.75;350:0.75;351:0.75;+14 more
"Satsangs/SatsangSeries-VolumeVI/SatsangSeries,VolumeVI[B00BOVA7Z2].m4b",Satsangs,audio/x-m4b,115059121,B,,Satsang Series (Feb 2010),Satsang Series,T2t,0.75,tokens 2/5 significant (prior: Satsang Series),262:0.75;344:0.75;251:0.75;258:0.75;347:0.75;254:0.75;350:0.75;351:0.75;+14 more
"Satsangs/SatsangSeries-VolumeVII/SatsangSeries,VolumeVII[B00BOV9W26].m4b",Satsangs,audio/x-m4b,127586045,B,,Satsang Series (Feb 2010),Satsang Series,T2t,0.75,tokens 2/6 significant (prior: Satsang Series),262:0.75;344:0.75;251:0.75;258:0.75;347:0.75;254:0.75;350:0.75;351:0.75;+14 more
"Satsangs/SatsangSeries-VolumeVIII/SatsangSeries,VolumeVIII[B00BOV8K4C].m4b",Satsangs,audio/x-m4b,117770952,B,,Satsang Series (Feb 2010),Satsang Series,T2t,0.75,tokens 2/7 significant (prior: Satsang Series),262:0.75;344:0.75;251:0.75;258:0.75;347:0.75;254:0.75;350:0.75;351:0.75;+14 more
Satsangs/SatsangSeriesVolumeIX/SatsangSeriesVolumeIX[B00JU2A62Q].m4b,Satsangs,audio/x-m4b,157783309,B,,Satsang Series (Feb 2010),Satsang Series,T2t,0.75,tokens 2/5 significant (prior: Satsang Series),262:0.75;344:0.75;251:0.75;258:0.75;347:0.75;254:0.75;350:0.75;351:0.75;+14 more
Satsangs/satsang-qa-jan-mar-jul-2011.mp4,Satsangs,video/mp4,2027131347,A,199;200;201,Question/Answer Session (Jan 2011) + Question/Answer Session (Mar 2011) + Question/Answer Session (Jul 2011),Satsang Series,T2sm,1.00,months 01/03/07 of 2011 match Satsang Series session(s); multi-work compilation (3 works),
VolumeSeries/volume-i-power-vs-force.mp4,VolumeSeries,video/mp4,1286589414,A,202;203,Volume I: Power vs. Force Muscle Testing,Volume Series,T2vol,1.00,all significant tokens of a name segment match (prior: Volume Series); volume numeral(s) i of Volume Series,
VolumeSeries/volume-ii-consciousness-and-addiction.mp4,VolumeSeries,video/mp4,1460289232,A,204;205,Volume II: Consciousness and Addiction,Volume Series,T1x,1.00,"all significant tokens of a name segment match (prior: Volume Series); exact name key(s): volumeiiconsciousnessaddiction, volumeiiconsciousnessandaddiction; volume numeral(s) ii of Volume Series",
VolumeSeries/volume-iii-advanced-states.mp4,VolumeSeries,video/mp4,1153593916,A,206;207,Volume III: Advanced States of Consciousness,Volume Series,T2vol,1.00,all significant tokens of a name segment match (prior: Volume Series); volume numeral(s) iii of Volume Series,
VolumeSeries/volume-iv-how-to-tell-the-truth.mp4,VolumeSeries,video/mp4,657368057,A,208;209,Volume IV: Consciousness: How to Tell the Truth About Anything,Volume Series,T2vol,1.00,all significant tokens of a name segment match (prior: Volume Series); volume numeral(s) iv of Volume Series,
VolumeSeries/volume-v-undoing-barriers.mp4,VolumeSeries,video/mp4,1452778159,A,210;211;212,Volume V: Undoing the Barriers to Spiritual Progress,Volume Series,T2vol,1.00,all significant tokens of a name segment match (prior: Volume Series); volume numeral(s) v of Volume Series,
VolumeSeries/volume-vi-vii-raise-level-conversation-with-knowingness.mp4,VolumeSeries,video/mp4,1102247663,A,213;214,Volume VI: How to Raise Your Level of Consciousness + Volume VII: A Conversation with Knowingness,Volume Series,T2vol,1.00,volume numeral(s) vi/vii of Volume Series; multi-work compilation (2 works),
"more/2012LifePrayer,WhatYouAreChangestheWorld,WhatisRealSuccessPermanentInnerPeace.mp3",more,audio/mpeg,99181989,A,285;312;313,What You are Changes the World + Permanent Inner Peace + What is Real Success?,Discussion Series,T1c,1.00,containment: master key 'permanentinnerpeace' inside registry name; containment: master key 'whatisrealsuccess' inside registry name; containment: master key 'whatyouarechangestheworld' inside registry name; multi-work compilation (3 works),
more/AdvancingSpiritualAwarenessPracticalSpirituality.mp3,more,audio/mpeg,136793969,A,166;167;168,Practical Spirituality,Advanced Spiritual Awareness,T1p,1.00,exact after collection-prefix strip: practicalspirituality,
more/AdvancingSpiritualAwarenessTheClearPathwaytoEnlightenment.mp3,more,audio/mpeg,131874733,A,157;158;159,The Clear Pathway to Enlightenment,Advanced Spiritual Awareness,T1p,1.00,exact after collection-prefix strip: theclearpathwaytoenlightenment,
more/DevotionalNondualityIntensiveAlignment.mp3,more,audio/mpeg,137514238,A,76;77;78;337,Alignment,Nonduality Intensive,T1x,1.00,all significant tokens of a name segment match (prior: Nonduality Intensive); exact after collection-prefix strip: alignment; exact name key(s): devotionalnondualityintensivealignment,
"more/DevotionalNondualityIntensiveGod,Religion,andSpirituality.mp3",more,audio/mpeg,146001088,A,100;101;102,"God, Religion, and Spirituality",Nonduality Intensive,T1p,1.00,"exact after collection-prefix strip: godreligionandspirituality, godreligionspirituality",
more/Don'tSetSailwithoutaCompass.mp3,more,audio/mpeg,31356325,A,356,Don’t Set Sail Without A Compass – Audio,Media Miscellaneous,T1x,1.00,exact name key(s): dontsetsailwithoutacompass,
more/GivingUpIllnessThroughACourseinMiracles.mp3,more,audio/mpeg,187153742,A,353,Giving Up Illness through A Course in Miracles© – Audio,Media Miscellaneous,T1x,1.00,all significant tokens of a name segment match (prior: none); exact name key(s): givingupillnessthroughacourseinmiracles,
more/HealingAchievingTotalWellnessThroughHigherLevelsofConsciousness.mp3,more,audio/mpeg,204308996,A,291;324;328,Healing and Recovery,Books,T1x,1.00,all significant tokens of a name segment match (prior: none); exact name key(s): healingachievingtotalwellnessthroughhigherlevelsofconsciousness,
more/HomoSpiritusDevotionalNondualitySeries(IntegrationofSpiritualityandPersonalLife-February2003).mp3,more,audio/mpeg,127616108,A,37;38;39,Integration of Spirituality and Personal Life,Devotional Nonduality,T1p,1.00,exact after collection-prefix strip: integrationofspiritualityandpersonallife,
more/HomoSpiritusDevotionalNondualitySeries(SpiritualCommunity-June2003).mp3,more,audio/mpeg,134104318,A,43;44;45,Spiritual Community,Devotional Nonduality,T1p,1.00,exact after collection-prefix strip: spiritualcommunity,
"more/IntheWorld,butNotofItLivingSpirituallyintheModernWorld.mp3",more,audio/mpeg,190565510,A,300;326;329,In the World But Not Of It: Transforming Everyday Experience into a Spiritual Path,Books,T1c,1.00,containment: master key 'intheworldbutnotofit' inside registry name,
more/PracticalSpiritualityHandlingSpiritualChallenges.mp3,more,audio/mpeg,132988555,A,187;188;189,Handling Spiritual Challenges,Practical Spirituality,T1p,1.00,exact after collection-prefix strip: handlingspiritualchallenges,
more/SatsangSeriesVolumeIX.mp3,more,audio/mpeg,140843870,B,,Satsang Series (Feb 2010),Satsang Series,T2t,0.75,tokens 2/5 significant (prior: Satsang Series),262:0.75;344:0.75;251:0.75;258:0.75;347:0.75;254:0.75;350:0.75;351:0.75;+14 more
more/TheHighestLevelofEnlightenmentTaptheDatabaseofConsciousnessforTotalSelf-Realization.mp3,more,audio/mpeg,171285361,A,301;330;332,The Highest Level of Enlightenment,Books,T1c,1.00,containment: master key 'thehighestlevelofenlightenment' inside registry name,
more/TheUltimateDavidHawkinsLibrary.mp3,more,audio/mpeg,296469173,A,370,The Ultimate David Hawkins Library,Nightingale-Conant,T1x,1.00,all significant tokens of a name segment match (prior: none); exact name key(s): theultimatedavidhawkinslibrary,
more/TranscendingtheLevelsofConsciousnessSeriesSpiritualPracticeandDailyLife.mp3,more,audio/mpeg,113738408,A,118;119;120,Spiritual Practice and Daily Life,Transcending Levels of Consciousness,T1p,1.00,exact after collection-prefix strip: spiritualpracticeanddailylife,
