uuid,block_id,block_position,review_status,reviewed_on,note
1,lectures-2002-2011,1,approved,2026-08-09,REVISION1 ODS color-group order
2,lectures-2002-2011,2,approved,2026-08-09,REVISION1 ODS color-group order
3,lectures-2002-2011,3,approved,2026-08-09,REVISION1 ODS color-group order
4,lectures-2002-2011,4,approved,2026-08-09,REVISION1 ODS color-group order
5,lectures-2002-2011,5,approved,2026-08-09,REVISION1 ODS color-group order
6,lectures-2002-2011,6,approved,2026-08-09,REVISION1 ODS color-group order
7,lectures-2002-2011,7,approved,2026-08-09,REVISION1 ODS color-group order
8,lectures-2002-2011,8,approved,2026-08-09,REVISION1 ODS color-group order
9,lectures-2002-2011,9,approved,2026-08-09,REVISION1 ODS color-group order
10,lectures-2002-2011,10,approved,2026-08-09,REVISION1 ODS color-group order
11,lectures-2002-2011,11,approved,2026-08-09,REVISION1 ODS color-group order
12,lectures-2002-2011,12,approved,2026-08-09,REVISION1 ODS color-group order
13,lectures-2002-2011,13,approved,2026-08-09,REVISION1 ODS color-group order
14,lectures-2002-2011,14,approved,2026-08-09,REVISION1 ODS color-group order
15,lectures-2002-2011,15,approved,2026-08-09,REVISION1 ODS color-group order
16,lectures-2002-2011,16,approved,2026-08-09,REVISION1 ODS color-group order
17,lectures-2002-2011,17,approved,2026-08-09,REVISION1 ODS color-group order
18,lectures-2002-2011,18,approved,2026-08-09,REVISION1 ODS color-group order
19,lectures-2002-2011,19,approved,2026-08-09,REVISION1 ODS color-group order
20,lectures-2002-2011,20,approved,2026-08-09,REVISION1 ODS color-group order
21,lectures-2002-2011,21,approved,2026-08-09,REVISION1 ODS color-group order
22,lectures-2002-2011,22,approved,2026-08-09,REVISION1 ODS color-group order
23,lectures-2002-2011,23,approved,2026-08-09,REVISION1 ODS color-group order
24,lectures-2002-2011,24,approved,2026-08-09,REVISION1 ODS color-group order
25,lectures-2002-2011,25,approved,2026-08-09,REVISION1 ODS color-group order
26,lectures-2002-2011,26,approved,2026-08-09,REVISION1 ODS color-group order
27,lectures-2002-2011,27,approved,2026-08-09,REVISION1 ODS color-group order
28,lectures-2002-2011,28,approved,2026-08-09,REVISION1 ODS color-group order
29,lectures-2002-2011,29,approved,2026-08-09,REVISION1 ODS color-group order
30,lectures-2002-2011,30,approved,2026-08-09,REVISION1 ODS color-group order
31,lectures-2002-2011,31,approved,2026-08-09,REVISION1 ODS color-group order
32,lectures-2002-2011,32,approved,2026-08-09,REVISION1 ODS color-group order
33,lectures-2002-2011,33,approved,2026-08-09,REVISION1 ODS color-group order
34,lectures-2002-2011,34,approved,2026-08-09,REVISION1 ODS color-group order
35,lectures-2002-2011,35,approved,2026-08-09,REVISION1 ODS color-group order
36,lectures-2002-2011,36,approved,2026-08-09,REVISION1 ODS color-group order
37,lectures-2002-2011,37,approved,2026-08-09,REVISION1 ODS color-group order
38,lectures-2002-2011,38,approved,2026-08-09,REVISION1 ODS color-group order
39,lectures-2002-2011,39,approved,2026-08-09,REVISION1 ODS color-group order
40,lectures-2002-2011,40,approved,2026-08-09,REVISION1 ODS color-group order
41,lectures-2002-2011,41,approved,2026-08-09,REVISION1 ODS color-group order
42,lectures-2002-2011,42,approved,2026-08-09,REVISION1 ODS color-group order
43,lectures-2002-2011,43,approved,2026-08-09,REVISION1 ODS color-group order
44,lectures-2002-2011,44,approved,2026-08-09,REVISION1 ODS color-group order
45,lectures-2002-2011,45,approved,2026-08-09,REVISION1 ODS color-group order
46,lectures-2002-2011,46,approved,2026-08-09,REVISION1 ODS color-group order
47,lectures-2002-2011,47,approved,2026-08-09,REVISION1 ODS color-group order
48,lectures-2002-2011,48,approved,2026-08-09,REVISION1 ODS color-group order
49,lectures-2002-2011,49,approved,2026-08-09,REVISION1 ODS color-group order
50,lectures-2002-2011,50,approved,2026-08-09,REVISION1 ODS color-group order
51,lectures-2002-2011,51,approved,2026-08-09,REVISION1 ODS color-group order
52,lectures-2002-2011,52,approved,2026-08-09,REVISION1 ODS color-group order
53,lectures-2002-2011,53,approved,2026-08-09,REVISION1 ODS color-group order
54,lectures-2002-2011,54,approved,2026-08-09,REVISION1 ODS color-group order
55,lectures-2002-2011,55,approved,2026-08-09,REVISION1 ODS color-group order
56,lectures-2002-2011,56,approved,2026-08-09,REVISION1 ODS color-group order
57,lectures-2002-2011,57,approved,2026-08-09,REVISION1 ODS color-group order
58,lectures-2002-2011,58,approved,2026-08-09,REVISION1 ODS color-group order
59,lectures-2002-2011,59,approved,2026-08-09,REVISION1 ODS color-group order
60,lectures-2002-2011,60,approved,2026-08-09,REVISION1 ODS color-group order
61,lectures-2002-2011,61,approved,2026-08-09,REVISION1 ODS color-group order
62,lectures-2002-2011,62,approved,2026-08-09,REVISION1 ODS color-group order
63,lectures-2002-2011,63,approved,2026-08-09,REVISION1 ODS color-group order
64,lectures-2002-2011,64,approved,2026-08-09,REVISION1 ODS color-group order
65,lectures-2002-2011,65,approved,2026-08-09,REVISION1 ODS color-group order
66,lectures-2002-2011,66,approved,2026-08-09,REVISION1 ODS color-group order
67,lectures-2002-2011,67,approved,2026-08-09,REVISION1 ODS color-group order
68,lectures-2002-2011,68,approved,2026-08-09,REVISION1 ODS color-group order
69,lectures-2002-2011,69,approved,2026-08-09,REVISION1 ODS color-group order
70,lectures-2002-2011,70,approved,2026-08-09,REVISION1 ODS color-group order
71,lectures-2002-2011,71,approved,2026-08-09,REVISION1 ODS color-group order
72,lectures-2002-2011,72,approved,2026-08-09,REVISION1 ODS color-group order
73,lectures-2002-2011,73,approved,2026-08-09,REVISION1 ODS color-group order
74,lectures-2002-2011,74,approved,2026-08-09,REVISION1 ODS color-group order
75,lectures-2002-2011,75,approved,2026-08-09,REVISION1 ODS color-group order
76,lectures-2002-2011,76,approved,2026-08-09,REVISION1 ODS color-group order
77,lectures-2002-2011,77,approved,2026-08-09,REVISION1 ODS color-group order
78,lectures-2002-2011,78,approved,2026-08-09,REVISION1 ODS color-group order
79,lectures-2002-2011,79,approved,2026-08-09,REVISION1 ODS color-group order
80,lectures-2002-2011,80,approved,2026-08-09,REVISION1 ODS color-group order
81,lectures-2002-2011,81,approved,2026-08-09,REVISION1 ODS color-group order
82,lectures-2002-2011,82,approved,2026-08-09,REVISION1 ODS color-group order
83,lectures-2002-2011,83,approved,2026-08-09,REVISION1 ODS color-group order
84,lectures-2002-2011,84,approved,2026-08-09,REVISION1 ODS color-group order
85,lectures-2002-2011,85,approved,2026-08-09,REVISION1 ODS color-group order
86,lectures-2002-2011,86,approved,2026-08-09,REVISION1 ODS color-group order
87,lectures-2002-2011,87,approved,2026-08-09,REVISION1 ODS color-group order
88,lectures-2002-2011,88,approved,2026-08-09,REVISION1 ODS color-group order
89,lectures-2002-2011,89,approved,2026-08-09,REVISION1 ODS color-group order
90,lectures-2002-2011,90,approved,2026-08-09,REVISION1 ODS color-group order
91,lectures-2002-2011,91,approved,2026-08-09,REVISION1 ODS color-group order
92,lectures-2002-2011,92,approved,2026-08-09,REVISION1 ODS color-group order
93,lectures-2002-2011,93,approved,2026-08-09,REVISION1 ODS color-group order
94,lectures-2002-2011,94,approved,2026-08-09,REVISION1 ODS color-group order
95,lectures-2002-2011,95,approved,2026-08-09,REVISION1 ODS color-group order
96,lectures-2002-2011,96,approved,2026-08-09,REVISION1 ODS color-group order
97,lectures-2002-2011,97,approved,2026-08-09,REVISION1 ODS color-group order
98,lectures-2002-2011,98,approved,2026-08-09,REVISION1 ODS color-group order
99,lectures-2002-2011,99,approved,2026-08-09,REVISION1 ODS color-group order
100,lectures-2002-2011,100,approved,2026-08-09,REVISION1 ODS color-group order
101,lectures-2002-2011,101,approved,2026-08-09,REVISION1 ODS color-group order
102,lectures-2002-2011,102,approved,2026-08-09,REVISION1 ODS color-group order
103,lectures-2002-2011,103,approved,2026-08-09,REVISION1 ODS color-group order
104,lectures-2002-2011,104,approved,2026-08-09,REVISION1 ODS color-group order
105,lectures-2002-2011,105,approved,2026-08-09,REVISION1 ODS color-group order
106,lectures-2002-2011,106,approved,2026-08-09,REVISION1 ODS color-group order
107,lectures-2002-2011,107,approved,2026-08-09,REVISION1 ODS color-group order
108,lectures-2002-2011,108,approved,2026-08-09,REVISION1 ODS color-group order
109,lectures-2002-2011,109,approved,2026-08-09,REVISION1 ODS color-group order
110,lectures-2002-2011,110,approved,2026-08-09,REVISION1 ODS color-group order
111,lectures-2002-2011,111,approved,2026-08-09,REVISION1 ODS color-group order
112,lectures-2002-2011,112,approved,2026-08-09,REVISION1 ODS color-group order
113,lectures-2002-2011,113,approved,2026-08-09,REVISION1 ODS color-group order
114,lectures-2002-2011,114,approved,2026-08-09,REVISION1 ODS color-group order
115,lectures-2002-2011,115,approved,2026-08-09,REVISION1 ODS color-group order
116,lectures-2002-2011,116,approved,2026-08-09,REVISION1 ODS color-group order
117,lectures-2002-2011,117,approved,2026-08-09,REVISION1 ODS color-group order
118,lectures-2002-2011,118,approved,2026-08-09,REVISION1 ODS color-group order
119,lectures-2002-2011,119,approved,2026-08-09,REVISION1 ODS color-group order
120,lectures-2002-2011,120,approved,2026-08-09,REVISION1 ODS color-group order
121,lectures-2002-2011,121,approved,2026-08-09,REVISION1 ODS color-group order
122,lectures-2002-2011,122,approved,2026-08-09,REVISION1 ODS color-group order
123,lectures-2002-2011,123,approved,2026-08-09,REVISION1 ODS color-group order
124,lectures-2002-2011,124,approved,2026-08-09,REVISION1 ODS color-group order
125,lectures-2002-2011,125,approved,2026-08-09,REVISION1 ODS color-group order
126,lectures-2002-2011,126,approved,2026-08-09,REVISION1 ODS color-group order
127,lectures-2002-2011,127,approved,2026-08-09,REVISION1 ODS color-group order
128,lectures-2002-2011,128,approved,2026-08-09,REVISION1 ODS color-group order
129,lectures-2002-2011,129,approved,2026-08-09,REVISION1 ODS color-group order
130,lectures-2002-2011,130,approved,2026-08-09,REVISION1 ODS color-group order
131,lectures-2002-2011,131,approved,2026-08-09,REVISION1 ODS color-group order
132,lectures-2002-2011,132,approved,2026-08-09,REVISION1 ODS color-group order
133,lectures-2002-2011,133,approved,2026-08-09,REVISION1 ODS color-group order
134,lectures-2002-2011,134,approved,2026-08-09,REVISION1 ODS color-group order
135,lectures-2002-2011,135,approved,2026-08-09,REVISION1 ODS color-group order
136,lectures-2002-2011,136,approved,2026-08-09,REVISION1 ODS color-group order
137,lectures-2002-2011,137,approved,2026-08-09,REVISION1 ODS color-group order
138,lectures-2002-2011,138,approved,2026-08-09,REVISION1 ODS color-group order
139,lectures-2002-2011,139,approved,2026-08-09,REVISION1 ODS color-group order
140,lectures-2002-2011,140,approved,2026-08-09,REVISION1 ODS color-group order
141,lectures-2002-2011,141,approved,2026-08-09,REVISION1 ODS color-group order
142,lectures-2002-2011,142,approved,2026-08-09,REVISION1 ODS color-group order
143,lectures-2002-2011,143,approved,2026-08-09,REVISION1 ODS color-group order
144,lectures-2002-2011,144,approved,2026-08-09,REVISION1 ODS color-group order
145,lectures-2002-2011,145,approved,2026-08-09,REVISION1 ODS color-group order
146,lectures-2002-2011,146,approved,2026-08-09,REVISION1 ODS color-group order
147,lectures-2002-2011,147,approved,2026-08-09,REVISION1 ODS color-group order
148,lectures-2002-2011,148,approved,2026-08-09,REVISION1 ODS color-group order
149,lectures-2002-2011,149,approved,2026-08-09,REVISION1 ODS color-group order
150,lectures-2002-2011,150,approved,2026-08-09,REVISION1 ODS color-group order
151,lectures-2002-2011,151,approved,2026-08-09,REVISION1 ODS color-group order
152,lectures-2002-2011,152,approved,2026-08-09,REVISION1 ODS color-group order
153,lectures-2002-2011,153,approved,2026-08-09,REVISION1 ODS color-group order
154,lectures-2002-2011,154,approved,2026-08-09,REVISION1 ODS color-group order
155,lectures-2002-2011,155,approved,2026-08-09,REVISION1 ODS color-group order
156,lectures-2002-2011,156,approved,2026-08-09,REVISION1 ODS color-group order
157,lectures-2002-2011,157,approved,2026-08-09,REVISION1 ODS color-group order
158,lectures-2002-2011,158,approved,2026-08-09,REVISION1 ODS color-group order
159,lectures-2002-2011,159,approved,2026-08-09,REVISION1 ODS color-group order
160,lectures-2002-2011,160,approved,2026-08-09,REVISION1 ODS color-group order
161,lectures-2002-2011,161,approved,2026-08-09,REVISION1 ODS color-group order
162,lectures-2002-2011,162,approved,2026-08-09,REVISION1 ODS color-group order
163,lectures-2002-2011,163,approved,2026-08-09,REVISION1 ODS color-group order
164,lectures-2002-2011,164,approved,2026-08-09,REVISION1 ODS color-group order
165,lectures-2002-2011,165,approved,2026-08-09,REVISION1 ODS color-group order
166,lectures-2002-2011,166,approved,2026-08-09,REVISION1 ODS color-group order
167,lectures-2002-2011,167,approved,2026-08-09,REVISION1 ODS color-group order
168,lectures-2002-2011,168,approved,2026-08-09,REVISION1 ODS color-group order
169,lectures-2002-2011,169,approved,2026-08-09,REVISION1 ODS color-group order
170,lectures-2002-2011,170,approved,2026-08-09,REVISION1 ODS color-group order
171,lectures-2002-2011,171,approved,2026-08-09,REVISION1 ODS color-group order
172,lectures-2002-2011,172,approved,2026-08-09,REVISION1 ODS color-group order
173,lectures-2002-2011,173,approved,2026-08-09,REVISION1 ODS color-group order
174,lectures-2002-2011,174,approved,2026-08-09,REVISION1 ODS color-group order
175,lectures-2002-2011,175,approved,2026-08-09,REVISION1 ODS color-group order
176,lectures-2002-2011,176,approved,2026-08-09,REVISION1 ODS color-group order
177,lectures-2002-2011,177,approved,2026-08-09,REVISION1 ODS color-group order
178,lectures-2002-2011,178,approved,2026-08-09,REVISION1 ODS color-group order
179,lectures-2002-2011,179,approved,2026-08-09,REVISION1 ODS color-group order
180,lectures-2002-2011,180,approved,2026-08-09,REVISION1 ODS color-group order
181,lectures-2002-2011,181,approved,2026-08-09,REVISION1 ODS color-group order
182,lectures-2002-2011,182,approved,2026-08-09,REVISION1 ODS color-group order
183,lectures-2002-2011,183,approved,2026-08-09,REVISION1 ODS color-group order
184,lectures-2002-2011,184,approved,2026-08-09,REVISION1 ODS color-group order
185,lectures-2002-2011,185,approved,2026-08-09,REVISION1 ODS color-group order
186,lectures-2002-2011,186,approved,2026-08-09,REVISION1 ODS color-group order
187,lectures-2002-2011,187,approved,2026-08-09,REVISION1 ODS color-group order
188,lectures-2002-2011,188,approved,2026-08-09,REVISION1 ODS color-group order
189,lectures-2002-2011,189,approved,2026-08-09,REVISION1 ODS color-group order
190,lectures-2002-2011,190,approved,2026-08-09,REVISION1 ODS color-group order
191,lectures-2002-2011,191,approved,2026-08-09,REVISION1 ODS color-group order
192,lectures-2002-2011,192,approved,2026-08-09,REVISION1 ODS color-group order
193,lectures-2002-2011,193,approved,2026-08-09,REVISION1 ODS color-group order
194,lectures-2002-2011,194,approved,2026-08-09,REVISION1 ODS color-group order
195,lectures-2002-2011,195,approved,2026-08-09,REVISION1 ODS color-group order
196,lectures-2002-2011,196,approved,2026-08-09,REVISION1 ODS color-group order
197,lectures-2002-2011,197,approved,2026-08-09,REVISION1 ODS color-group order
198,lectures-2002-2011,198,approved,2026-08-09,REVISION1 ODS color-group order
199,lectures-2002-2011,199,approved,2026-08-09,REVISION1 ODS color-group order
200,lectures-2002-2011,200,approved,2026-08-09,REVISION1 ODS color-group order
201,lectures-2002-2011,201,approved,2026-08-09,REVISION1 ODS color-group order
278,discussion,1,approved,2026-08-09,REVISION1 ODS color-group order
279,discussion,2,approved,2026-08-09,REVISION1 ODS color-group order
280,discussion,3,approved,2026-08-09,REVISION1 ODS color-group order
282,discussion,4,approved,2026-08-09,REVISION1 ODS color-group order
283,discussion,5,approved,2026-08-09,REVISION1 ODS color-group order
285,discussion,6,approved,2026-08-09,REVISION1 ODS color-group order
312,discussion,7,approved,2026-08-09,REVISION1 ODS color-group order
313,discussion,8,approved,2026-08-09,REVISION1 ODS color-group order
251,satsang,1,approved,2026-08-09,REVISION1 ODS color-group order
252,satsang,2,approved,2026-08-09,REVISION1 ODS color-group order
253,satsang,3,approved,2026-08-09,REVISION1 ODS color-group order
254,satsang,4,approved,2026-08-09,REVISION1 ODS color-group order
255,satsang,5,approved,2026-08-09,REVISION1 ODS color-group order
256,satsang,6,approved,2026-08-09,REVISION1 ODS color-group order
257,satsang,7,approved,2026-08-09,REVISION1 ODS color-group order
258,satsang,8,approved,2026-08-09,REVISION1 ODS color-group order
259,satsang,9,approved,2026-08-09,REVISION1 ODS color-group order
260,satsang,10,approved,2026-08-09,REVISION1 ODS color-group order
261,satsang,11,approved,2026-08-09,REVISION1 ODS color-group order
262,satsang,12,approved,2026-08-09,REVISION1 ODS color-group order
263,satsang,13,approved,2026-08-09,REVISION1 ODS color-group order
344,satsang,14,approved,2026-08-09,REVISION1 ODS color-group order
345,satsang,15,approved,2026-08-09,REVISION1 ODS color-group order
346,satsang,16,approved,2026-08-09,REVISION1 ODS color-group order
347,satsang,17,approved,2026-08-09,REVISION1 ODS color-group order
348,satsang,18,approved,2026-08-09,REVISION1 ODS color-group order
349,satsang,19,approved,2026-08-09,REVISION1 ODS color-group order
350,satsang,20,approved,2026-08-09,REVISION1 ODS color-group order
351,satsang,21,approved,2026-08-09,REVISION1 ODS color-group order
352,satsang,22,approved,2026-08-09,REVISION1 ODS color-group order
215,on-the-road,1,approved,2026-08-09,REVISION1 ODS color-group order
216,on-the-road,2,approved,2026-08-09,REVISION1 ODS color-group order
217,on-the-road,3,approved,2026-08-09,REVISION1 ODS color-group order
218,on-the-road,4,approved,2026-08-09,REVISION1 ODS color-group order
219,on-the-road,5,approved,2026-08-09,REVISION1 ODS color-group order
220,on-the-road,6,approved,2026-08-09,REVISION1 ODS color-group order
221,on-the-road,7,approved,2026-08-09,REVISION1 ODS color-group order
222,on-the-road,8,approved,2026-08-09,REVISION1 ODS color-group order
223,on-the-road,9,approved,2026-08-09,REVISION1 ODS color-group order
224,on-the-road,10,approved,2026-08-09,REVISION1 ODS color-group order
228,on-the-road,11,approved,2026-08-09,REVISION1 ODS color-group order
229,on-the-road,12,approved,2026-08-09,REVISION1 ODS color-group order
230,on-the-road,13,approved,2026-08-09,REVISION1 ODS color-group order
231,on-the-road,14,approved,2026-08-09,REVISION1 ODS color-group order
232,on-the-road,15,approved,2026-08-09,REVISION1 ODS color-group order
266,on-the-road,16,approved,2026-08-09,REVISION1 ODS color-group order
267,on-the-road,17,approved,2026-08-09,REVISION1 ODS color-group order
268,on-the-road,18,approved,2026-08-09,REVISION1 ODS color-group order
269,on-the-road,19,approved,2026-08-09,REVISION1 ODS color-group order
270,on-the-road,20,approved,2026-08-09,REVISION1 ODS color-group order
271,on-the-road,21,approved,2026-08-09,REVISION1 ODS color-group order
272,on-the-road,22,approved,2026-08-09,REVISION1 ODS color-group order
273,on-the-road,23,approved,2026-08-09,REVISION1 ODS color-group order
274,on-the-road,24,approved,2026-08-09,REVISION1 ODS color-group order
275,on-the-road,25,approved,2026-08-09,REVISION1 ODS color-group order
276,on-the-road,26,approved,2026-08-09,REVISION1 ODS color-group order
277,on-the-road,27,approved,2026-08-09,REVISION1 ODS color-group order
310,on-the-road,28,approved,2026-08-09,REVISION1 ODS color-group order
311,on-the-road,29,approved,2026-08-09,REVISION1 ODS color-group order
354,on-the-road,30,approved,2026-08-09,REVISION1 ODS color-group order
355,on-the-road,31,approved,2026-08-09,REVISION1 ODS color-group order
357,on-the-road,32,approved,2026-08-09,REVISION1 ODS color-group order
202,volume-series,1,approved,2026-08-09,REVISION1 ODS color-group order
203,volume-series,2,approved,2026-08-09,REVISION1 ODS color-group order
204,volume-series,3,approved,2026-08-09,REVISION1 ODS color-group order
205,volume-series,4,approved,2026-08-09,REVISION1 ODS color-group order
206,volume-series,5,approved,2026-08-09,REVISION1 ODS color-group order
207,volume-series,6,approved,2026-08-09,REVISION1 ODS color-group order
208,volume-series,7,approved,2026-08-09,REVISION1 ODS color-group order
209,volume-series,8,approved,2026-08-09,REVISION1 ODS color-group order
210,volume-series,9,approved,2026-08-09,REVISION1 ODS color-group order
211,volume-series,10,approved,2026-08-09,REVISION1 ODS color-group order
212,volume-series,11,approved,2026-08-09,REVISION1 ODS color-group order
213,volume-series,12,approved,2026-08-09,REVISION1 ODS color-group order
214,volume-series,13,approved,2026-08-09,REVISION1 ODS color-group order
233,office-series,1,approved,2026-08-09,REVISION1 ODS color-group order
234,office-series,2,approved,2026-08-09,REVISION1 ODS color-group order
235,office-series,3,approved,2026-08-09,REVISION1 ODS color-group order
236,office-series,4,approved,2026-08-09,REVISION1 ODS color-group order
237,office-series,5,approved,2026-08-09,REVISION1 ODS color-group order
238,office-series,6,approved,2026-08-09,REVISION1 ODS color-group order
239,office-series,7,approved,2026-08-09,REVISION1 ODS color-group order
240,office-series,8,approved,2026-08-09,REVISION1 ODS color-group order
241,office-series,9,approved,2026-08-09,REVISION1 ODS color-group order
242,office-series,10,approved,2026-08-09,REVISION1 ODS color-group order
243,office-series,11,approved,2026-08-09,REVISION1 ODS color-group order
244,office-series,12,approved,2026-08-09,REVISION1 ODS color-group order
245,office-series,13,approved,2026-08-09,REVISION1 ODS color-group order
247,office-series,14,approved,2026-08-09,REVISION1 ODS color-group order
248,office-series,15,approved,2026-08-09,REVISION1 ODS color-group order
250,office-series,16,approved,2026-08-09,REVISION1 ODS color-group order
362,lecture-highlights,1,approved,2026-08-09,REVISION1 ODS color-group order
363,lecture-highlights,2,approved,2026-08-09,REVISION1 ODS color-group order
364,lecture-highlights,3,approved,2026-08-09,REVISION1 ODS color-group order
365,lecture-highlights,4,approved,2026-08-09,REVISION1 ODS color-group order
366,lecture-highlights,5,approved,2026-08-09,REVISION1 ODS color-group order
367,lecture-highlights,6,approved,2026-08-09,REVISION1 ODS color-group order
368,lecture-highlights,7,approved,2026-08-09,REVISION1 ODS color-group order
286,books,1,approved,2026-08-09,REVISION1 ODS color-group order
287,books,2,approved,2026-08-09,REVISION1 ODS color-group order
288,books,3,approved,2026-08-09,REVISION1 ODS color-group order
289,books,4,approved,2026-08-09,REVISION1 ODS color-group order
290,books,5,approved,2026-08-09,REVISION1 ODS color-group order
291,books,6,approved,2026-08-09,REVISION1 ODS color-group order
292,books,7,approved,2026-08-09,REVISION1 ODS color-group order
293,books,8,approved,2026-08-09,REVISION1 ODS color-group order
294,books,9,approved,2026-08-09,REVISION1 ODS color-group order
295,books,10,approved,2026-08-09,REVISION1 ODS color-group order
296,books,11,approved,2026-08-09,REVISION1 ODS color-group order
297,books,12,approved,2026-08-09,REVISION1 ODS color-group order
298,books,13,approved,2026-08-09,REVISION1 ODS color-group order
299,books,14,approved,2026-08-09,REVISION1 ODS color-group order
300,books,15,approved,2026-08-09,REVISION1 ODS color-group order
301,books,16,approved,2026-08-09,REVISION1 ODS color-group order
314,books,17,approved,2026-08-09,REVISION1 ODS color-group order
316,books,18,approved,2026-08-09,REVISION1 ODS color-group order
317,books,19,approved,2026-08-09,REVISION1 ODS color-group order
318,books,20,approved,2026-08-09,REVISION1 ODS color-group order
319,books,21,approved,2026-08-09,REVISION1 ODS color-group order
303,transcription-books,1,approved,2026-08-09,REVISION1 ODS color-group order
304,transcription-books,2,approved,2026-08-09,REVISION1 ODS color-group order
305,transcription-books,3,approved,2026-08-09,REVISION1 ODS color-group order
306,transcription-books,4,approved,2026-08-09,REVISION1 ODS color-group order
307,transcription-books,5,approved,2026-08-09,REVISION1 ODS color-group order
308,transcription-books,6,approved,2026-08-09,REVISION1 ODS color-group order
353,media-misc,1,approved,2026-08-09,REVISION1 ODS color-group order
356,media-misc,2,approved,2026-08-09,REVISION1 ODS color-group order
358,media-misc,3,approved,2026-08-09,REVISION1 ODS color-group order
265,undecided,1,approved,2026-08-09,REVISION1 ODS color-group order
359,undecided,2,approved,2026-08-09,REVISION1 ODS color-group order
360,undecided,3,approved,2026-08-09,REVISION1 ODS color-group order
361,undecided,4,approved,2026-08-09,REVISION1 ODS color-group order
369,undecided,5,approved,2026-08-09,REVISION1 ODS color-group order
370,undecided,6,approved,2026-08-09,REVISION1 ODS color-group order
371,undecided,7,approved,2026-08-09,REVISION1 ODS color-group order
372,undecided,8,approved,2026-08-09,REVISION1 ODS color-group order
320,undecided,9,approved,2026-08-09,REVISION1 ODS color-group order
321,undecided,10,approved,2026-08-09,REVISION1 ODS color-group order
322,undecided,11,approved,2026-08-09,REVISION1 ODS color-group order
323,undecided,12,approved,2026-08-09,REVISION1 ODS color-group order
324,undecided,13,approved,2026-08-09,REVISION1 ODS color-group order
325,undecided,14,approved,2026-08-09,REVISION1 ODS color-group order
326,undecided,15,approved,2026-08-09,REVISION1 ODS color-group order
327,undecided,16,approved,2026-08-09,REVISION1 ODS color-group order
328,undecided,17,approved,2026-08-09,REVISION1 ODS color-group order
329,undecided,18,approved,2026-08-09,REVISION1 ODS color-group order
330,undecided,19,approved,2026-08-09,REVISION1 ODS color-group order
331,undecided,20,approved,2026-08-09,REVISION1 ODS color-group order
332,undecided,21,approved,2026-08-09,REVISION1 ODS color-group order
333,undecided,22,approved,2026-08-09,REVISION1 ODS color-group order
334,undecided,23,approved,2026-08-09,REVISION1 ODS color-group order
335,undecided,24,approved,2026-08-09,REVISION1 ODS color-group order
336,undecided,25,approved,2026-08-09,REVISION1 ODS color-group order
337,undecided,26,approved,2026-08-09,REVISION1 ODS color-group order
338,undecided,27,approved,2026-08-09,REVISION1 ODS color-group order
339,undecided,28,approved,2026-08-09,REVISION1 ODS color-group order
340,undecided,29,approved,2026-08-09,REVISION1 ODS color-group order
341,undecided,30,approved,2026-08-09,REVISION1 ODS color-group order
342,undecided,31,approved,2026-08-09,REVISION1 ODS color-group order
343,undecided,32,approved,2026-08-09,REVISION1 ODS color-group order
315,fran-grace,1,approved,2026-08-09,REVISION1 ODS color-group order
