uuid,work_id,item_type,series,year,month,format,title,clean_title,part_index,part_total,proposed_filename,proposed_filename_display
1,w-causality-the-ego-s-foundation,lecture,The Way to God,2002,01,DVD,Causality: The Ego's Foundation,Causality: The Ego's Foundation,1,3,2002-01_Causality_The_Ego's_Foundation_[1-3].mp4,2002-01_Causality_The_Ego's_Foundation_[1/3].mp4
2,w-causality-the-ego-s-foundation,lecture,The Way to God,2002,01,DVD,Causality: The Ego's Foundation,Causality: The Ego's Foundation,2,3,2002-01_Causality_The_Ego's_Foundation_[2-3].mp4,2002-01_Causality_The_Ego's_Foundation_[2/3].mp4
3,w-causality-the-ego-s-foundation,lecture,The Way to God,2002,01,DVD,Causality: The Ego's Foundation,Causality: The Ego's Foundation,3,3,2002-01_Causality_The_Ego's_Foundation_[3-3].mp4,2002-01_Causality_The_Ego's_Foundation_[3/3].mp4
4,w-radical-subjectivity-the-i-of-self,lecture,The Way to God,2002,02,DVD,Radical Subjectivity: The 'I' of Self,Radical Subjectivity: The 'I' of Self,1,3,2002-02_Radical_Subjectivity_The_'I'_of_Self_[1-3].mp4,2002-02_Radical_Subjectivity_The_'I'_of_Self_[1/3].mp4
5,w-radical-subjectivity-the-i-of-self,lecture,The Way to God,2002,02,DVD,Radical Subjectivity: The 'I' of Self,Radical Subjectivity: The 'I' of Self,2,3,2002-02_Radical_Subjectivity_The_'I'_of_Self_[2-3].mp4,2002-02_Radical_Subjectivity_The_'I'_of_Self_[2/3].mp4
6,w-radical-subjectivity-the-i-of-self,lecture,The Way to God,2002,02,DVD,Radical Subjectivity: The 'I' of Self,Radical Subjectivity: The 'I' of Self,3,3,2002-02_Radical_Subjectivity_The_'I'_of_Self_[3-3].mp4,2002-02_Radical_Subjectivity_The_'I'_of_Self_[3/3].mp4
7,w-the-levels-of-consciousness-subjective-s,lecture,The Way to God,2002,03,DVD,The Levels of Consciousness: Subjective & Social Consequences,The Levels of Consciousness: Subjective & Social Consequences,1,3,2002-03_The_Levels_of_Consciousness_Subjective_&_Social_Consequences_[1-3].mp4,2002-03_The_Levels_of_Consciousness_Subjective_&_Social_Consequences_[1/3].mp4
8,w-the-levels-of-consciousness-subjective-s,lecture,The Way to God,2002,03,DVD,The Levels of Consciousness: Subjective & Social Consequences,The Levels of Consciousness: Subjective & Social Consequences,2,3,2002-03_The_Levels_of_Consciousness_Subjective_&_Social_Consequences_[2-3].mp4,2002-03_The_Levels_of_Consciousness_Subjective_&_Social_Consequences_[2/3].mp4
9,w-the-levels-of-consciousness-subjective-s,lecture,The Way to God,2002,03,DVD,The Levels of Consciousness: Subjective & Social Consequences,The Levels of Consciousness: Subjective & Social Consequences,3,3,2002-03_The_Levels_of_Consciousness_Subjective_&_Social_Consequences_[3-3].mp4,2002-03_The_Levels_of_Consciousness_Subjective_&_Social_Consequences_[3/3].mp4
10,w-positionality-and-duality-transcending-t,lecture,The Way to God,2002,04,DVD,Positionality and Duality: Transcending the Opposites,Positionality and Duality: Transcending the Opposites,1,3,2002-04_Positionality_and_Duality_Transcending_the_Opposites_[1-3].mp4,2002-04_Positionality_and_Duality_Transcending_the_Opposites_[1/3].mp4
11,w-positionality-and-duality-transcending-t,lecture,The Way to God,2002,04,DVD,Positionality and Duality: Transcending the Opposites,Positionality and Duality: Transcending the Opposites,2,3,2002-04_Positionality_and_Duality_Transcending_the_Opposites_[2-3].mp4,2002-04_Positionality_and_Duality_Transcending_the_Opposites_[2/3].mp4
12,w-positionality-and-duality-transcending-t,lecture,The Way to God,2002,04,DVD,Positionality and Duality: Transcending the Opposites,Positionality and Duality: Transcending the Opposites,3,3,2002-04_Positionality_and_Duality_Transcending_the_Opposites_[3-3].mp4,2002-04_Positionality_and_Duality_Transcending_the_Opposites_[3/3].mp4
13,w-perception-and-illusion-distortions-of-r,lecture,The Way to God,2002,05,DVD,Perception and Illusion: Distortions of Reality,Perception and Illusion: Distortions of Reality,1,3,2002-05_Perception_and_Illusion_Distortions_of_Reality_[1-3].mp4,2002-05_Perception_and_Illusion_Distortions_of_Reality_[1/3].mp4
14,w-perception-and-illusion-distortions-of-r,lecture,The Way to God,2002,05,DVD,Perception and Illusion: Distortions of Reality,Perception and Illusion: Distortions of Reality,2,3,2002-05_Perception_and_Illusion_Distortions_of_Reality_[2-3].mp4,2002-05_Perception_and_Illusion_Distortions_of_Reality_[2/3].mp4
15,w-perception-and-illusion-distortions-of-r,lecture,The Way to God,2002,05,DVD,Perception and Illusion: Distortions of Reality,Perception and Illusion: Distortions of Reality,3,3,2002-05_Perception_and_Illusion_Distortions_of_Reality_[3-3].mp4,2002-05_Perception_and_Illusion_Distortions_of_Reality_[3/3].mp4
16,w-realizing-root,lecture,The Way to God,2002,06,DVD,Realizing the Root of Consciousness: Meditative and Contemplative Techniques,Realizing the Root of Consciousness: Meditative and Contemplative Techniques,1,3,2002-06_Realizing_the_Root_of_Consciousness_Meditative_and_Contemplative_Techniques_[1-3].mp4,2002-06_Realizing_the_Root_of_Consciousness_Meditative_and_Contemplative_Techniques_[1/3].mp4
17,w-realizing-root,lecture,The Way to God,2002,06,DVD,Realizing the Root of Consciousness: Meditative and Contemplative Techniques,Realizing the Root of Consciousness: Meditative and Contemplative Techniques,2,3,2002-06_Realizing_the_Root_of_Consciousness_Meditative_and_Contemplative_Techniques_[2-3].mp4,2002-06_Realizing_the_Root_of_Consciousness_Meditative_and_Contemplative_Techniques_[2/3].mp4
18,w-realizing-root,lecture,The Way to God,2002,06,DVD,Realizing the Root of Consciousness: Meditative and Contemplative Techniques,Realizing the Root of Consciousness: Meditative and Contemplative Techniques,3,3,2002-06_Realizing_the_Root_of_Consciousness_Meditative_and_Contemplative_Techniques_[3-3].mp4,2002-06_Realizing_the_Root_of_Consciousness_Meditative_and_Contemplative_Techniques_[3/3].mp4
19,w-nature-of-divinity,lecture,The Way to God,2002,07,DVD,The Nature of Divinity vs Religious Fallacy,The Nature of Divinity vs Religious Fallacy,1,3,2002-07_The_Nature_of_Divinity_vs_Religious_Fallacy_[1-3].mp4,2002-07_The_Nature_of_Divinity_vs_Religious_Fallacy_[1/3].mp4
20,w-nature-of-divinity,lecture,The Way to God,2002,07,DVD,The Nature of Divinity vs Religious Fallacy,The Nature of Divinity vs Religious Fallacy,2,3,2002-07_The_Nature_of_Divinity_vs_Religious_Fallacy_[2-3].mp4,2002-07_The_Nature_of_Divinity_vs_Religious_Fallacy_[2/3].mp4
21,w-nature-of-divinity,lecture,The Way to God,2002,07,DVD,The Nature of Divinity vs Religious Fallacy,The Nature of Divinity vs Religious Fallacy,3,3,2002-07_The_Nature_of_Divinity_vs_Religious_Fallacy_[3-3].mp4,2002-07_The_Nature_of_Divinity_vs_Religious_Fallacy_[3/3].mp4
22,w-advaita,lecture,The Way to God,2002,08,DVD,Advaita: The Way to God Through Mind,Advaita: The Way to God Through Mind,1,3,2002-08_Advaita_The_Way_to_God_Through_Mind_[1-3].mp4,2002-08_Advaita_The_Way_to_God_Through_Mind_[1/3].mp4
23,w-advaita,lecture,The Way to God,2002,08,DVD,Advaita: The Way to God Through Mind,Advaita: The Way to God Through Mind,2,3,2002-08_Advaita_The_Way_to_God_Through_Mind_[2-3].mp4,2002-08_Advaita_The_Way_to_God_Through_Mind_[2/3].mp4
24,w-advaita,lecture,The Way to God,2002,08,DVD,Advaita: The Way to God Through Mind,Advaita: The Way to God Through Mind,3,3,2002-08_Advaita_The_Way_to_God_Through_Mind_[3-3].mp4,2002-08_Advaita_The_Way_to_God_Through_Mind_[3/3].mp4
25,w-devotion-the-way-to-god-through-the-hear,lecture,The Way to God,2002,09,DVD,Devotion: The Way to God Through the Heart,Devotion: The Way to God Through the Heart,1,3,2002-09_Devotion_The_Way_to_God_Through_the_Heart_[1-3].mp4,2002-09_Devotion_The_Way_to_God_Through_the_Heart_[1/3].mp4
26,w-devotion-the-way-to-god-through-the-hear,lecture,The Way to God,2002,09,DVD,Devotion: The Way to God Through the Heart,Devotion: The Way to God Through the Heart,2,3,2002-09_Devotion_The_Way_to_God_Through_the_Heart_[2-3].mp4,2002-09_Devotion_The_Way_to_God_Through_the_Heart_[2/3].mp4
27,w-devotion-the-way-to-god-through-the-hear,lecture,The Way to God,2002,09,DVD,Devotion: The Way to God Through the Heart,Devotion: The Way to God Through the Heart,3,3,2002-09_Devotion_The_Way_to_God_Through_the_Heart_[3-3].mp4,2002-09_Devotion_The_Way_to_God_Through_the_Heart_[3/3].mp4
28,w-karma-and-the-afterlife,lecture,The Way to God,2002,10,DVD,Karma and the Afterlife,Karma and the Afterlife,1,3,2002-10_Karma_and_the_Afterlife_[1-3].mp4,2002-10_Karma_and_the_Afterlife_[1/3].mp4
29,w-karma-and-the-afterlife,lecture,The Way to God,2002,10,DVD,Karma and the Afterlife,Karma and the Afterlife,2,3,2002-10_Karma_and_the_Afterlife_[2-3].mp4,2002-10_Karma_and_the_Afterlife_[2/3].mp4
30,w-karma-and-the-afterlife,lecture,The Way to God,2002,10,DVD,Karma and the Afterlife,Karma and the Afterlife,3,3,2002-10_Karma_and_the_Afterlife_[3-3].mp4,2002-10_Karma_and_the_Afterlife_[3/3].mp4
31,w-god-transcendent-and-immanent,lecture,The Way to God,2002,11,DVD,God: Transcendent and Immanent,God: Transcendent and Immanent,1,3,2002-11_God_Transcendent_and_Immanent_[1-3].mp4,2002-11_God_Transcendent_and_Immanent_[1/3].mp4
32,w-god-transcendent-and-immanent,lecture,The Way to God,2002,11,DVD,God: Transcendent and Immanent,God: Transcendent and Immanent,2,3,2002-11_God_Transcendent_and_Immanent_[2-3].mp4,2002-11_God_Transcendent_and_Immanent_[2/3].mp4
33,w-god-transcendent-and-immanent,lecture,The Way to God,2002,11,DVD,God: Transcendent and Immanent,God: Transcendent and Immanent,3,3,2002-11_God_Transcendent_and_Immanent_[3-3].mp4,2002-11_God_Transcendent_and_Immanent_[3/3].mp4
34,w-realization-of-the-self-the-final-moment,lecture,The Way to God,2002,12,DVD,Realization of the Self: The Final Moments,Realization of the Self: The Final Moments,1,3,2002-12_Realization_of_the_Self_The_Final_Moments_[1-3].mp4,2002-12_Realization_of_the_Self_The_Final_Moments_[1/3].mp4
35,w-realization-of-the-self-the-final-moment,lecture,The Way to God,2002,12,DVD,Realization of the Self: The Final Moments,Realization of the Self: The Final Moments,2,3,2002-12_Realization_of_the_Self_The_Final_Moments_[2-3].mp4,2002-12_Realization_of_the_Self_The_Final_Moments_[2/3].mp4
36,w-realization-of-the-self-the-final-moment,lecture,The Way to God,2002,12,DVD,Realization of the Self: The Final Moments,Realization of the Self: The Final Moments,3,3,2002-12_Realization_of_the_Self_The_Final_Moments_[3-3].mp4,2002-12_Realization_of_the_Self_The_Final_Moments_[3/3].mp4
37,w-integration-of-spirituality-and-personal,lecture,Devotional Nonduality,2003,02,DVD,Integration of Spirituality and Personal Life,Integration of Spirituality and Personal Life,1,3,2003-02_Integration_of_Spirituality_and_Personal_Life_[1-3].mp4,2003-02_Integration_of_Spirituality_and_Personal_Life_[1/3].mp4
38,w-integration-of-spirituality-and-personal,lecture,Devotional Nonduality,2003,02,DVD,Integration of Spirituality and Personal Life,Integration of Spirituality and Personal Life,2,3,2003-02_Integration_of_Spirituality_and_Personal_Life_[2-3].mp4,2003-02_Integration_of_Spirituality_and_Personal_Life_[2/3].mp4
39,w-integration-of-spirituality-and-personal,lecture,Devotional Nonduality,2003,02,DVD,Integration of Spirituality and Personal Life,Integration of Spirituality and Personal Life,3,3,2003-02_Integration_of_Spirituality_and_Personal_Life_[3-3].mp4,2003-02_Integration_of_Spirituality_and_Personal_Life_[3/3].mp4
40,w-spirituality-and-the-world,lecture,Devotional Nonduality,2003,04,DVD,Spirituality and the World,Spirituality and the World,1,3,2003-04_Spirituality_and_the_World_[1-3].mp4,2003-04_Spirituality_and_the_World_[1/3].mp4
41,w-spirituality-and-the-world,lecture,Devotional Nonduality,2003,04,DVD,Spirituality and the World,Spirituality and the World,2,3,2003-04_Spirituality_and_the_World_[2-3].mp4,2003-04_Spirituality_and_the_World_[2/3].mp4
42,w-spirituality-and-the-world,lecture,Devotional Nonduality,2003,04,DVD,Spirituality and the World,Spirituality and the World,3,3,2003-04_Spirituality_and_the_World_[3-3].mp4,2003-04_Spirituality_and_the_World_[3/3].mp4
43,w-spiritual-community,lecture,Devotional Nonduality,2003,06,DVD,Spiritual Community,Spiritual Community,1,3,2003-06_Spiritual_Community_[1-3].mp4,2003-06_Spiritual_Community_[1/3].mp4
44,w-spiritual-community,lecture,Devotional Nonduality,2003,06,DVD,Spiritual Community,Spiritual Community,2,3,2003-06_Spiritual_Community_[2-3].mp4,2003-06_Spiritual_Community_[2/3].mp4
45,w-spiritual-community,lecture,Devotional Nonduality,2003,06,DVD,Spiritual Community,Spiritual Community,3,3,2003-06_Spiritual_Community_[3-3].mp4,2003-06_Spiritual_Community_[3/3].mp4
46,w-enlightenment,lecture,Devotional Nonduality,2003,08,DVD,Enlightenment,Enlightenment,1,3,2003-08_Enlightenment_[1-3].mp4,2003-08_Enlightenment_[1/3].mp4
47,w-enlightenment,lecture,Devotional Nonduality,2003,08,DVD,Enlightenment,Enlightenment,2,3,2003-08_Enlightenment_[2-3].mp4,2003-08_Enlightenment_[2/3].mp4
48,w-enlightenment,lecture,Devotional Nonduality,2003,08,DVD,Enlightenment,Enlightenment,3,3,2003-08_Enlightenment_[3-3].mp4,2003-08_Enlightenment_[3/3].mp4
49,w-realization-of-the-self-as-the-i,lecture,Devotional Nonduality,2003,11,DVD,Realization of the Self as the 'I',Realization of the Self as the 'I',1,3,2003-11_Realization_of_the_Self_as_the_'I'_[1-3].mp4,2003-11_Realization_of_the_Self_as_the_'I'_[1/3].mp4
50,w-realization-of-the-self-as-the-i,lecture,Devotional Nonduality,2003,11,DVD,Realization of the Self as the 'I',Realization of the Self as the 'I',2,3,2003-11_Realization_of_the_Self_as_the_'I'_[2-3].mp4,2003-11_Realization_of_the_Self_as_the_'I'_[2/3].mp4
51,w-realization-of-the-self-as-the-i,lecture,Devotional Nonduality,2003,11,DVD,Realization of the Self as the 'I',Realization of the Self as the 'I',3,3,2003-11_Realization_of_the_Self_as_the_'I'_[3-3].mp4,2003-11_Realization_of_the_Self_as_the_'I'_[3/3].mp4
52,w-dialogue-questions-and-answers,lecture,Devotional Nonduality,2003,12,DVD,"Dialogue, Questions, and Answers","Dialogue, Questions, and Answers",1,3,"2003-12_Dialogue,_Questions,_and_Answers_[1-3].mp4","2003-12_Dialogue,_Questions,_and_Answers_[1/3].mp4"
53,w-dialogue-questions-and-answers,lecture,Devotional Nonduality,2003,12,DVD,"Dialogue, Questions, and Answers","Dialogue, Questions, and Answers",2,3,"2003-12_Dialogue,_Questions,_and_Answers_[2-3].mp4","2003-12_Dialogue,_Questions,_and_Answers_[2/3].mp4"
54,w-dialogue-questions-and-answers,lecture,Devotional Nonduality,2003,12,DVD,"Dialogue, Questions, and Answers","Dialogue, Questions, and Answers",3,3,"2003-12_Dialogue,_Questions,_and_Answers_[3-3].mp4","2003-12_Dialogue,_Questions,_and_Answers_[3/3].mp4"
55,w-thought-and-ideation,lecture,Transcending the Mind,2004,02,DVD,Thought and Ideation,Thought and Ideation,1,3,2004-02_Thought_and_Ideation_[1-3].mp4,2004-02_Thought_and_Ideation_[1/3].mp4
56,w-thought-and-ideation,lecture,Transcending the Mind,2004,02,DVD,Thought and Ideation,Thought and Ideation,2,3,2004-02_Thought_and_Ideation_[2-3].mp4,2004-02_Thought_and_Ideation_[2/3].mp4
57,w-thought-and-ideation,lecture,Transcending the Mind,2004,02,DVD,Thought and Ideation,Thought and Ideation,3,3,2004-02_Thought_and_Ideation_[3-3].mp4,2004-02_Thought_and_Ideation_[3/3].mp4
58,w-emotions-sensations,lecture,Transcending the Mind,2004,04,DVD,Emotions and Sensations,Emotions and Sensations,1,3,2004-04_Emotions_and_Sensations_[1-3].mp4,2004-04_Emotions_and_Sensations_[1/3].mp4
59,w-emotions-sensations,lecture,Transcending the Mind,2004,04,DVD,Emotions and Sensations,Emotions and Sensations,2,3,2004-04_Emotions_and_Sensations_[2-3].mp4,2004-04_Emotions_and_Sensations_[2/3].mp4
60,w-emotions-sensations,lecture,Transcending the Mind,2004,04,DVD,Emotions and Sensations,Emotions and Sensations,3,3,2004-04_Emotions_and_Sensations_[3-3].mp4,2004-04_Emotions_and_Sensations_[3/3].mp4
61,w-perception-and-positionality,lecture,Transcending the Mind,2004,06,DVD,Perception and Positionality,Perception and Positionality,1,3,2004-06_Perception_and_Positionality_[1-3].mp4,2004-06_Perception_and_Positionality_[1/3].mp4
62,w-perception-and-positionality,lecture,Transcending the Mind,2004,06,DVD,Perception and Positionality,Perception and Positionality,2,3,2004-06_Perception_and_Positionality_[2-3].mp4,2004-06_Perception_and_Positionality_[2/3].mp4
63,w-perception-and-positionality,lecture,Transcending the Mind,2004,06,DVD,Perception and Positionality,Perception and Positionality,3,3,2004-06_Perception_and_Positionality_[3-3].mp4,2004-06_Perception_and_Positionality_[3/3].mp4
64,w-identification-illusion,lecture,Transcending the Mind,2004,08,DVD,Identification and Illusion,Identification and Illusion,1,3,2004-08_Identification_and_Illusion_[1-3].mp4,2004-08_Identification_and_Illusion_[1/3].mp4
65,w-identification-illusion,lecture,Transcending the Mind,2004,08,DVD,Identification and Illusion,Identification and Illusion,2,3,2004-08_Identification_and_Illusion_[2-3].mp4,2004-08_Identification_and_Illusion_[2/3].mp4
66,w-identification-illusion,lecture,Transcending the Mind,2004,08,DVD,Identification and Illusion,Identification and Illusion,3,3,2004-08_Identification_and_Illusion_[3-3].mp4,2004-08_Identification_and_Illusion_[3/3].mp4
67,w-witnessing-and-observing,lecture,Transcending the Mind,2004,10,DVD,Witnessing and Observing,Witnessing and Observing,1,3,2004-10_Witnessing_and_Observing_[1-3].mp4,2004-10_Witnessing_and_Observing_[1/3].mp4
68,w-witnessing-and-observing,lecture,Transcending the Mind,2004,10,DVD,Witnessing and Observing,Witnessing and Observing,2,3,2004-10_Witnessing_and_Observing_[2-3].mp4,2004-10_Witnessing_and_Observing_[2/3].mp4
69,w-witnessing-and-observing,lecture,Transcending the Mind,2004,10,DVD,Witnessing and Observing,Witnessing and Observing,3,3,2004-10_Witnessing_and_Observing_[3-3].mp4,2004-10_Witnessing_and_Observing_[3/3].mp4
70,w-the-ego-and-the-self,lecture,Transcending the Mind,2004,12,DVD,The Ego and The Self,The Ego and The Self,1,3,2004-12_The_Ego_and_The_Self_[1-3].mp4,2004-12_The_Ego_and_The_Self_[1/3].mp4
71,w-the-ego-and-the-self,lecture,Transcending the Mind,2004,12,DVD,The Ego and The Self,The Ego and The Self,2,3,2004-12_The_Ego_and_The_Self_[2-3].mp4,2004-12_The_Ego_and_The_Self_[2/3].mp4
72,w-the-ego-and-the-self,lecture,Transcending the Mind,2004,12,DVD,The Ego and The Self,The Ego and The Self,3,3,2004-12_The_Ego_and_The_Self_[3-3].mp4,2004-12_The_Ego_and_The_Self_[3/3].mp4
73,w-vision,lecture,Nonduality Intensive,2005,02,DVD,Vision,Vision,1,3,2005-02_Vision_[1-3].mp4,2005-02_Vision_[1/3].mp4
74,w-vision,lecture,Nonduality Intensive,2005,02,DVD,Vision,Vision,2,3,2005-02_Vision_[2-3].mp4,2005-02_Vision_[2/3].mp4
75,w-vision,lecture,Nonduality Intensive,2005,02,DVD,Vision,Vision,3,3,2005-02_Vision_[3-3].mp4,2005-02_Vision_[3/3].mp4
76,w-alignment,lecture,Nonduality Intensive,2005,04,DVD,Alignment,Alignment,1,3,2005-04_Alignment_[1-3].mp4,2005-04_Alignment_[1/3].mp4
77,w-alignment,lecture,Nonduality Intensive,2005,04,DVD,Alignment,Alignment,2,3,2005-04_Alignment_[2-3].mp4,2005-04_Alignment_[2/3].mp4
78,w-alignment,lecture,Nonduality Intensive,2005,04,DVD,Alignment,Alignment,3,3,2005-04_Alignment_[3-3].mp4,2005-04_Alignment_[3/3].mp4
79,w-intention,lecture,Nonduality Intensive,2005,05,DVD,Intention,Intention,1,3,2005-05_Intention_[1-3].mp4,2005-05_Intention_[1/3].mp4
80,w-intention,lecture,Nonduality Intensive,2005,05,DVD,Intention,Intention,2,3,2005-05_Intention_[2-3].mp4,2005-05_Intention_[2/3].mp4
81,w-intention,lecture,Nonduality Intensive,2005,05,DVD,Intention,Intention,3,3,2005-05_Intention_[3-3].mp4,2005-05_Intention_[3/3].mp4
82,w-transcending-barriers,lecture,Nonduality Intensive,2005,06,DVD,Transcending Barriers,Transcending Barriers,1,3,2005-06_Transcending_Barriers_[1-3].mp4,2005-06_Transcending_Barriers_[1/3].mp4
83,w-transcending-barriers,lecture,Nonduality Intensive,2005,06,DVD,Transcending Barriers,Transcending Barriers,2,3,2005-06_Transcending_Barriers_[2-3].mp4,2005-06_Transcending_Barriers_[2/3].mp4
84,w-transcending-barriers,lecture,Nonduality Intensive,2005,06,DVD,Transcending Barriers,Transcending Barriers,3,3,2005-06_Transcending_Barriers_[3-3].mp4,2005-06_Transcending_Barriers_[3/3].mp4
85,w-conviction,lecture,Nonduality Intensive,2005,07,DVD,Conviction,Conviction,1,3,2005-07_Conviction_[1-3].mp4,2005-07_Conviction_[1/3].mp4
86,w-conviction,lecture,Nonduality Intensive,2005,07,DVD,Conviction,Conviction,2,3,2005-07_Conviction_[2-3].mp4,2005-07_Conviction_[2/3].mp4
87,w-conviction,lecture,Nonduality Intensive,2005,07,DVD,Conviction,Conviction,3,3,2005-07_Conviction_[3-3].mp4,2005-07_Conviction_[3/3].mp4
88,w-serenity,lecture,Nonduality Intensive,2005,08,DVD,Serenity,Serenity,1,3,2005-08_Serenity_[1-3].mp4,2005-08_Serenity_[1/3].mp4
89,w-serenity,lecture,Nonduality Intensive,2005,08,DVD,Serenity,Serenity,2,3,2005-08_Serenity_[2-3].mp4,2005-08_Serenity_[2/3].mp4
90,w-serenity,lecture,Nonduality Intensive,2005,08,DVD,Serenity,Serenity,3,3,2005-08_Serenity_[3-3].mp4,2005-08_Serenity_[3/3].mp4
91,w-transcending-obstacles,lecture,Nonduality Intensive,2005,09,DVD,Transcending Obstacles,Transcending Obstacles,1,3,2005-09_Transcending_Obstacles_[1-3].mp4,2005-09_Transcending_Obstacles_[1/3].mp4
92,w-transcending-obstacles,lecture,Nonduality Intensive,2005,09,DVD,Transcending Obstacles,Transcending Obstacles,2,3,2005-09_Transcending_Obstacles_[2-3].mp4,2005-09_Transcending_Obstacles_[2/3].mp4
93,w-transcending-obstacles,lecture,Nonduality Intensive,2005,09,DVD,Transcending Obstacles,Transcending Obstacles,3,3,2005-09_Transcending_Obstacles_[3-3].mp4,2005-09_Transcending_Obstacles_[3/3].mp4
94,w-spiritual-traps,lecture,Nonduality Intensive,2005,10,DVD,Spiritual Traps,Spiritual Traps,1,3,2005-10_Spiritual_Traps_[1-3].mp4,2005-10_Spiritual_Traps_[1/3].mp4
95,w-spiritual-traps,lecture,Nonduality Intensive,2005,10,DVD,Spiritual Traps,Spiritual Traps,2,3,2005-10_Spiritual_Traps_[2-3].mp4,2005-10_Spiritual_Traps_[2/3].mp4
96,w-spiritual-traps,lecture,Nonduality Intensive,2005,10,DVD,Spiritual Traps,Spiritual Traps,3,3,2005-10_Spiritual_Traps_[3-3].mp4,2005-10_Spiritual_Traps_[3/3].mp4
97,w-valid-teachers-and-teachings,lecture,Nonduality Intensive,2005,11,DVD,Valid Teachers and Teachings,Valid Teachers and Teachings,1,3,2005-11_Valid_Teachers_and_Teachings_[1-3].mp4,2005-11_Valid_Teachers_and_Teachings_[1/3].mp4
98,w-valid-teachers-and-teachings,lecture,Nonduality Intensive,2005,11,DVD,Valid Teachers and Teachings,Valid Teachers and Teachings,2,3,2005-11_Valid_Teachers_and_Teachings_[2-3].mp4,2005-11_Valid_Teachers_and_Teachings_[2/3].mp4
99,w-valid-teachers-and-teachings,lecture,Nonduality Intensive,2005,11,DVD,Valid Teachers and Teachings,Valid Teachers and Teachings,3,3,2005-11_Valid_Teachers_and_Teachings_[3-3].mp4,2005-11_Valid_Teachers_and_Teachings_[3/3].mp4
100,w-god-religion-and-spirituality,lecture,Nonduality Intensive,2005,12,DVD,"God, Religion, and Spirituality","God, Religion, and Spirituality",1,3,"2005-12_God,_Religion,_and_Spirituality_[1-3].mp4","2005-12_God,_Religion,_and_Spirituality_[1/3].mp4"
101,w-god-religion-and-spirituality,lecture,Nonduality Intensive,2005,12,DVD,"God, Religion, and Spirituality","God, Religion, and Spirituality",2,3,"2005-12_God,_Religion,_and_Spirituality_[2-3].mp4","2005-12_God,_Religion,_and_Spirituality_[2/3].mp4"
102,w-god-religion-and-spirituality,lecture,Nonduality Intensive,2005,12,DVD,"God, Religion, and Spirituality","God, Religion, and Spirituality",3,3,"2005-12_God,_Religion,_and_Spirituality_[3-3].mp4","2005-12_God,_Religion,_and_Spirituality_[3/3].mp4"
103,w-experiential-reality,lecture,Transcending Levels of Consciousness,2006,02,DVD,Experiential Reality,Experiential Reality,1,3,2006-02_Experiential_Reality_[1-3].mp4,2006-02_Experiential_Reality_[1/3].mp4
104,w-experiential-reality,lecture,Transcending Levels of Consciousness,2006,02,DVD,Experiential Reality,Experiential Reality,2,3,2006-02_Experiential_Reality_[2-3].mp4,2006-02_Experiential_Reality_[2/3].mp4
105,w-experiential-reality,lecture,Transcending Levels of Consciousness,2006,02,DVD,Experiential Reality,Experiential Reality,3,3,2006-02_Experiential_Reality_[3-3].mp4,2006-02_Experiential_Reality_[3/3].mp4
106,w-tlc-perception,lecture,Transcending Levels of Consciousness,2006,04,DVD,Perception vs Essence,Perception vs Essence,1,3,2006-04_Perception_vs_Essence_[1-3].mp4,2006-04_Perception_vs_Essence_[1/3].mp4
107,w-tlc-perception,lecture,Transcending Levels of Consciousness,2006,04,DVD,Perception vs Essence,Perception vs Essence,2,3,2006-04_Perception_vs_Essence_[2-3].mp4,2006-04_Perception_vs_Essence_[2/3].mp4
108,w-tlc-perception,lecture,Transcending Levels of Consciousness,2006,04,DVD,Perception vs Essence,Perception vs Essence,3,3,2006-04_Perception_vs_Essence_[3-3].mp4,2006-04_Perception_vs_Essence_[3/3].mp4
109,w-spiritual-truth-vs-spiritual-fantasy,lecture,Transcending Levels of Consciousness,2006,06,DVD,Spiritual Truth vs. Spiritual Fantasy,Spiritual Truth vs. Spiritual Fantasy,1,3,2006-06_Spiritual_Truth_vs._Spiritual_Fantasy_[1-3].mp4,2006-06_Spiritual_Truth_vs._Spiritual_Fantasy_[1/3].mp4
110,w-spiritual-truth-vs-spiritual-fantasy,lecture,Transcending Levels of Consciousness,2006,06,DVD,Spiritual Truth vs. Spiritual Fantasy,Spiritual Truth vs. Spiritual Fantasy,2,3,2006-06_Spiritual_Truth_vs._Spiritual_Fantasy_[2-3].mp4,2006-06_Spiritual_Truth_vs._Spiritual_Fantasy_[2/3].mp4
111,w-spiritual-truth-vs-spiritual-fantasy,lecture,Transcending Levels of Consciousness,2006,06,DVD,Spiritual Truth vs. Spiritual Fantasy,Spiritual Truth vs. Spiritual Fantasy,3,3,2006-06_Spiritual_Truth_vs._Spiritual_Fantasy_[3-3].mp4,2006-06_Spiritual_Truth_vs._Spiritual_Fantasy_[3/3].mp4
112,w-reason-vs-truth,lecture,Transcending Levels of Consciousness,2006,08,DVD,Reason vs Truth,Reason vs Truth,1,3,2006-08_Reason_vs_Truth_[1-3].mp4,2006-08_Reason_vs_Truth_[1/3].mp4
113,w-reason-vs-truth,lecture,Transcending Levels of Consciousness,2006,08,DVD,Reason vs Truth,Reason vs Truth,2,3,2006-08_Reason_vs_Truth_[2-3].mp4,2006-08_Reason_vs_Truth_[2/3].mp4
114,w-reason-vs-truth,lecture,Transcending Levels of Consciousness,2006,08,DVD,Reason vs Truth,Reason vs Truth,3,3,2006-08_Reason_vs_Truth_[3-3].mp4,2006-08_Reason_vs_Truth_[3/3].mp4
115,w-a-review-of-the-work-2006,lecture,Transcending Levels of Consciousness,2006,09,DVD,A Review of the Work,A Review of the Work,1,3,2006-09_A_Review_of_the_Work_[1-3].mp4,2006-09_A_Review_of_the_Work_[1/3].mp4
116,w-a-review-of-the-work-2006,lecture,Transcending Levels of Consciousness,2006,09,DVD,A Review of the Work,A Review of the Work,2,3,2006-09_A_Review_of_the_Work_[2-3].mp4,2006-09_A_Review_of_the_Work_[2/3].mp4
117,w-a-review-of-the-work-2006,lecture,Transcending Levels of Consciousness,2006,09,DVD,A Review of the Work,A Review of the Work,3,3,2006-09_A_Review_of_the_Work_[3-3].mp4,2006-09_A_Review_of_the_Work_[3/3].mp4
118,w-spiritual-practice-and-daily-life,lecture,Transcending Levels of Consciousness,2006,10,DVD,Spiritual Practice and Daily Life,Spiritual Practice and Daily Life,1,3,2006-10_Spiritual_Practice_and_Daily_Life_[1-3].mp4,2006-10_Spiritual_Practice_and_Daily_Life_[1/3].mp4
119,w-spiritual-practice-and-daily-life,lecture,Transcending Levels of Consciousness,2006,10,DVD,Spiritual Practice and Daily Life,Spiritual Practice and Daily Life,2,3,2006-10_Spiritual_Practice_and_Daily_Life_[2-3].mp4,2006-10_Spiritual_Practice_and_Daily_Life_[2/3].mp4
120,w-spiritual-practice-and-daily-life,lecture,Transcending Levels of Consciousness,2006,10,DVD,Spiritual Practice and Daily Life,Spiritual Practice and Daily Life,3,3,2006-10_Spiritual_Practice_and_Daily_Life_[3-3].mp4,2006-10_Spiritual_Practice_and_Daily_Life_[3/3].mp4
121,w-live-prayer,lecture,Transcending Levels of Consciousness,2006,11,DVD,Live Your Life Like a Prayer,Live Your Life Like a Prayer,1,3,2006-11_Live_Your_Life_Like_a_Prayer_[1-3].mp4,2006-11_Live_Your_Life_Like_a_Prayer_[1/3].mp4
122,w-live-prayer,lecture,Transcending Levels of Consciousness,2006,11,DVD,Live Your Life Like a Prayer,Live Your Life Like a Prayer,2,3,2006-11_Live_Your_Life_Like_a_Prayer_[2-3].mp4,2006-11_Live_Your_Life_Like_a_Prayer_[2/3].mp4
123,w-live-prayer,lecture,Transcending Levels of Consciousness,2006,11,DVD,Live Your Life Like a Prayer,Live Your Life Like a Prayer,3,3,2006-11_Live_Your_Life_Like_a_Prayer_[3-3].mp4,2006-11_Live_Your_Life_Like_a_Prayer_[3/3].mp4
124,w-is-the-miraculous-real,lecture,Transcending Levels of Consciousness,2006,12,DVD,Is the Miraculous Real?,Is the Miraculous Real?,1,3,2006-12_Is_the_Miraculous_Real_[1-3].mp4,2006-12_Is_the_Miraculous_Real_[1/3].mp4
125,w-is-the-miraculous-real,lecture,Transcending Levels of Consciousness,2006,12,DVD,Is the Miraculous Real?,Is the Miraculous Real?,2,3,2006-12_Is_the_Miraculous_Real_[2-3].mp4,2006-12_Is_the_Miraculous_Real_[2/3].mp4
126,w-is-the-miraculous-real,lecture,Transcending Levels of Consciousness,2006,12,DVD,Is the Miraculous Real?,Is the Miraculous Real?,3,3,2006-12_Is_the_Miraculous_Real_[3-3].mp4,2006-12_Is_the_Miraculous_Real_[3/3].mp4
127,w-god-vs-science,lecture,Spiritual Reality & Modern Man,2007,02,DVD,God vs Science: Limits of the Mind,God vs Science: Limits of the Mind,1,3,2007-02_God_vs_Science_Limits_of_the_Mind_[1-3].mp4,2007-02_God_vs_Science_Limits_of_the_Mind_[1/3].mp4
128,w-god-vs-science,lecture,Spiritual Reality & Modern Man,2007,02,DVD,God vs Science: Limits of the Mind,God vs Science: Limits of the Mind,2,3,2007-02_God_vs_Science_Limits_of_the_Mind_[2-3].mp4,2007-02_God_vs_Science_Limits_of_the_Mind_[2/3].mp4
129,w-god-vs-science,lecture,Spiritual Reality & Modern Man,2007,02,DVD,God vs Science: Limits of the Mind,God vs Science: Limits of the Mind,3,3,2007-02_God_vs_Science_Limits_of_the_Mind_[3-3].mp4,2007-02_God_vs_Science_Limits_of_the_Mind_[3/3].mp4
130,w-relativism-vs-reality,lecture,Spiritual Reality & Modern Man,2007,04,DVD,Relativism vs Reality,Relativism vs Reality,1,3,2007-04_Relativism_vs_Reality_[1-3].mp4,2007-04_Relativism_vs_Reality_[1/3].mp4
131,w-relativism-vs-reality,lecture,Spiritual Reality & Modern Man,2007,04,DVD,Relativism vs Reality,Relativism vs Reality,2,3,2007-04_Relativism_vs_Reality_[2-3].mp4,2007-04_Relativism_vs_Reality_[2/3].mp4
132,w-relativism-vs-reality,lecture,Spiritual Reality & Modern Man,2007,04,DVD,Relativism vs Reality,Relativism vs Reality,3,3,2007-04_Relativism_vs_Reality_[3-3].mp4,2007-04_Relativism_vs_Reality_[3/3].mp4
133,w-what-is-real,lecture,Spiritual Reality & Modern Man,2007,06,DVD,What is 'Real'?,What is 'Real'?,1,3,2007-06_What_is_'Real'_[1-3].mp4,2007-06_What_is_'Real'_[1/3].mp4
134,w-what-is-real,lecture,Spiritual Reality & Modern Man,2007,06,DVD,What is 'Real'?,What is 'Real'?,2,3,2007-06_What_is_'Real'_[2-3].mp4,2007-06_What_is_'Real'_[2/3].mp4
135,w-what-is-real,lecture,Spiritual Reality & Modern Man,2007,06,DVD,What is 'Real'?,What is 'Real'?,3,3,2007-06_What_is_'Real'_[3-3].mp4,2007-06_What_is_'Real'_[3/3].mp4
136,w-what-is-truth-the-absolute,lecture,Spiritual Reality & Modern Man,2007,07,DVD,What is Truth? The Absolute,What is Truth? The Absolute,1,3,2007-07_What_is_Truth_The_Absolute_[1-3].mp4,2007-07_What_is_Truth_The_Absolute_[1/3].mp4
137,w-what-is-truth-the-absolute,lecture,Spiritual Reality & Modern Man,2007,07,DVD,What is Truth? The Absolute,What is Truth? The Absolute,2,3,2007-07_What_is_Truth_The_Absolute_[2-3].mp4,2007-07_What_is_Truth_The_Absolute_[2/3].mp4
138,w-what-is-truth-the-absolute,lecture,Spiritual Reality & Modern Man,2007,07,DVD,What is Truth? The Absolute,What is Truth? The Absolute,3,3,2007-07_What_is_Truth_The_Absolute_[3-3].mp4,2007-07_What_is_Truth_The_Absolute_[3/3].mp4
139,w-the-human-dilemma,lecture,Spiritual Reality & Modern Man,2007,08,DVD,The Human Dilemma,The Human Dilemma,1,3,2007-08_The_Human_Dilemma_[1-3].mp4,2007-08_The_Human_Dilemma_[1/3].mp4
140,w-the-human-dilemma,lecture,Spiritual Reality & Modern Man,2007,08,DVD,The Human Dilemma,The Human Dilemma,2,3,2007-08_The_Human_Dilemma_[2-3].mp4,2007-08_The_Human_Dilemma_[2/3].mp4
141,w-the-human-dilemma,lecture,Spiritual Reality & Modern Man,2007,08,DVD,The Human Dilemma,The Human Dilemma,3,3,2007-08_The_Human_Dilemma_[3-3].mp4,2007-08_The_Human_Dilemma_[3/3].mp4
142,w-a-review-of-the-work-2007,lecture,Spiritual Reality & Modern Man,2007,09,DVD,A Review of the Work,A Review of the Work,1,3,2007-09_A_Review_of_the_Work_[1-3].mp4,2007-09_A_Review_of_the_Work_[1/3].mp4
143,w-a-review-of-the-work-2007,lecture,Spiritual Reality & Modern Man,2007,09,DVD,A Review of the Work,A Review of the Work,2,3,2007-09_A_Review_of_the_Work_[2-3].mp4,2007-09_A_Review_of_the_Work_[2/3].mp4
144,w-a-review-of-the-work-2007,lecture,Spiritual Reality & Modern Man,2007,09,DVD,A Review of the Work,A Review of the Work,3,3,2007-09_A_Review_of_the_Work_[3-3].mp4,2007-09_A_Review_of_the_Work_[3/3].mp4
145,w-creation-vs-evolution,lecture,Spiritual Reality & Modern Man,2007,10,DVD,Creation vs Evolution,Creation vs Evolution,1,3,2007-10_Creation_vs_Evolution_[1-3].mp4,2007-10_Creation_vs_Evolution_[1/3].mp4
146,w-creation-vs-evolution,lecture,Spiritual Reality & Modern Man,2007,10,DVD,Creation vs Evolution,Creation vs Evolution,2,3,2007-10_Creation_vs_Evolution_[2-3].mp4,2007-10_Creation_vs_Evolution_[2/3].mp4
147,w-creation-vs-evolution,lecture,Spiritual Reality & Modern Man,2007,10,DVD,Creation vs Evolution,Creation vs Evolution,3,3,2007-10_Creation_vs_Evolution_[3-3].mp4,2007-10_Creation_vs_Evolution_[3/3].mp4
148,w-spiritual-survival-realization-of-realit,lecture,Spiritual Reality & Modern Man,2007,11,DVD,Spiritual Survival: Realization of Reality,Spiritual Survival: Realization of Reality,1,3,2007-11_Spiritual_Survival_Realization_of_Reality_[1-3].mp4,2007-11_Spiritual_Survival_Realization_of_Reality_[1/3].mp4
149,w-spiritual-survival-realization-of-realit,lecture,Spiritual Reality & Modern Man,2007,11,DVD,Spiritual Survival: Realization of Reality,Spiritual Survival: Realization of Reality,2,3,2007-11_Spiritual_Survival_Realization_of_Reality_[2-3].mp4,2007-11_Spiritual_Survival_Realization_of_Reality_[2/3].mp4
150,w-spiritual-survival-realization-of-realit,lecture,Spiritual Reality & Modern Man,2007,11,DVD,Spiritual Survival: Realization of Reality,Spiritual Survival: Realization of Reality,3,3,2007-11_Spiritual_Survival_Realization_of_Reality_[3-3].mp4,2007-11_Spiritual_Survival_Realization_of_Reality_[3/3].mp4
151,w-experiential-reality-the-mystic,lecture,Spiritual Reality & Modern Man,2007,12,DVD,Experiential Reality: The Mystic,Experiential Reality: The Mystic,1,3,2007-12_Experiential_Reality_The_Mystic_[1-3].mp4,2007-12_Experiential_Reality_The_Mystic_[1/3].mp4
152,w-experiential-reality-the-mystic,lecture,Spiritual Reality & Modern Man,2007,12,DVD,Experiential Reality: The Mystic,Experiential Reality: The Mystic,2,3,2007-12_Experiential_Reality_The_Mystic_[2-3].mp4,2007-12_Experiential_Reality_The_Mystic_[2/3].mp4
153,w-experiential-reality-the-mystic,lecture,Spiritual Reality & Modern Man,2007,12,DVD,Experiential Reality: The Mystic,Experiential Reality: The Mystic,3,3,2007-12_Experiential_Reality_The_Mystic_[3-3].mp4,2007-12_Experiential_Reality_The_Mystic_[3/3].mp4
154,w-spirituality-reason-and-faith,lecture,Advanced Spiritual Awareness,2008,01,DVD,Spirituality: Reason and Faith,Spirituality: Reason and Faith,1,3,2008-01_Spirituality_Reason_and_Faith_[1-3].mp4,2008-01_Spirituality_Reason_and_Faith_[1/3].mp4
155,w-spirituality-reason-and-faith,lecture,Advanced Spiritual Awareness,2008,01,DVD,Spirituality: Reason and Faith,Spirituality: Reason and Faith,2,3,2008-01_Spirituality_Reason_and_Faith_[2-3].mp4,2008-01_Spirituality_Reason_and_Faith_[2/3].mp4
156,w-spirituality-reason-and-faith,lecture,Advanced Spiritual Awareness,2008,01,DVD,Spirituality: Reason and Faith,Spirituality: Reason and Faith,3,3,2008-01_Spirituality_Reason_and_Faith_[3-3].mp4,2008-01_Spirituality_Reason_and_Faith_[3/3].mp4
157,w-the-clear-pathway-to-enlightenment,lecture,Advanced Spiritual Awareness,2008,03,DVD,The Clear Pathway to Enlightenment,The Clear Pathway to Enlightenment,1,3,2008-03_The_Clear_Pathway_to_Enlightenment_[1-3].mp4,2008-03_The_Clear_Pathway_to_Enlightenment_[1/3].mp4
158,w-the-clear-pathway-to-enlightenment,lecture,Advanced Spiritual Awareness,2008,03,DVD,The Clear Pathway to Enlightenment,The Clear Pathway to Enlightenment,2,3,2008-03_The_Clear_Pathway_to_Enlightenment_[2-3].mp4,2008-03_The_Clear_Pathway_to_Enlightenment_[2/3].mp4
159,w-the-clear-pathway-to-enlightenment,lecture,Advanced Spiritual Awareness,2008,03,DVD,The Clear Pathway to Enlightenment,The Clear Pathway to Enlightenment,3,3,2008-03_The_Clear_Pathway_to_Enlightenment_[3-3].mp4,2008-03_The_Clear_Pathway_to_Enlightenment_[3/3].mp4
160,w-belief-trust-and-credibility,lecture,Advanced Spiritual Awareness,2008,06,DVD,"Belief, Trust and Credibility","Belief, Trust and Credibility",1,3,"2008-06_Belief,_Trust_and_Credibility_[1-3].mp4","2008-06_Belief,_Trust_and_Credibility_[1/3].mp4"
161,w-belief-trust-and-credibility,lecture,Advanced Spiritual Awareness,2008,06,DVD,"Belief, Trust and Credibility","Belief, Trust and Credibility",2,3,"2008-06_Belief,_Trust_and_Credibility_[2-3].mp4","2008-06_Belief,_Trust_and_Credibility_[2/3].mp4"
162,w-belief-trust-and-credibility,lecture,Advanced Spiritual Awareness,2008,06,DVD,"Belief, Trust and Credibility","Belief, Trust and Credibility",3,3,"2008-06_Belief,_Trust_and_Credibility_[3-3].mp4","2008-06_Belief,_Trust_and_Credibility_[3/3].mp4"
163,w-overcoming-doubt-skepticism-disbelief,lecture,Advanced Spiritual Awareness,2008,08,DVD,"Overcoming Doubt, Skepticism & Disbelief","Overcoming Doubt, Skepticism & Disbelief",1,3,"2008-08_Overcoming_Doubt,_Skepticism_&_Disbelief_[1-3].mp4","2008-08_Overcoming_Doubt,_Skepticism_&_Disbelief_[1/3].mp4"
164,w-overcoming-doubt-skepticism-disbelief,lecture,Advanced Spiritual Awareness,2008,08,DVD,"Overcoming Doubt, Skepticism & Disbelief","Overcoming Doubt, Skepticism & Disbelief",2,3,"2008-08_Overcoming_Doubt,_Skepticism_&_Disbelief_[2-3].mp4","2008-08_Overcoming_Doubt,_Skepticism_&_Disbelief_[2/3].mp4"
165,w-overcoming-doubt-skepticism-disbelief,lecture,Advanced Spiritual Awareness,2008,08,DVD,"Overcoming Doubt, Skepticism & Disbelief","Overcoming Doubt, Skepticism & Disbelief",3,3,"2008-08_Overcoming_Doubt,_Skepticism_&_Disbelief_[3-3].mp4","2008-08_Overcoming_Doubt,_Skepticism_&_Disbelief_[3/3].mp4"
166,w-practical-spirituality,lecture,Advanced Spiritual Awareness,2008,10,DVD,Practical Spirituality,Practical Spirituality,1,3,2008-10_Practical_Spirituality_[1-3].mp4,2008-10_Practical_Spirituality_[1/3].mp4
167,w-practical-spirituality,lecture,Advanced Spiritual Awareness,2008,10,DVD,Practical Spirituality,Practical Spirituality,2,3,2008-10_Practical_Spirituality_[2-3].mp4,2008-10_Practical_Spirituality_[2/3].mp4
168,w-practical-spirituality,lecture,Advanced Spiritual Awareness,2008,10,DVD,Practical Spirituality,Practical Spirituality,3,3,2008-10_Practical_Spirituality_[3-3].mp4,2008-10_Practical_Spirituality_[3/3].mp4
169,w-freedom-morality-and-ethics,lecture,Advanced Spiritual Awareness,2008,11,DVD,Freedom: Morality and Ethics,Freedom: Morality and Ethics,1,3,2008-11_Freedom_Morality_and_Ethics_[1-3].mp4,2008-11_Freedom_Morality_and_Ethics_[1/3].mp4
170,w-freedom-morality-and-ethics,lecture,Advanced Spiritual Awareness,2008,11,DVD,Freedom: Morality and Ethics,Freedom: Morality and Ethics,2,3,2008-11_Freedom_Morality_and_Ethics_[2-3].mp4,2008-11_Freedom_Morality_and_Ethics_[2/3].mp4
171,w-freedom-morality-and-ethics,lecture,Advanced Spiritual Awareness,2008,11,DVD,Freedom: Morality and Ethics,Freedom: Morality and Ethics,3,3,2008-11_Freedom_Morality_and_Ethics_[3-3].mp4,2008-11_Freedom_Morality_and_Ethics_[3/3].mp4
172,w-a-unique-sedona-seminar,lecture,Advanced Spiritual Awareness,2008,12,DVD,A Unique Sedona Seminar,A Unique Sedona Seminar,1,3,2008-12_A_Unique_Sedona_Seminar_[1-3].mp4,2008-12_A_Unique_Sedona_Seminar_[1/3].mp4
173,w-a-unique-sedona-seminar,lecture,Advanced Spiritual Awareness,2008,12,DVD,A Unique Sedona Seminar,A Unique Sedona Seminar,2,3,2008-12_A_Unique_Sedona_Seminar_[2-3].mp4,2008-12_A_Unique_Sedona_Seminar_[2/3].mp4
174,w-a-unique-sedona-seminar,lecture,Advanced Spiritual Awareness,2008,12,DVD,A Unique Sedona Seminar,A Unique Sedona Seminar,3,3,2008-12_A_Unique_Sedona_Seminar_[3-3].mp4,2008-12_A_Unique_Sedona_Seminar_[3/3].mp4
175,w-what-is-the-world,lecture,In the World but Not of It,2009,02,DVD,What is the World?,What is the World?,1,3,2009-02_What_is_the_World_[1-3].mp4,2009-02_What_is_the_World_[1/3].mp4
176,w-what-is-the-world,lecture,In the World but Not of It,2009,02,DVD,What is the World?,What is the World?,2,3,2009-02_What_is_the_World_[2-3].mp4,2009-02_What_is_the_World_[2/3].mp4
177,w-what-is-the-world,lecture,In the World but Not of It,2009,02,DVD,What is the World?,What is the World?,3,3,2009-02_What_is_the_World_[3-3].mp4,2009-02_What_is_the_World_[3/3].mp4
178,w-happiness,lecture,In the World but Not of It,2009,04,DVD,Happiness,Happiness,1,3,2009-04_Happiness_[1-3].mp4,2009-04_Happiness_[1/3].mp4
179,w-happiness,lecture,In the World but Not of It,2009,04,DVD,Happiness,Happiness,2,3,2009-04_Happiness_[2-3].mp4,2009-04_Happiness_[2/3].mp4
180,w-happiness,lecture,In the World but Not of It,2009,04,DVD,Happiness,Happiness,3,3,2009-04_Happiness_[3-3].mp4,2009-04_Happiness_[3/3].mp4
181,w-peace,lecture,In the World but Not of It,2009,08,DVD,Peace,Peace,1,3,2009-08_Peace_[1-3].mp4,2009-08_Peace_[1/3].mp4
182,w-peace,lecture,In the World but Not of It,2009,08,DVD,Peace,Peace,2,3,2009-08_Peace_[2-3].mp4,2009-08_Peace_[2/3].mp4
183,w-peace,lecture,In the World but Not of It,2009,08,DVD,Peace,Peace,3,3,2009-08_Peace_[3-3].mp4,2009-08_Peace_[3/3].mp4
184,w-success,lecture,In the World but Not of It,2009,10,DVD,Success,Success,1,3,2009-10_Success_[1-3].mp4,2009-10_Success_[1/3].mp4
185,w-success,lecture,In the World but Not of It,2009,10,DVD,Success,Success,2,3,2009-10_Success_[2-3].mp4,2009-10_Success_[2/3].mp4
186,w-success,lecture,In the World but Not of It,2009,10,DVD,Success,Success,3,3,2009-10_Success_[3-3].mp4,2009-10_Success_[3/3].mp4
187,w-handling-spiritual-challenges,lecture,Practical Spirituality,2010,04,DVD,Handling Spiritual Challenges,Handling Spiritual Challenges,1,3,2010-04_Handling_Spiritual_Challenges_[1-3].mp4,2010-04_Handling_Spiritual_Challenges_[1/3].mp4
188,w-handling-spiritual-challenges,lecture,Practical Spirituality,2010,04,DVD,Handling Spiritual Challenges,Handling Spiritual Challenges,2,3,2010-04_Handling_Spiritual_Challenges_[2-3].mp4,2010-04_Handling_Spiritual_Challenges_[2/3].mp4
189,w-handling-spiritual-challenges,lecture,Practical Spirituality,2010,04,DVD,Handling Spiritual Challenges,Handling Spiritual Challenges,3,3,2010-04_Handling_Spiritual_Challenges_[3-3].mp4,2010-04_Handling_Spiritual_Challenges_[3/3].mp4
190,w-spiritual-life-in-today-s-world,lecture,Practical Spirituality,2010,10,DVD,Spiritual Life In Today's World,Spiritual Life In Today's World,1,3,2010-10_Spiritual_Life_In_Today's_World_[1-3].mp4,2010-10_Spiritual_Life_In_Today's_World_[1/3].mp4
191,w-spiritual-life-in-today-s-world,lecture,Practical Spirituality,2010,10,DVD,Spiritual Life In Today's World,Spiritual Life In Today's World,2,3,2010-10_Spiritual_Life_In_Today's_World_[2-3].mp4,2010-10_Spiritual_Life_In_Today's_World_[2/3].mp4
192,w-spiritual-life-in-today-s-world,lecture,Practical Spirituality,2010,10,DVD,Spiritual Life In Today's World,Spiritual Life In Today's World,3,3,2010-10_Spiritual_Life_In_Today's_World_[3-3].mp4,2010-10_Spiritual_Life_In_Today's_World_[3/3].mp4
193,w-most-valuable-qualities-for-a-spiritual,lecture,Love & Spiritual Seeker Qualities,2011,05,DVD,Most Valuable Qualities for a Spiritual Seeker,Most Valuable Qualities for a Spiritual Seeker,1,3,2011-05_Most_Valuable_Qualities_for_a_Spiritual_Seeker_[1-3].mp4,2011-05_Most_Valuable_Qualities_for_a_Spiritual_Seeker_[1/3].mp4
194,w-most-valuable-qualities-for-a-spiritual,lecture,Love & Spiritual Seeker Qualities,2011,05,DVD,Most Valuable Qualities for a Spiritual Seeker,Most Valuable Qualities for a Spiritual Seeker,2,3,2011-05_Most_Valuable_Qualities_for_a_Spiritual_Seeker_[2-3].mp4,2011-05_Most_Valuable_Qualities_for_a_Spiritual_Seeker_[2/3].mp4
195,w-most-valuable-qualities-for-a-spiritual,lecture,Love & Spiritual Seeker Qualities,2011,05,DVD,Most Valuable Qualities for a Spiritual Seeker,Most Valuable Qualities for a Spiritual Seeker,3,3,2011-05_Most_Valuable_Qualities_for_a_Spiritual_Seeker_[3-3].mp4,2011-05_Most_Valuable_Qualities_for_a_Spiritual_Seeker_[3/3].mp4
196,w-love,lecture,Love & Spiritual Seeker Qualities,2011,09,DVD,Love,Love,1,3,2011-09_Love_[1-3].mp4,2011-09_Love_[1/3].mp4
197,w-love,lecture,Love & Spiritual Seeker Qualities,2011,09,DVD,Love,Love,2,3,2011-09_Love_[2-3].mp4,2011-09_Love_[2/3].mp4
198,w-love,lecture,Love & Spiritual Seeker Qualities,2011,09,DVD,Love,Love,3,3,2011-09_Love_[3-3].mp4,2011-09_Love_[3/3].mp4
199,w-q-a-session-jan-2011,lecture,Satsang Series,2011,01,streaming,Question/Answer Session (Jan 2011),Question/Answer Session,,,2011-01_Question-Answer_Session.mp4,2011-01_Question-Answer_Session.mp4
200,w-q-a-session-mar-2011,lecture,Satsang Series,2011,03,streaming,Question/Answer Session (Mar 2011),Question/Answer Session,,,2011-03_Question-Answer_Session.mp4,2011-03_Question-Answer_Session.mp4
201,w-q-a-session-jul-2011,lecture,Satsang Series,2011,07,streaming,Question/Answer Session (Jul 2011),Question/Answer Session,,,2011-07_Question-Answer_Session.mp4,2011-07_Question-Answer_Session.mp4
202,w-volume-i-power-vs-force-muscle-testing,lecture,Volume Series,,,DVD,Volume I: Power vs. Force Muscle Testing,Volume I: Power vs. Force Muscle Testing,1,2,Volume_I_Power_vs._Force_Muscle_Testing_[1-2].mp4,Volume_I_Power_vs._Force_Muscle_Testing_[1/2].mp4
203,w-volume-i-power-vs-force-muscle-testing,lecture,Volume Series,,,DVD,Volume I: Power vs. Force Muscle Testing,Volume I: Power vs. Force Muscle Testing,2,2,Volume_I_Power_vs._Force_Muscle_Testing_[2-2].mp4,Volume_I_Power_vs._Force_Muscle_Testing_[2/2].mp4
204,w-volume-ii-consciousness-and-addiction,lecture,Volume Series,,,DVD,Volume II: Consciousness and Addiction,Volume II: Consciousness and Addiction,1,2,Volume_II_Consciousness_and_Addiction_[1-2].mp4,Volume_II_Consciousness_and_Addiction_[1/2].mp4
205,w-volume-ii-consciousness-and-addiction,lecture,Volume Series,,,DVD,Volume II: Consciousness and Addiction,Volume II: Consciousness and Addiction,2,2,Volume_II_Consciousness_and_Addiction_[2-2].mp4,Volume_II_Consciousness_and_Addiction_[2/2].mp4
206,w-volume-iii-advanced-states-of-consciousness,lecture,Volume Series,,,DVD,Volume III: Advanced States of Consciousness,Volume III: Advanced States of Consciousness,1,2,Volume_III_Advanced_States_of_Consciousness_[1-2].mp4,Volume_III_Advanced_States_of_Consciousness_[1/2].mp4
207,w-volume-iii-advanced-states-of-consciousness,lecture,Volume Series,,,DVD,Volume III: Advanced States of Consciousness,Volume III: Advanced States of Consciousness,2,2,Volume_III_Advanced_States_of_Consciousness_[2-2].mp4,Volume_III_Advanced_States_of_Consciousness_[2/2].mp4
208,w-volume-iv-consciousness-how-to-tell-the-truth,lecture,Volume Series,,,DVD,Volume IV: Consciousness: How to Tell the Truth About Anything,Volume IV: Consciousness: How to Tell the Truth About Anything,1,2,Volume_IV_Consciousness_How_to_Tell_the_Truth_About_Anything_[1-2].mp4,Volume_IV_Consciousness_How_to_Tell_the_Truth_About_Anything_[1/2].mp4
209,w-volume-iv-consciousness-how-to-tell-the-truth,lecture,Volume Series,,,DVD,Volume IV: Consciousness: How to Tell the Truth About Anything,Volume IV: Consciousness: How to Tell the Truth About Anything,2,2,Volume_IV_Consciousness_How_to_Tell_the_Truth_About_Anything_[2-2].mp4,Volume_IV_Consciousness_How_to_Tell_the_Truth_About_Anything_[2/2].mp4
210,w-volume-v-undoing-the-barriers-to-spiritual-progress,lecture,Volume Series,,,DVD,Volume V: Undoing the Barriers to Spiritual Progress,Volume V: Undoing the Barriers to Spiritual Progress,1,3,Volume_V_Undoing_the_Barriers_to_Spiritual_Progress_[1-3].mp4,Volume_V_Undoing_the_Barriers_to_Spiritual_Progress_[1/3].mp4
211,w-volume-v-undoing-the-barriers-to-spiritual-progress,lecture,Volume Series,,,DVD,Volume V: Undoing the Barriers to Spiritual Progress,Volume V: Undoing the Barriers to Spiritual Progress,2,3,Volume_V_Undoing_the_Barriers_to_Spiritual_Progress_[2-3].mp4,Volume_V_Undoing_the_Barriers_to_Spiritual_Progress_[2/3].mp4
212,w-volume-v-undoing-the-barriers-to-spiritual-progress,lecture,Volume Series,,,DVD,Volume V: Undoing the Barriers to Spiritual Progress,Volume V: Undoing the Barriers to Spiritual Progress,3,3,Volume_V_Undoing_the_Barriers_to_Spiritual_Progress_[3-3].mp4,Volume_V_Undoing_the_Barriers_to_Spiritual_Progress_[3/3].mp4
213,w-volume-vi-how-to-raise-your-level-of-con,lecture,Volume Series,,,DVD,Volume VI: How to Raise Your Level of Consciousness,Volume VI: How to Raise Your Level of Consciousness,1,1,Volume_VI_How_to_Raise_Your_Level_of_Consciousness.mp4,Volume_VI_How_to_Raise_Your_Level_of_Consciousness.mp4
214,w-volume-vii-a-conversation-with-knowingne,lecture,Volume Series,,,DVD,Volume VII: A Conversation with Knowingness,Volume VII: A Conversation with Knowingness,1,1,Volume_VII_A_Conversation_with_Knowingness.mp4,Volume_VII_A_Conversation_with_Knowingness.mp4
215,w-become-that-which-you-are-june-2004,lecture,On The Road Talk Series,2004,06,DVD,Become That Which You Are,Become That Which You Are,1,3,2004-06_OTR_Become_That_Which_You_Are_[1-3].mp4,2004-06_OTR_Become_That_Which_You_Are_[1/3].mp4
216,w-become-that-which-you-are-june-2004,lecture,On The Road Talk Series,2004,06,DVD,Become That Which You Are,Become That Which You Are,2,3,2004-06_OTR_Become_That_Which_You_Are_[2-3].mp4,2004-06_OTR_Become_That_Which_You_Are_[2/3].mp4
217,w-become-that-which-you-are-june-2004,lecture,On The Road Talk Series,2004,06,DVD,Become That Which You Are,Become That Which You Are,3,3,2004-06_OTR_Become_That_Which_You_Are_[3-3].mp4,2004-06_OTR_Become_That_Which_You_Are_[3/3].mp4
218,w-love-is-a-way-of-being-january-2004,lecture,On The Road Talk Series,2004,01,DVD,Love is a Way of Being,Love is a Way of Being,1,3,2004-01_OTR_Love_is_a_Way_of_Being_[1-3].mp4,2004-01_OTR_Love_is_a_Way_of_Being_[1/3].mp4
219,w-love-is-a-way-of-being-january-2004,lecture,On The Road Talk Series,2004,01,DVD,Love is a Way of Being,Love is a Way of Being,2,3,2004-01_OTR_Love_is_a_Way_of_Being_[2-3].mp4,2004-01_OTR_Love_is_a_Way_of_Being_[2/3].mp4
220,w-love-is-a-way-of-being-january-2004,lecture,On The Road Talk Series,2004,01,DVD,Love is a Way of Being,Love is a Way of Being,3,3,2004-01_OTR_Love_is_a_Way_of_Being_[3-3].mp4,2004-01_OTR_Love_is_a_Way_of_Being_[3/3].mp4
221,w-progressive-levels-of-consciousness-a-sp,lecture,On The Road Talk Series,2003,,streaming,Progressive Levels of Consciousness - A Special Talk Presented in Oxford (2003),Progressive Levels of Consciousness - A Special Talk Presented in Oxford,,,2003_OTR_Progressive_Levels_of_Consciousness_A_Special_Talk_Presented_in_Oxford.mp4,2003_OTR_Progressive_Levels_of_Consciousness_A_Special_Talk_Presented_in_Oxford.mp4
222,w-the-presence-of-spiritual-awareness,lecture,On The Road Talk Series,2004,,DVD,The Presence of Spiritual Awareness,The Presence of Spiritual Awareness,1,3,2004_OTR_The_Presence_of_Spiritual_Awareness_[1-3].mp4,2004_OTR_The_Presence_of_Spiritual_Awareness_[1/3].mp4
223,w-the-presence-of-spiritual-awareness,lecture,On The Road Talk Series,2004,,DVD,The Presence of Spiritual Awareness,The Presence of Spiritual Awareness,2,3,2004_OTR_The_Presence_of_Spiritual_Awareness_[2-3].mp4,2004_OTR_The_Presence_of_Spiritual_Awareness_[2/3].mp4
224,w-the-presence-of-spiritual-awareness,lecture,On The Road Talk Series,2004,,DVD,The Presence of Spiritual Awareness,The Presence of Spiritual Awareness,3,3,2004_OTR_The_Presence_of_Spiritual_Awareness_[3-3].mp4,2004_OTR_The_Presence_of_Spiritual_Awareness_[3/3].mp4
228,w-spiritual-will,lecture,On The Road Talk Series,2004,,DVD,Spiritual Will Inspiring Q & A,Spiritual Will Inspiring Q & A,1,2,2004_OTR_Spiritual_Will_Inspiring_Q_&_A_[1-2].mp4,2004_OTR_Spiritual_Will_Inspiring_Q_&_A_[1/2].mp4
229,w-spiritual-will,lecture,On The Road Talk Series,2004,,DVD,Spiritual Will Inspiring Q & A,Spiritual Will Inspiring Q & A,2,2,2004_OTR_Spiritual_Will_Inspiring_Q_&_A_[2-2].mp4,2004_OTR_Spiritual_Will_Inspiring_Q_&_A_[2/2].mp4
230,w-verification-of-spiritual-realities,lecture,On The Road Talk Series,,,DVD,Verification of Spiritual Realities,Verification of Spiritual Realities,1,3,OTR_Verification_of_Spiritual_Realities_[1-3].mp4,OTR_Verification_of_Spiritual_Realities_[1/3].mp4
231,w-verification-of-spiritual-realities,lecture,On The Road Talk Series,,,DVD,Verification of Spiritual Realities,Verification of Spiritual Realities,2,3,OTR_Verification_of_Spiritual_Realities_[2-3].mp4,OTR_Verification_of_Spiritual_Realities_[2/3].mp4
232,w-verification-of-spiritual-realities,lecture,On The Road Talk Series,,,DVD,Verification of Spiritual Realities,Verification of Spiritual Realities,3,3,OTR_Verification_of_Spiritual_Realities_[3-3].mp4,OTR_Verification_of_Spiritual_Realities_[3/3].mp4
233,w-a-01-office-series-stress,lecture,Office Series,198X,,DVD,Stress,Stress,,,198X_A-01_Stress.mp4,198X_A-01_Stress.mp4
234,w-a-02-office-series-health,lecture,Office Series,198X,,DVD,Health,Health,,,198X_A-02_Health.mp4,198X_A-02_Health.mp4
235,w-a-03-office-series-spiritual-first-aid,lecture,Office Series,198X,,DVD,Spiritual First Aid,Spiritual First Aid,,,198X_A-03_Spiritual_First_Aid.mp4,198X_A-03_Spiritual_First_Aid.mp4
236,w-a-04-office-series-sexuality,lecture,Office Series,198X,,DVD,Sexuality,Sexuality,,,198X_A-04_Sexuality.mp4,198X_A-04_Sexuality.mp4
237,w-a-05-office-series-the-aging-process,lecture,Office Series,198X,,DVD,The Aging Process,The Aging Process,,,198X_A-05_The_Aging_Process.mp4,198X_A-05_The_Aging_Process.mp4
238,w-a-06-office-series-handling-major-crises,lecture,Office Series,198X,,DVD,Handling Major Crises,Handling Major Crises,,,198X_A-06_Handling_Major_Crises.mp4,198X_A-06_Handling_Major_Crises.mp4
239,w-a-07-office-series-worry-fear-and-anxiet,lecture,Office Series,198X,,DVD,"Worry, Fear, and Anxiety","Worry, Fear, and Anxiety",,,"198X_A-07_Worry,_Fear,_and_Anxiety.mp4","198X_A-07_Worry,_Fear,_and_Anxiety.mp4"
240,w-a-08-office-series-pain-and-suffering,lecture,Office Series,198X,,DVD,Pain and Suffering,Pain and Suffering,,,198X_A-08_Pain_and_Suffering.mp4,198X_A-08_Pain_and_Suffering.mp4
241,w-a-09-office-series-losing-weight,lecture,Office Series,198X,,DVD,Losing Weight,Losing Weight,,,198X_A-09_Losing_Weight.mp4,198X_A-09_Losing_Weight.mp4
242,w-a-10-office-series-depression,lecture,Office Series,198X,,DVD,Depression,Depression,,,198X_A-10_Depression.mp4,198X_A-10_Depression.mp4
243,w-a-11-office-series-illness-and-self-heal,lecture,Office Series,198X,,DVD,Illness and Self-Healing,Illness and Self-Healing,,,198X_A-11_Illness_and_Self-Healing.mp4,198X_A-11_Illness_and_Self-Healing.mp4
244,w-a-12-office-series-alcoholism,lecture,Office Series,198X,,DVD,Alcoholism,Alcoholism,,,198X_A-12_Alcoholism.mp4,198X_A-12_Alcoholism.mp4
245,w-b-01-office-series-drug-addiction-and-al,lecture,Office Series,198X,,DVD,Drug Addiction and Alcoholism,Drug Addiction and Alcoholism,,,198X_B-01_Drug_Addiction_and_Alcoholism.mp4,198X_B-01_Drug_Addiction_and_Alcoholism.mp4
247,w-b-03-office-series-a-map-of-consciousnes,lecture,Office Series,198X,,DVD,A Map of Consciousness,A Map of Consciousness,,,198X_B-03_A_Map_of_Consciousness.mp4,198X_B-03_A_Map_of_Consciousness.mp4
248,w-b-04-office-series-cancer,lecture,Office Series,198X,,DVD,Cancer,Cancer,,,198X_B-04_Cancer.mp4,198X_B-04_Cancer.mp4
250,w-b-06-office-series-death-and-dying,lecture,Office Series,198X,,DVD,Death and Dying,Death and Dying,,,198X_B-06_Death_and_Dying.mp4,198X_B-06_Death_and_Dying.mp4
251,w-satsang-series-jan-2007,lecture,Satsang Series,2007,01,CD,Satsang Series (Jan 2007),Satsang Series,,,2007-01_Satsang_Series.mp3,2007-01_Satsang_Series.mp3
252,w-satsang-series-mar-2007,lecture,Satsang Series,2007,03,CD,Satsang Series (Mar 2007),Satsang Series,,,2007-03_Satsang_Series.mp3,2007-03_Satsang_Series.mp3
253,w-satsang-series-may-2007,lecture,Satsang Series,2007,05,CD,Satsang Series (May 2007),Satsang Series,,,2007-05_Satsang_Series.mp3,2007-05_Satsang_Series.mp3
254,w-satsang-series-jul-2007,lecture,Satsang Series,2007,07,CD,Satsang Series (Jul 2007),Satsang Series,,,2007-07_Satsang_Series.mp3,2007-07_Satsang_Series.mp3
255,w-satsang-series-sep-2007,lecture,Satsang Series,2007,09,CD,Satsang Series (Sep 2007),Satsang Series,,,2007-09_Satsang_Series.mp3,2007-09_Satsang_Series.mp3
256,w-satsang-series-may-2008,lecture,Satsang Series,2008,05,CD,Satsang Series (May 2008),Satsang Series,,,2008-05_Satsang_Series.mp3,2008-05_Satsang_Series.mp3
257,w-satsang-series-sep-2008,lecture,Satsang Series,2008,09,CD,Satsang Series (Sep 2008),Satsang Series,,,2008-09_Satsang_Series.mp3,2008-09_Satsang_Series.mp3
258,w-satsang-series-jan-2009,lecture,Satsang Series,2009,01,CD,Satsang Series (Jan 2009),Satsang Series,,,2009-01_Satsang_Series.mp3,2009-01_Satsang_Series.mp3
259,w-satsang-series-may-2009,lecture,Satsang Series,2009,05,CD,Satsang Series (May 2009),Satsang Series,,,2009-05_Satsang_Series.mp3,2009-05_Satsang_Series.mp3
260,w-satsang-series-sep-2009,lecture,Satsang Series,2009,09,CD,Satsang Series (Sep 2009),Satsang Series,,,2009-09_Satsang_Series.mp3,2009-09_Satsang_Series.mp3
261,w-satsang-series-nov-2009,lecture,Satsang Series,2009,11,CD,Satsang Series (Nov 2009),Satsang Series,,,2009-11_Satsang_Series.mp3,2009-11_Satsang_Series.mp3
262,w-satsang-series-feb-2010,lecture,Satsang Series,2010,02,CD,Satsang Series (Feb 2010),Satsang Series,,,2010-02_Satsang_Series.mp3,2010-02_Satsang_Series.mp3
263,w-satsang-series-nov-2010,lecture,Satsang Series,2010,11,CD,Satsang Series (Nov 2010),Satsang Series,,,2010-11_Satsang_Series.mp3,2010-11_Satsang_Series.mp3
265,w-golden-word-book-signing-audio,lecture,Media Miscellaneous,2007,01,CD,Golden Word Book Signing – Audio,Golden Word Book Signing,,,2007-01_Golden_Word_Book_Signing.mp3,2007-01_Golden_Word_Book_Signing.mp3
266,w-all-is-divinity,lecture,On The Road Talk Series,2004,,DVD,All is Divinity,All is Divinity,,,2004_OTR_All_is_Divinity.mp4,2004_OTR_All_is_Divinity.mp4
267,w-compassion,lecture,On The Road Talk Series,2003,,DVD,Compassion: The Pathway of the Heart,Compassion: The Pathway of the Heart,,,2003_OTR_Compassion_The_Pathway_of_the_Heart.mp4,2003_OTR_Compassion_The_Pathway_of_the_Heart.mp4
268,w-god-is-hidden-within-the-beauty-of-the-m,lecture,On The Road Talk Series,,,DVD,God is Hidden Within the Beauty of the Music,God is Hidden Within the Beauty of the Music,,,OTR_God_is_Hidden_Within_the_Beauty_of_the_Music.mp4,OTR_God_is_Hidden_Within_the_Beauty_of_the_Music.mp4
269,w-god-is-the-infinite-field,lecture,On The Road Talk Series,2003,,DVD,God is The Infinite Field,God is The Infinite Field,,,2003_OTR_God_is_The_Infinite_Field.mp4,2003_OTR_God_is_The_Infinite_Field.mp4
270,w-spiritual-reality,lecture,On The Road Talk Series,2004,,CD,Spiritual Reality,Spiritual Reality,,,2004_OTR_Spiritual_Reality.mp3,2004_OTR_Spiritual_Reality.mp3
271,w-the-ever-present-joy,lecture,On The Road Talk Series,2004,,DVD,The Ever-Present Joy,The Ever-Present Joy,,,2004_OTR_The_Ever-Present_Joy.mp4,2004_OTR_The_Ever-Present_Joy.mp4
272,w-the-power-of-devotion,lecture,On The Road Talk Series,2003,,DVD,The Power of Devotion,The Power of Devotion,,,2003_OTR_The_Power_of_Devotion.mp4,2003_OTR_The_Power_of_Devotion.mp4
273,w-the-prevailing-silence,lecture,On The Road Talk Series,2005,,CD,The Prevailing Silence,The Prevailing Silence,,,2005_OTR_The_Prevailing_Silence.mp3,2005_OTR_The_Prevailing_Silence.mp3
274,w-transcending-the-ego,lecture,On The Road Talk Series,2004,,DVD,Transcending the Ego,Transcending the Ego,,,2004_OTR_Transcending_the_Ego.mp4,2004_OTR_Transcending_the_Ego.mp4
275,w-truth-shines-forth,lecture,On The Road Talk Series,2004,,CD,Truth Shines Forth,Truth Shines Forth,,,2004_OTR_Truth_Shines_Forth.mp3,2004_OTR_Truth_Shines_Forth.mp3
276,w-virtues-the-spiritual-foundation,lecture,On The Road Talk Series,2004,,DVD,Virtues: The Spiritual Foundation,Virtues: The Spiritual Foundation,,,2004_OTR_Virtues_The_Spiritual_Foundation.mp4,2004_OTR_Virtues_The_Spiritual_Foundation.mp4
277,w-you-are-the-light-of-consciousness,lecture,On The Road Talk Series,2003,,DVD,You Are the Light of Consciousness,You Are the Light of Consciousness,,,2003_OTR_You_Are_the_Light_of_Consciousness.mp4,2003_OTR_You_Are_the_Light_of_Consciousness.mp4
278,w-how-to-live-your-life-like-a-prayer,discussion,Discussion Series,2012,,streaming,How to Live Your Life Like A Prayer,How to Live Your Life Like A Prayer,,,2012_DISCUSSION_How_to_Live_Your_Life_Like_A_Prayer.mp4,2012_DISCUSSION_How_to_Live_Your_Life_Like_A_Prayer.mp4
279,w-how-to-see-the-reality-of-life,discussion,Discussion Series,2012,,streaming,How to See the Reality of Life,How to See the Reality of Life,,,2012_DISCUSSION_How_to_See_the_Reality_of_Life.mp4,2012_DISCUSSION_How_to_See_the_Reality_of_Life.mp4
280,w-improving-your-relationships,discussion,Discussion Series,2012,,streaming,Improving Your Relationships,Improving Your Relationships,,,2012_DISCUSSION_Improving_Your_Relationships.mp4,2012_DISCUSSION_Improving_Your_Relationships.mp4
282,w-the-importance-of-family,discussion,Discussion Series,2012,,streaming,The Importance of Family,The Importance of Family,,,2012_DISCUSSION_The_Importance_of_Family.mp4,2012_DISCUSSION_The_Importance_of_Family.mp4
283,w-what-is-meant-by-spiritual,discussion,Discussion Series,2012,,streaming,What is Meant by Spiritual,What is Meant by Spiritual,,,2012_DISCUSSION_What_is_Meant_by_Spiritual.mp4,2012_DISCUSSION_What_is_Meant_by_Spiritual.mp4
285,w-what-you-are-changes-the-world,discussion,Discussion Series,2012,,streaming,What You are Changes the World,What You are Changes the World,,,2012_DISCUSSION_What_You_are_Changes_the_World.mp4,2012_DISCUSSION_What_You_are_Changes_the_World.mp4
286,w-power-vs-force,book,Books,1995,,book,Power vs. Force: The Hidden Determinants of Human Behavior,Power vs. Force: The Hidden Determinants of Human Behavior,,,1995_Power_vs._Force_The_Hidden_Determinants_of_Human_Behavior.pdf,1995_Power_vs._Force_The_Hidden_Determinants_of_Human_Behavior.pdf
287,w-eye-of-the-i,book,Books,2001,,book,The Eye of the I,The Eye of the I,,,2001_The_Eye_of_the_I.pdf,2001_The_Eye_of_the_I.pdf
288,w-i-reality-and-subjectivity,book,Books,2003,,book,I: Reality and Subjectivity,I: Reality and Subjectivity,,,2003_I_Reality_and_Subjectivity.pdf,2003_I_Reality_and_Subjectivity.pdf
289,w-truth-vs-falsehood,book,Books,2005,,book,Truth vs. Falsehood: How to Tell the Difference,Truth vs. Falsehood: How to Tell the Difference,,,2005_Truth_vs._Falsehood_How_to_Tell_the_Difference.pdf,2005_Truth_vs._Falsehood_How_to_Tell_the_Difference.pdf
290,w-letting-go,book,Books,2012,,book,Letting Go: The Pathway of Surrender,Letting Go: The Pathway of Surrender,,,2012_Letting_Go_The_Pathway_of_Surrender.pdf,2012_Letting_Go_The_Pathway_of_Surrender.pdf
291,w-healing-and-recovery,book,Books,2009,,book,Healing and Recovery,Healing and Recovery,,,2009_Healing_and_Recovery.pdf,2009_Healing_and_Recovery.pdf
292,w-discovery-of-the-presence-of-god,book,Books,2007,,book,Discovery of the Presence of God: Devotional Nonduality,Discovery of the Presence of God: Devotional Nonduality,,,2007_Discovery_of_the_Presence_of_God_Devotional_Nonduality.pdf,2007_Discovery_of_the_Presence_of_God_Devotional_Nonduality.pdf
293,w-reality-spirituality-and-modern-man,book,Books,2008,,book,"Reality, Spirituality and Modern Man","Reality, Spirituality and Modern Man",,,"2008_Reality,_Spirituality_and_Modern_Man.pdf","2008_Reality,_Spirituality_and_Modern_Man.pdf"
294,w-transcending-the-levels,book,Books,2006,,book,Transcending the Levels of Consciousness,Transcending the Levels of Consciousness,,,2006_Transcending_the_Levels_of_Consciousness.pdf,2006_Transcending_the_Levels_of_Consciousness.pdf
295,w-the-map-of-consciousness-explained,book,Books,2020,,book,The Map of Consciousness Explained: A Proven Energy Scale to Actualize Your Ultimate Potential,The Map of Consciousness Explained: A Proven Energy Scale to Actualize Your Ultimate Potential,,,2020_The_Map_of_Consciousness_Explained_A_Proven_Energy_Scale_to_Actualize_Your_Ultimate_Potential.pdf,2020_The_Map_of_Consciousness_Explained_A_Proven_Energy_Scale_to_Actualize_Your_Ultimate_Potential.pdf
296,w-success-is-for-you,book,Books,2016,,book,Success Is for You: Using Heart-Centered Power Principles for Lasting Abundance and Fulfillment,Success Is for You: Using Heart-Centered Power Principles for Lasting Abundance and Fulfillment,,,2016_Success_Is_for_You_Using_Heart-Centered_Power_Principles_for_Lasting_Abundance_and_Fulfillment.pdf,2016_Success_Is_for_You_Using_Heart-Centered_Power_Principles_for_Lasting_Abundance_and_Fulfillment.pdf
297,w-daily-reflections,book,Books,2022,,book,"Daily Reflections from Dr. David R. Hawkins: 365 Contemplations on Surrender, Healing, and Consciousness","Daily Reflections from Dr. David R. Hawkins: 365 Contemplations on Surrender, Healing, and Consciousness",,,"2022_Daily_Reflections_from_Dr._David_R._Hawkins_365_Contemplations_on_Surrender,_Healing,_and_Consciousness.pdf","2022_Daily_Reflections_from_Dr._David_R._Hawkins_365_Contemplations_on_Surrender,_Healing,_and_Consciousness.pdf"
298,w-along-the-path-to-enlightenment,book,Books,2011,,book,Along the Path to Enlightenment,Along the Path to Enlightenment,,,2011_Along_the_Path_to_Enlightenment.pdf,2011_Along_the_Path_to_Enlightenment.pdf
299,w-dissolving-the-ego,book,Books,2011,,book,Dissolving the Ego Realizing the Self,Dissolving the Ego Realizing the Self,,,2011_Dissolving_the_Ego_Realizing_the_Self.pdf,2011_Dissolving_the_Ego_Realizing_the_Self.pdf
300,w-in-the-world-but-not-of-it,book,Books,2023,,book,In the World But Not Of It: Transforming Everyday Experience into a Spiritual Path,In the World But Not Of It: Transforming Everyday Experience into a Spiritual Path,,,2023_In_the_World_But_Not_Of_It_Transforming_Everyday_Experience_into_a_Spiritual_Path.pdf,2023_In_the_World_But_Not_Of_It_Transforming_Everyday_Experience_into_a_Spiritual_Path.pdf
301,w-highest-level-of-enlightenment,book,Books,2024,,book,The Highest Level of Enlightenment,The Highest Level of Enlightenment,,,2024_The_Highest_Level_of_Enlightenment.pdf,2024_The_Highest_Level_of_Enlightenment.pdf
303,w-the-path-to-spiritual-advancement-how-to,book,Transcription Series Books,2024,,book,The Path to Spiritual Advancement: How to Transcend the Ego and Experience the Presence of God,The Path to Spiritual Advancement: How to Transcend the Ego and Experience the Presence of God,,,2024_The_Path_to_Spiritual_Advancement_How_to_Transcend_the_Ego_and_Experience_the_Presence_of_God.pdf,2024_The_Path_to_Spiritual_Advancement_How_to_Transcend_the_Ego_and_Experience_the_Presence_of_God.pdf
304,w-the-evolution-of-consciousness-navigatin,book,Transcription Series Books,2024,,book,The Evolution of Consciousness: Navigating the Levels of Awareness and Unlocking Spiritual Potential,The Evolution of Consciousness: Navigating the Levels of Awareness and Unlocking Spiritual Potential,,,2024_The_Evolution_of_Consciousness_Navigating_the_Levels_of_Awareness_and_Unlocking_Spiritual_Potential.pdf,2024_The_Evolution_of_Consciousness_Navigating_the_Levels_of_Awareness_and_Unlocking_Spiritual_Potential.pdf
305,w-beyond-illusion-exploring-perception-ego,book,Transcription Series Books,2025,,book,"Beyond Illusion: Exploring Perception, Ego, and Meditation on the Path to Truth","Beyond Illusion: Exploring Perception, Ego, and Meditation on the Path to Truth",,,"2025_Beyond_Illusion_Exploring_Perception,_Ego,_and_Meditation_on_the_Path_to_Truth.pdf","2025_Beyond_Illusion_Exploring_Perception,_Ego,_and_Meditation_on_the_Path_to_Truth.pdf"
306,w-spiritual-power-and-integrity-uncovering,book,Transcription Series Books,2025,,book,"Spiritual Power and Integrity: Uncovering Spiritual Reality and Realizing Peace, Love, and Divinity","Spiritual Power and Integrity: Uncovering Spiritual Reality and Realizing Peace, Love, and Divinity",,,"2025_Spiritual_Power_and_Integrity_Uncovering_Spiritual_Reality_and_Realizing_Peace,_Love,_and_Divinity.pdf","2025_Spiritual_Power_and_Integrity_Uncovering_Spiritual_Reality_and_Realizing_Peace,_Love,_and_Divinity.pdf"
307,w-karma-and-devotion-the-sacred-path-to-go,book,Transcription Series Books,2025,,book,Karma and Devotion: The Sacred Path to God through the Heart,Karma and Devotion: The Sacred Path to God through the Heart,,,2025_Karma_and_Devotion_The_Sacred_Path_to_God_through_the_Heart.pdf,2025_Karma_and_Devotion_The_Sacred_Path_to_God_through_the_Heart.pdf
308,w-the-final-doorway-to-enlightenment-praye,book,Transcription Series Books,2026,,book,"The Final Doorway to Enlightenment: Prayer, Transcendence and Realization of the Self","The Final Doorway to Enlightenment: Prayer, Transcendence and Realization of the Self",,,"2026_The_Final_Doorway_to_Enlightenment_Prayer,_Transcendence_and_Realization_of_the_Self.pdf","2026_The_Final_Doorway_to_Enlightenment_Prayer,_Transcendence_and_Realization_of_the_Self.pdf"
310,w-mind-heart-and-service,lecture,On The Road Talk Series,2003,,DVD,"Mind, Heart and Service: The Pathway of Devotional Non-Duality","Mind, Heart and Service: The Pathway of Devotional Non-Duality",,,"2003_OTR_Mind,_Heart_and_Service_The_Pathway_of_Devotional_Non-Duality.mp4","2003_OTR_Mind,_Heart_and_Service_The_Pathway_of_Devotional_Non-Duality.mp4"
311,w-devotion-to-truth-talk,lecture,On The Road Talk Series,2003,,DVD,Devotion to Truth Talk,Devotion to Truth Talk,,,2003_OTR_Devotion_to_Truth_Talk.mp4,2003_OTR_Devotion_to_Truth_Talk.mp4
312,w-permanent-inner-peace-2012,discussion,Discussion Series,2012,,streaming,Permanent Inner Peace,Permanent Inner Peace,,,2012_DISCUSSION_Permanent_Inner_Peace.mp4,2012_DISCUSSION_Permanent_Inner_Peace.mp4
313,w-what-is-real-success-2012,discussion,Discussion Series,2012,,streaming,What is Real Success?,What is Real Success?,,,2012_DISCUSSION_What_is_Real_Success.mp4,2012_DISCUSSION_What_is_Real_Success.mp4
314,w-book-of-slides-the-complete-collection,book,Books,2018,,book,Book of Slides (The Complete Collection),Book of Slides (The Complete Collection),,,2018_Book_of_Slides_(The_Complete_Collection).pdf,2018_Book_of_Slides_(The_Complete_Collection).pdf
315,w-the-power-of-love-a-transformed-heart-ch,book,Books,2020,,book,The Power of Love: A Transformed Heart Changes the World,The Power of Love: A Transformed Heart Changes the World,,,2020_The_Power_of_Love_A_Transformed_Heart_Changes_the_World.pdf,2020_The_Power_of_Love_A_Transformed_Heart_Changes_the_World.pdf
316,w-the-ego-is-not-the-real-you,book,Books,2021,,book,The Ego is Not the Real You,The Ego is Not the Real You,,,2021_The_Ego_is_Not_the_Real_You.pdf,2021_The_Ego_is_Not_the_Real_You.pdf
317,w-life-with-doc-my-husband-my-teacher-dr-d,book,Books,2022,,book,"Life with “Doc” My Husband & My Teacher, Dr. David R. Hawkins","Life with “Doc” My Husband & My Teacher, Dr. David R. Hawkins",,,"2022_Life_with_“Doc”_My_Husband_&_My_Teacher,_Dr._David_R._Hawkins.pdf","2022_Life_with_“Doc”_My_Husband_&_My_Teacher,_Dr._David_R._Hawkins.pdf"
318,w-the-wisdom-of-dr-david-r-hawkins-classic,book,Books,2023,,book,The Wisdom of Dr. David R. Hawkins: Classic Teachings on Spiritual Truth and Enlightenment,The Wisdom of Dr. David R. Hawkins: Classic Teachings on Spiritual Truth and Enlightenment,,,2023_The_Wisdom_of_Dr._David_R._Hawkins_Classic_Teachings_on_Spiritual_Truth_and_Enlightenment.pdf,2023_The_Wisdom_of_Dr._David_R._Hawkins_Classic_Teachings_on_Spiritual_Truth_and_Enlightenment.pdf
319,w-the-man-who-mapped-consciousness-life-an,book,Books,2025,,book,The Man Who Mapped Consciousness: Life and Legacy of Dr. David R. Hawkins,The Man Who Mapped Consciousness: Life and Legacy of Dr. David R. Hawkins,,,2025_The_Man_Who_Mapped_Consciousness_Life_and_Legacy_of_Dr._David_R._Hawkins.pdf,2025_The_Man_Who_Mapped_Consciousness_Life_and_Legacy_of_Dr._David_R._Hawkins.pdf
320,w-power-vs-force,book,Books,1995,,audiobook,Power vs. Force (Audiobook),Power vs. Force,,,1995_Power_vs._Force_(Audible).m4b,1995_Power_vs._Force_(Audible).m4b
321,w-eye-of-the-i,book,Books,2001,,audiobook,The Eye of the I (Audiobook),The Eye of the I,,,2001_The_Eye_of_the_I.m4b,2001_The_Eye_of_the_I.m4b
322,w-truth-vs-falsehood,book,Books,2005,,audiobook,Truth Vs Falsehood (Audiobook),Truth Vs Falsehood,,,2005_Truth_Vs_Falsehood.m4b,2005_Truth_Vs_Falsehood.m4b
323,w-letting-go,book,Books,2012,,audiobook,Letting Go (Audiobook),Letting Go,,,2012_Letting_Go.m4b,2012_Letting_Go.m4b
324,w-healing-and-recovery,book,Books,2009,,audiobook,Healing and Recovery (Audiobook),Healing and Recovery,,,2009_Healing_and_Recovery.m4b,2009_Healing_and_Recovery.m4b
325,w-transcending-the-levels,book,Books,2006,,audiobook,Transcending the Levels of Consciousness (Audiobook),Transcending the Levels of Consciousness,,,2006_Transcending_the_Levels_of_Consciousness.m4b,2006_Transcending_the_Levels_of_Consciousness.m4b
326,w-in-the-world-but-not-of-it,book,Books,2023,,audiobook,In The World But Not Of It (Audiobook),In The World But Not Of It,,,2023_In_The_World_But_Not_Of_It.m4b,2023_In_The_World_But_Not_Of_It.m4b
327,w-truth-vs-falsehood,lecture,Books,2011,11,DVD,Truth vs. Falsehood: The Art of Spiritual Discernment (CD & DVD set),Truth vs. Falsehood: The Art of Spiritual Discernment (CD & DVD set),,,2011-11_Truth_vs._Falsehood_The_Art_of_Spiritual_Discernment_(CD_&_DVD_set).mp4,2011-11_Truth_vs._Falsehood_The_Art_of_Spiritual_Discernment_(CD_&_DVD_set).mp4
328,w-healing-and-recovery,lecture,Books,2010,07,audiobook,Healing: Achieving Total Wellness Through Higher Levels of Consciousness,Healing: Achieving Total Wellness Through Higher Levels of Consciousness,,,2010-07_Healing_Achieving_Total_Wellness_Through_Higher_Levels_of_Consciousness.m4b,2010-07_Healing_Achieving_Total_Wellness_Through_Higher_Levels_of_Consciousness.m4b
329,w-in-the-world-but-not-of-it,lecture,Books,2009,01,CD,“In the World But Not of It” – Audio,“In the World But Not of It” – Audio,,,2009-01_“In_the_World_But_Not_of_It”_–_Audio.mp3,2009-01_“In_the_World_But_Not_of_It”_–_Audio.mp3
330,w-highest-level-of-enlightenment,lecture,Books,2012,06,audiobook,The Highest Level of Enlightenment – Audio,The Highest Level of Enlightenment,,,2012-06_The_Highest_Level_of_Enlightenment.m4b,2012-06_The_Highest_Level_of_Enlightenment.m4b
331,w-power-vs-force,book,Books,1995,,audiobook,Power vs. Force Audio Book,Power vs. Force,,,1995_Power_vs._Force_(Veritas).m4b,1995_Power_vs._Force_(Veritas).m4b
332,w-highest-level-of-enlightenment,book,Books,2024,,audiobook,The Highest Level of Enlightenment (Audiobook),The Highest Level of Enlightenment,,,2024_The_Highest_Level_of_Enlightenment.m4b,2024_The_Highest_Level_of_Enlightenment.m4b
333,w-nature-of-divinity,lecture,The Way to God,2002,,audiobook,The Way to God: The Nature of Divinity vs. Religious Fallacy (Audiobook),The Way to God: The Nature of Divinity vs. Religious Fallacy,,,2002_The_Way_to_God_The_Nature_of_Divinity_vs._Religious_Fallacy.m4b,2002_The_Way_to_God_The_Nature_of_Divinity_vs._Religious_Fallacy.m4b
334,w-advaita,lecture,The Way to God,2002,,audiobook,The Way to God: Advaita - The Way to God Through Mind (Audiobook),The Way to God: Advaita - The Way to God Through Mind,,,2002_The_Way_to_God_Advaita_The_Way_to_God_Through_Mind.m4b,2002_The_Way_to_God_Advaita_The_Way_to_God_Through_Mind.m4b
335,w-realizing-root,lecture,The Way to God,2002,,audiobook,The Way to God: Realizing the Root of Consciousness (Audiobook),The Way to God: Realizing the Root of Consciousness,,,2002_The_Way_to_God_Realizing_the_Root_of_Consciousness.m4b,2002_The_Way_to_God_Realizing_the_Root_of_Consciousness.m4b
336,w-intention,lecture,Nonduality Intensive,2005,,audiobook,Devotional Nonduality Intensive: Intention (Audiobook),Devotional Nonduality Intensive: Intention,,,2005_Devotional_Nonduality_Intensive_Intention.m4b,2005_Devotional_Nonduality_Intensive_Intention.m4b
337,w-alignment,lecture,Nonduality Intensive,2005,,audiobook,Devotional Nonduality Intensive: Alignment (Audiobook),Devotional Nonduality Intensive: Alignment,,,2005_Devotional_Nonduality_Intensive_Alignment.m4b,2005_Devotional_Nonduality_Intensive_Alignment.m4b
338,w-identification-illusion,lecture,Transcending the Mind,2004,,audiobook,Transcending the Mind Series: Identification & Illusion (Audiobook),Transcending the Mind Series: Identification & Illusion,,,2004_Transcending_the_Mind_Series_Identification_&_Illusion.m4b,2004_Transcending_the_Mind_Series_Identification_&_Illusion.m4b
339,w-emotions-sensations,lecture,Transcending the Mind,2004,,audiobook,Transcending the Mind Series: Emotions & Sensations (Audiobook),Transcending the Mind Series: Emotions & Sensations,,,2004_Transcending_the_Mind_Series_Emotions_&_Sensations.m4b,2004_Transcending_the_Mind_Series_Emotions_&_Sensations.m4b
340,w-god-vs-science,lecture,Spiritual Reality & Modern Man,2007,,audiobook,Spiritual Reality and Modern Man: God vs. Science: Limits of the Mind (Audiobook),Spiritual Reality and Modern Man: God vs. Science: Limits of the Mind,,,2007_Spiritual_Reality_and_Modern_Man_God_vs._Science_Limits_of_the_Mind.m4b,2007_Spiritual_Reality_and_Modern_Man_God_vs._Science_Limits_of_the_Mind.m4b
341,w-tlc-perception,lecture,Transcending Levels of Consciousness,2006,,audiobook,Transcending the Levels of Consciousness Series: Perception vs. Essence (Audiobook),Transcending the Levels of Consciousness Series: Perception vs. Essence,,,2006_Transcending_the_Levels_of_Consciousness_Series_Perception_vs._Essence.m4b,2006_Transcending_the_Levels_of_Consciousness_Series_Perception_vs._Essence.m4b
342,w-compassion,lecture,On The Road Talk Series,2003,,audiobook,Compassion (Audiobook),Compassion,,,2003_Compassion.m4b,2003_Compassion.m4b
343,w-live-prayer,lecture,Transcending Levels of Consciousness,2006,,audiobook,Live Life As A Prayer (Audio),Live Life As A Prayer,,,2006_Live_Life_As_A_Prayer.m4b,2006_Live_Life_As_A_Prayer.m4b
344,w-satsang-series-jan-2006,lecture,Satsang Series,2006,01,CD,Satsang Series (Jan 2006),Satsang Series,,,2006-01_Satsang_Series.mp3,2006-01_Satsang_Series.mp3
345,w-satsang-series-mar-2006,lecture,Satsang Series,2006,03,CD,Satsang Series (Mar 2006),Satsang Series,,,2006-03_Satsang_Series.mp3,2006-03_Satsang_Series.mp3
346,w-satsang-series-may-2006,lecture,Satsang Series,2006,05,CD,Satsang Series (May 2006),Satsang Series,,,2006-05_Satsang_Series.mp3,2006-05_Satsang_Series.mp3
347,w-satsang-series-jul-2006,lecture,Satsang Series,2006,07,CD,Satsang Series (Jul 2006),Satsang Series,,,2006-07_Satsang_Series.mp3,2006-07_Satsang_Series.mp3
348,w-satsang-series-sep-2006,lecture,Satsang Series,2006,09,CD,Satsang Series (Sep 2006),Satsang Series,,,2006-09_Satsang_Series.mp3,2006-09_Satsang_Series.mp3
349,w-satsang-series-nov-2006,lecture,Satsang Series,2006,11,CD,Satsang Series (Nov 2006),Satsang Series,,,2006-11_Satsang_Series.mp3,2006-11_Satsang_Series.mp3
350,w-satsang-series-jul-2008,lecture,Satsang Series,2008,07,CD,Satsang Series (Jul 2008),Satsang Series,,,2008-07_Satsang_Series.mp3,2008-07_Satsang_Series.mp3
351,w-satsang-series-jun-2010,lecture,Satsang Series,2010,06,CD,Satsang Series (Jun 2010),Satsang Series,,,2010-06_Satsang_Series.mp3,2010-06_Satsang_Series.mp3
352,w-satsang-series-sep-2010,lecture,Satsang Series,2010,09,CD,Satsang Series (Sep 2010),Satsang Series,,,2010-09_Satsang_Series.mp3,2010-09_Satsang_Series.mp3
353,w-giving-up-illness,lecture,Media Miscellaneous,2007,03,CD,Giving Up Illness through A Course in Miracles© – Audio,Giving Up Illness through A Course in Miracles© – Audio,,,2007-03_Giving_Up_Illness_through_A_Course_in_Miracles©_–_Audio.mp3,2007-03_Giving_Up_Illness_through_A_Course_in_Miracles©_–_Audio.mp3
354,w-unity-church-sedona-2005,lecture,On The Road Talk Series,2005,03,CD,Unity Church of Sedona 2005 March (CD),Unity Church of Sedona (CD),,,2005-03_OTR_Unity_Church_of_Sedona_(CD).mp3,2005-03_OTR_Unity_Church_of_Sedona_(CD).mp3
355,w-unity-church-sedona-2006,lecture,On The Road Talk Series,2006,06,CD,Unity Church of Sedona 2006 June (CD),Unity Church of Sedona (CD),,,2006-06_OTR_Unity_Church_of_Sedona_(CD).mp3,2006-06_OTR_Unity_Church_of_Sedona_(CD).mp3
356,w-dont-set-sail-without-a-compass,lecture,Media Miscellaneous,,,CD,Don’t Set Sail Without A Compass – Audio,Don’t Set Sail Without A Compass – Audio,,,Don’t_Set_Sail_Without_A_Compass_–_Audio.mp3,Don’t_Set_Sail_Without_A_Compass_–_Audio.mp3
357,w-peace-is-the-natural-state,lecture,On The Road Talk Series,2003,,CD,Peace is the Natural State,Peace is the Natural State,,,2003_OTR_Peace_is_the_Natural_State.mp3,2003_OTR_Peace_is_the_Natural_State.mp3
358,w-essence-of-letting-go,lecture,Media Miscellaneous,,,audiobook,The Essence of Letting Go: A Living Transmission of Truth,The Essence of Letting Go: A Living Transmission of Truth,,,The_Essence_of_Letting_Go_A_Living_Transmission_of_Truth.m4b,The_Essence_of_Letting_Go_A_Living_Transmission_of_Truth.m4b
359,w-orthomolecular-psychiatry,book,Academic,1973,,book,Orthomolecular Psychiatry: Treatment of Schizophrenia,Orthomolecular Psychiatry: Treatment of Schizophrenia,,,1973_Orthomolecular_Psychiatry_Treatment_of_Schizophrenia.pdf,1973_Orthomolecular_Psychiatry_Treatment_of_Schizophrenia.pdf
360,w-qualitative-quantitative-analysis,book,Academic,1998,,book,Qualitative and Quantitative Analysis and Calibration of the Level of Human Consciousness,Qualitative and Quantitative Analysis and Calibration of the Level of Human Consciousness,,,1998_Qualitative_and_Quantitative_Analysis_and_Calibration_of_the_Level_of_Human_Consciousness.pdf,1998_Qualitative_and_Quantitative_Analysis_and_Calibration_of_the_Level_of_Human_Consciousness.pdf
361,w-dialogues-on-consciousness,book,Academic,1998,,book,Dialogues on Consciousness and Spirituality,Dialogues on Consciousness and Spirituality,,,1998_Dialogues_on_Consciousness_and_Spirituality.pdf,1998_Dialogues_on_Consciousness_and_Spirituality.pdf
362,w-highlights-2002-1-6,highlight,Lecture Highlights,2002,,streaming,Highlights of the 2002 Lectures 1-6,Highlights of the 2002 Lectures 1-6,1,1,Highlights_of_the_2002_Lectures_1-6.mp4,Highlights_of_the_2002_Lectures_1-6.mp4
363,w-highlights-2002-7-12,highlight,Lecture Highlights,2002,,streaming,Highlights of the 2002 Lectures 7-12,Highlights of the 2002 Lectures 7-12,1,1,Highlights_of_the_2002_Lectures_7-12.mp4,Highlights_of_the_2002_Lectures_7-12.mp4
364,w-highlights-2003,highlight,Lecture Highlights,2003,,streaming,Highlights of the 2003 Lectures,Highlights of the 2003 Lectures,1,1,Highlights_of_the_2003_Lectures.mp4,Highlights_of_the_2003_Lectures.mp4
365,w-highlights-2004,highlight,Lecture Highlights,2004,,streaming,Highlights of the 2004 Lectures,Highlights of the 2004 Lectures,1,1,Highlights_of_the_2004_Lectures.mp4,Highlights_of_the_2004_Lectures.mp4
366,w-highlights-2005,highlight,Lecture Highlights,2005,,streaming,Highlights of the 2005 Lectures,Highlights of the 2005 Lectures,1,1,Highlights_of_the_2005_Lectures.mp4,Highlights_of_the_2005_Lectures.mp4
367,w-highlights-2006,highlight,Lecture Highlights,2006,,streaming,Highlights of the 2006 Lectures,Highlights of the 2006 Lectures,1,1,Highlights_of_the_2006_Lectures.mp4,Highlights_of_the_2006_Lectures.mp4
368,w-highlights-2007,highlight,Lecture Highlights,2007,,streaming,Highlights of the 2007 Lectures,Highlights of the 2007 Lectures,1,1,Highlights_of_the_2007_Lectures.mp4,Highlights_of_the_2007_Lectures.mp4
369,w-discovery,lecture,Nightingale-Conant,2007,,audiobook,The Discovery,The Discovery,1,1,2007_The_Discovery.m4b,2007_The_Discovery.m4b
370,w-ultimate-library,lecture,Nightingale-Conant,2016,,audiobook,The Ultimate David Hawkins Library,The Ultimate David Hawkins Library,1,1,2016_The_Ultimate_David_Hawkins_Library.m4b,2016_The_Ultimate_David_Hawkins_Library.m4b
371,w-om,other,Media Miscellaneous,2017,,audiobook,OM,OM,1,1,2017_OM.m4b,2017_OM.m4b
372,w-how-to-surrender-to-god,lecture,Hay House,2019,,audiobook,How to Surrender to God,How to Surrender to God,1,1,2019_How_to_Surrender_to_God.m4b,2019_How_to_Surrender_to_God.m4b
373,w-power-vs-force,book,Books,1995,,book,Power vs. Force — Original Hardcover (non-B&W dust jacket),Power vs. Force — Original Hardcover (non-B&W dust jacket),,,1995_Power_vs_Force_The_Hidden_Determinants_of_Human_Behavior_(Original_Hardcover_non-B&W).pdf,1995_Power_vs_Force_The_Hidden_Determinants_of_Human_Behavior_(Original_Hardcover_non-B&W).pdf
