veritas_product_id,official_title,matched_master_uuids,official_categories,dominant_category,dominance_rule,mapped_series,review_status,reviewed_on,review_notes
1302,Discovery of the Presence of God: Devotional Nonduality,292,Books Published by Dr. Hawkins,Books Published by Dr. Hawkins,R7,Books,approved,2026-08-03,Bulk-approved 2026-08-03 with owner's delegation: taxonomy-derived series equals the curated series baseline (286/286 uuid-level agreement after the inventory refresh).
1304,Satsang Series (Jan 2006),344,Satsang; Satsang 2006,Satsang,R2,Satsang Series,approved,2026-08-04,Bulk-approved 2026-08-04 with owner's delegation: taxonomy-derived series equals the curated series baseline for every referenced master ID (proven no-op; the 10 differing 2026-08-04 proposals stay pending owner ruling).
1306,Satsang Series (Mar 2006),345,Satsang; Satsang 2006,Satsang,R2,Satsang Series,approved,2026-08-04,Bulk-approved 2026-08-04 with owner's delegation: taxonomy-derived series equals the curated series baseline for every referenced master ID (proven no-op; the 10 differing 2026-08-04 proposals stay pending owner ruling).
1308,Satsang Series (May 2006),346,Satsang; Satsang 2006,Satsang,R2,Satsang Series,approved,2026-08-04,Bulk-approved 2026-08-04 with owner's delegation: taxonomy-derived series equals the curated series baseline for every referenced master ID (proven no-op; the 10 differing 2026-08-04 proposals stay pending owner ruling).
1310,Satsang Series (Jul 2006),347,Satsang; Satsang 2006,Satsang,R2,Satsang Series,approved,2026-08-04,Bulk-approved 2026-08-04 with owner's delegation: taxonomy-derived series equals the curated series baseline for every referenced master ID (proven no-op; the 10 differing 2026-08-04 proposals stay pending owner ruling).
1312,Satsang Series (Sep 2006),348,Satsang; Satsang 2006,Satsang,R2,Satsang Series,approved,2026-08-04,Bulk-approved 2026-08-04 with owner's delegation: taxonomy-derived series equals the curated series baseline for every referenced master ID (proven no-op; the 10 differing 2026-08-04 proposals stay pending owner ruling).
1314,Satsang Series (Nov 2006),349,Satsang; Satsang 2006,Satsang,R2,Satsang Series,approved,2026-08-04,Bulk-approved 2026-08-04 with owner's delegation: taxonomy-derived series equals the curated series baseline for every referenced master ID (proven no-op; the 10 differing 2026-08-04 proposals stay pending owner ruling).
1542,Power vs. Force Audio Book,202,Media Miscellaneous,Media Miscellaneous,R7,Media Miscellaneous,rejected,2026-08-03,Master record 202 is the Volume I DVD; the audio product's 'Media Miscellaneous' category describes a different edition and must not re-series this record.
1544,Giving Up Illness through A Course in Miracles© – Audio,353,Media Miscellaneous,Media Miscellaneous,R7,Media Miscellaneous,approved,2026-08-04,Bulk-approved 2026-08-04 with owner's delegation: taxonomy-derived series equals the curated series baseline for every referenced master ID (proven no-op; the 10 differing 2026-08-04 proposals stay pending owner ruling).
1546,Unity Church of Sedona 2005 March (CD),354,Media Miscellaneous,Media Miscellaneous,R7,Media Miscellaneous,proposed,,
1548,Unity Church of Sedona 2006 June (CD),355,Media Miscellaneous,Media Miscellaneous,R7,Media Miscellaneous,proposed,,
1552,Golden Word Book Signing – Audio,265,Media Miscellaneous,Media Miscellaneous,R7,Media Miscellaneous,approved,2026-08-03,Bulk-approved 2026-08-03 with owner's delegation: taxonomy-derived series equals the curated series baseline (286/286 uuid-level agreement after the inventory refresh).
1562,Volume III: Advanced States of Consciousness,206; 207,Volume Series,Volume Series,R7,Volume Series,approved,2026-08-03,Bulk-approved 2026-08-03 with owner's delegation: taxonomy-derived series equals the curated series baseline (286/286 uuid-level agreement after the inventory refresh).
1564,Volume IV: Consciousness: How to Tell the Truth About Anything,208; 209,Volume Series,Volume Series,R7,Volume Series,approved,2026-08-03,Bulk-approved 2026-08-03 with owner's delegation: taxonomy-derived series equals the curated series baseline (286/286 uuid-level agreement after the inventory refresh).
1566,Volume V: Undoing the Barriers to Spiritual Progress,210; 211; 212,Volume Series,Volume Series,R7,Volume Series,approved,2026-08-03,Bulk-approved 2026-08-03 with owner's delegation: taxonomy-derived series equals the curated series baseline (286/286 uuid-level agreement after the inventory refresh).
1568,Volume I: Power vs. Force Muscle Testing,202; 203,Volume Series,Volume Series,R7,Volume Series,approved,2026-08-03,Master record is the Volume I Power vs Force DVD (primary source match); proposed series 'Volume Series' equals the curated series. Conflicting edition signals rejected for this record.
1578,Satsang Series (Jan 2007),251,Satsang; Satsang 2007,Satsang,R2,Satsang Series,approved,2026-08-03,Bulk-approved 2026-08-03 with owner's delegation: taxonomy-derived series equals the curated series baseline (286/286 uuid-level agreement after the inventory refresh).
1584,Satsang Series (Mar 2007),252,Satsang; Satsang 2007,Satsang,R2,Satsang Series,approved,2026-08-03,Bulk-approved 2026-08-03 with owner's delegation: taxonomy-derived series equals the curated series baseline (286/286 uuid-level agreement after the inventory refresh).
1586,Satsang Series (May 2007),253,Satsang; Satsang 2007,Satsang,R2,Satsang Series,approved,2026-08-03,Bulk-approved 2026-08-03 with owner's delegation: taxonomy-derived series equals the curated series baseline (286/286 uuid-level agreement after the inventory refresh).
1592,Satsang Series (Jul 2007),254,Satsang; Satsang 2007,Satsang,R2,Satsang Series,approved,2026-08-03,Bulk-approved 2026-08-03 with owner's delegation: taxonomy-derived series equals the curated series baseline (286/286 uuid-level agreement after the inventory refresh).
1602,Satsang Series (Sep 2007),255,Satsang; Satsang 2007,Satsang,R2,Satsang Series,approved,2026-08-03,Bulk-approved 2026-08-03 with owner's delegation: taxonomy-derived series equals the curated series baseline (286/286 uuid-level agreement after the inventory refresh).
1633,Satsang Series (May 2008),256,Satsang; Satsang 2008,Satsang,R2,Satsang Series,approved,2026-08-03,Bulk-approved 2026-08-03 with owner's delegation: taxonomy-derived series equals the curated series baseline (286/286 uuid-level agreement after the inventory refresh).
1639,Satsang Series (Jul 2008),350,Satsang; Satsang 2008,Satsang,R2,Satsang Series,approved,2026-08-04,Bulk-approved 2026-08-04 with owner's delegation: taxonomy-derived series equals the curated series baseline for every referenced master ID (proven no-op; the 10 differing 2026-08-04 proposals stay pending owner ruling).
1645,Satsang Series (Sep 2008),257,Satsang; Satsang 2008,Satsang,R2,Satsang Series,approved,2026-08-03,Bulk-approved 2026-08-03 with owner's delegation: taxonomy-derived series equals the curated series baseline (286/286 uuid-level agreement after the inventory refresh).
1659,Satsang Series (Jan 2009),258,Satsang; Satsang 2009,Satsang,R2,Satsang Series,approved,2026-08-03,Bulk-approved 2026-08-03 with owner's delegation: taxonomy-derived series equals the curated series baseline (286/286 uuid-level agreement after the inventory refresh).
1661,“In the World But Not of It” – Audio,329,Media Miscellaneous,Media Miscellaneous,R7,Media Miscellaneous,proposed,,
1671,Satsang Series (May 2009),259,Satsang; Satsang 2009,Satsang,R2,Satsang Series,approved,2026-08-03,Bulk-approved 2026-08-03 with owner's delegation: taxonomy-derived series equals the curated series baseline (286/286 uuid-level agreement after the inventory refresh).
1677,Satsang Series (Sep 2009),260,Satsang; Satsang 2009,Satsang,R2,Satsang Series,approved,2026-08-03,Bulk-approved 2026-08-03 with owner's delegation: taxonomy-derived series equals the curated series baseline (286/286 uuid-level agreement after the inventory refresh).
1683,Satsang Series (Nov 2009),261,Satsang; Satsang 2009,Satsang,R2,Satsang Series,approved,2026-08-03,Bulk-approved 2026-08-03 with owner's delegation: taxonomy-derived series equals the curated series baseline (286/286 uuid-level agreement after the inventory refresh).
1687,Satsang Series (Feb 2010),262,Satsang; Satsang 2010,Satsang,R2,Satsang Series,approved,2026-08-03,Bulk-approved 2026-08-03 with owner's delegation: taxonomy-derived series equals the curated series baseline (286/286 uuid-level agreement after the inventory refresh).
1695,Healing: Achieving Total Wellness Through Higher Levels of Consciousness – Audio,328,Media Miscellaneous,Media Miscellaneous,R7,Media Miscellaneous,proposed,,
1697,Satsang Series (Jun 2010),351,Satsang; Satsang 2010,Satsang,R2,Satsang Series,approved,2026-08-04,Bulk-approved 2026-08-04 with owner's delegation: taxonomy-derived series equals the curated series baseline for every referenced master ID (proven no-op; the 10 differing 2026-08-04 proposals stay pending owner ruling).
1699,Satsang Series (Sep 2010),352,Satsang; Satsang 2010,Satsang,R2,Satsang Series,approved,2026-08-04,Bulk-approved 2026-08-04 with owner's delegation: taxonomy-derived series equals the curated series baseline for every referenced master ID (proven no-op; the 10 differing 2026-08-04 proposals stay pending owner ruling).
1704,Satsang Series (Nov 2010),263,Satsang; Satsang 2010,Satsang,R2,Satsang Series,approved,2026-08-03,Bulk-approved 2026-08-03 with owner's delegation: taxonomy-derived series equals the curated series baseline (286/286 uuid-level agreement after the inventory refresh).
1712,Question/Answer Session (Mar 2011),200,Satsang; Satsang 2011; Satsang Series and Question & Answer Sessions,Satsang,R2,Satsang Series,approved,2026-08-03,Bulk-approved 2026-08-03 with owner's delegation: taxonomy-derived series equals the curated series baseline (286/286 uuid-level agreement after the inventory refresh).
1728,Truth vs. Falsehood: The Art of Spiritual Discernment (CD & DVD set),327,Media Miscellaneous,Media Miscellaneous,R7,Media Miscellaneous,proposed,,
1742,The Highest Level of Enlightenment – Audio,330,Media Miscellaneous,Media Miscellaneous,R7,Media Miscellaneous,proposed,,
1792,Don’t Set Sail Without A Compass – Audio,356,Media Miscellaneous,Media Miscellaneous,R7,Media Miscellaneous,approved,2026-08-04,Bulk-approved 2026-08-04 with owner's delegation: taxonomy-derived series equals the curated series baseline for every referenced master ID (proven no-op; the 10 differing 2026-08-04 proposals stay pending owner ruling).
1802,God is The Infinite Field,269,On the Road - Talk Series,On the Road - Talk Series,R4,On The Road Talk Series,approved,2026-08-03,Bulk-approved 2026-08-03 with owner's delegation: taxonomy-derived series equals the curated series baseline (286/286 uuid-level agreement after the inventory refresh).
1804,The Power of Devotion,272,On the Road - Talk Series,On the Road - Talk Series,R4,On The Road Talk Series,approved,2026-08-03,Bulk-approved 2026-08-03 with owner's delegation: taxonomy-derived series equals the curated series baseline (286/286 uuid-level agreement after the inventory refresh).
1810,God is Hidden Within the Beauty of the Music,268,On the Road - Talk Series,On the Road - Talk Series,R4,On The Road Talk Series,approved,2026-08-03,Bulk-approved 2026-08-03 with owner's delegation: taxonomy-derived series equals the curated series baseline (286/286 uuid-level agreement after the inventory refresh).
1814,Peace is the Natural State,357,On the Road - Talk Series,On the Road - Talk Series,R4,On The Road Talk Series,proposed,,
1820,Success Is for You: Using Heart-Centered Power Principles for Lasting Abundance and Fulfillment (Book),296,Books Published by Dr. Hawkins,Books Published by Dr. Hawkins,R7,Books,approved,2026-08-03,Bulk-approved 2026-08-03 with owner's delegation: taxonomy-derived series equals the curated series baseline (286/286 uuid-level agreement after the inventory refresh).
1822,Love is a Way of Being,218; 219; 220,On the Road - Talk Series,On the Road - Talk Series,R4,On The Road Talk Series,approved,2026-08-03,Bulk-approved 2026-08-03 with owner's delegation: taxonomy-derived series equals the curated series baseline (286/286 uuid-level agreement after the inventory refresh).
1826,All is Divinity,266,On the Road - Talk Series,On the Road - Talk Series,R4,On The Road Talk Series,approved,2026-08-03,Bulk-approved 2026-08-03 with owner's delegation: taxonomy-derived series equals the curated series baseline (286/286 uuid-level agreement after the inventory refresh).
1828,The Ever-Present Joy,271,On the Road - Talk Series,On the Road - Talk Series,R4,On The Road Talk Series,approved,2026-08-03,Bulk-approved 2026-08-03 with owner's delegation: taxonomy-derived series equals the curated series baseline (286/286 uuid-level agreement after the inventory refresh).
1830,Verification of Spiritual Realities,230; 231; 232,On the Road - Talk Series,On the Road - Talk Series,R4,On The Road Talk Series,approved,2026-08-03,Bulk-approved 2026-08-03 with owner's delegation: taxonomy-derived series equals the curated series baseline (286/286 uuid-level agreement after the inventory refresh).
36441,Virtues: The Spiritual Foundation,276,On the Road - Talk Series,On the Road - Talk Series,R4,On The Road Talk Series,approved,2026-08-03,Bulk-approved 2026-08-03 with owner's delegation: taxonomy-derived series equals the curated series baseline (286/286 uuid-level agreement after the inventory refresh).
37223,You Are the Light of Consciousness,277,On the Road - Talk Series,On the Road - Talk Series,R4,On The Road Talk Series,approved,2026-08-03,Bulk-approved 2026-08-03 with owner's delegation: taxonomy-derived series equals the curated series baseline (286/286 uuid-level agreement after the inventory refresh).
37761,The Prevailing Silence,273,On the Road - Talk Series,On the Road - Talk Series,R4,On The Road Talk Series,approved,2026-08-03,Bulk-approved 2026-08-03 with owner's delegation: taxonomy-derived series equals the curated series baseline (286/286 uuid-level agreement after the inventory refresh).
38104,Become That Which You Are,215; 216; 217,On the Road - Talk Series,On the Road - Talk Series,R4,On The Road Talk Series,approved,2026-08-03,Bulk-approved 2026-08-03 with owner's delegation: taxonomy-derived series equals the curated series baseline (286/286 uuid-level agreement after the inventory refresh).
38608,Book of Slides (The Complete Collection),314,Books Published by Dr. Hawkins,Books Published by Dr. Hawkins,R7,Books,approved,2026-08-04,Bulk-approved 2026-08-04 with owner's delegation: taxonomy-derived series equals the curated series baseline for every referenced master ID (proven no-op; the 10 differing 2026-08-04 proposals stay pending owner ruling).
39375,Compassion: The Pathway of the Heart,267,On the Road - Talk Series,On the Road - Talk Series,R4,On The Road Talk Series,approved,2026-08-03,Bulk-approved 2026-08-03 with owner's delegation: taxonomy-derived series equals the curated series baseline (286/286 uuid-level agreement after the inventory refresh).
40035,Truth Shines Forth,275,On the Road - Talk Series,On the Road - Talk Series,R4,On The Road Talk Series,approved,2026-08-03,Bulk-approved 2026-08-03 with owner's delegation: taxonomy-derived series equals the curated series baseline (286/286 uuid-level agreement after the inventory refresh).
42624,The Presence of Spiritual Awareness,222; 223; 224,On the Road - Talk Series,On the Road - Talk Series,R4,On The Road Talk Series,approved,2026-08-03,Bulk-approved 2026-08-03 with owner's delegation: taxonomy-derived series equals the curated series baseline (286/286 uuid-level agreement after the inventory refresh).
43146,The Power of Love: A Transformed Heart Changes the World (Book),315,Books Published by Dr. Hawkins,Books Published by Dr. Hawkins,R7,Books,approved,2026-08-04,Bulk-approved 2026-08-04 with owner's delegation: taxonomy-derived series equals the curated series baseline for every referenced master ID (proven no-op; the 10 differing 2026-08-04 proposals stay pending owner ruling).
43728,The Map of Consciousness Explained: A Proven Energy Scale to Actualize Your Ultimate Potential (Book),295,Books Published by Dr. Hawkins,Books Published by Dr. Hawkins,R7,Books,approved,2026-08-03,Bulk-approved 2026-08-03 with owner's delegation: taxonomy-derived series equals the curated series baseline (286/286 uuid-level agreement after the inventory refresh).
46042,Spiritual Reality,270,On the Road - Talk Series,On the Road - Talk Series,R4,On The Road Talk Series,approved,2026-08-03,Bulk-approved 2026-08-03 with owner's delegation: taxonomy-derived series equals the curated series baseline (286/286 uuid-level agreement after the inventory refresh).
47979,The Ego is Not the Real You (Book),316,Books Published by Dr. Hawkins,Books Published by Dr. Hawkins,R7,Books,approved,2026-08-04,Bulk-approved 2026-08-04 with owner's delegation: taxonomy-derived series equals the curated series baseline for every referenced master ID (proven no-op; the 10 differing 2026-08-04 proposals stay pending owner ruling).
48825,Transcending the Ego,274,On the Road - Talk Series,On the Road - Talk Series,R4,On The Road Talk Series,approved,2026-08-03,Bulk-approved 2026-08-03 with owner's delegation: taxonomy-derived series equals the curated series baseline (286/286 uuid-level agreement after the inventory refresh).
50370,Letting Go: The Pathway of Surrender (Book),290,Books Published by Dr. Hawkins,Books Published by Dr. Hawkins,R7,Books,approved,2026-08-03,Bulk-approved 2026-08-03 with owner's delegation: taxonomy-derived series equals the curated series baseline (286/286 uuid-level agreement after the inventory refresh).
50378,Healing and Recovery (Book),291,Books Published by Dr. Hawkins,Books Published by Dr. Hawkins,R7,Books,approved,2026-08-03,Bulk-approved 2026-08-03 with owner's delegation: taxonomy-derived series equals the curated series baseline (286/286 uuid-level agreement after the inventory refresh).
50382,I: Reality and Subjectivity (Book),288,Books Published by Dr. Hawkins,Books Published by Dr. Hawkins,R7,Books,approved,2026-08-03,Bulk-approved 2026-08-03 with owner's delegation: taxonomy-derived series equals the curated series baseline (286/286 uuid-level agreement after the inventory refresh).
50388,"Reality, Spirituality and Modern Man (Book)",293,Books Published by Dr. Hawkins,Books Published by Dr. Hawkins,R7,Books,approved,2026-08-03,Bulk-approved 2026-08-03 with owner's delegation: taxonomy-derived series equals the curated series baseline (286/286 uuid-level agreement after the inventory refresh).
50393,The Eye of the I (Book),287,Books Published by Dr. Hawkins,Books Published by Dr. Hawkins,R7,Books,approved,2026-08-03,Bulk-approved 2026-08-03 with owner's delegation: taxonomy-derived series equals the curated series baseline (286/286 uuid-level agreement after the inventory refresh).
50398,Truth vs. Falsehood: How to Tell the Difference (Book),289,Books Published by Dr. Hawkins,Books Published by Dr. Hawkins,R7,Books,approved,2026-08-03,Bulk-approved 2026-08-03 with owner's delegation: taxonomy-derived series equals the curated series baseline (286/286 uuid-level agreement after the inventory refresh).
50407,Transcending the Levels of Consciousness (Book),294,Books Published by Dr. Hawkins,Books Published by Dr. Hawkins,R7,Books,approved,2026-08-03,Bulk-approved 2026-08-03 with owner's delegation: taxonomy-derived series equals the curated series baseline (286/286 uuid-level agreement after the inventory refresh).
50411,Power vs. Force: The Hidden Determinants of Human Behavior book,202,Books Published by Dr. Hawkins,Books Published by Dr. Hawkins,R7,Books,rejected,2026-08-03,Master record 202 is the Volume I DVD; the book product's 'Books' category describes a different edition of the same work title and must not re-series this record.
50432,A Map of Consciousness,247,Archival Office Visit Series,Archival Office Visit Series,R6,Office Series,approved,2026-08-03,Bulk-approved 2026-08-03 with owner's delegation: taxonomy-derived series equals the curated series baseline (286/286 uuid-level agreement after the inventory refresh).
50435,Alcoholism,244,Archival Office Visit Series,Archival Office Visit Series,R6,Office Series,approved,2026-08-03,Bulk-approved 2026-08-03 with owner's delegation: taxonomy-derived series equals the curated series baseline (286/286 uuid-level agreement after the inventory refresh).
50438,Cancer,248,Archival Office Visit Series,Archival Office Visit Series,R6,Office Series,approved,2026-08-03,Bulk-approved 2026-08-03 with owner's delegation: taxonomy-derived series equals the curated series baseline (286/286 uuid-level agreement after the inventory refresh).
50441,Spiritual First Aid,235,Archival Office Visit Series,Archival Office Visit Series,R6,Office Series,approved,2026-08-03,Bulk-approved 2026-08-03 with owner's delegation: taxonomy-derived series equals the curated series baseline (286/286 uuid-level agreement after the inventory refresh).
50444,Losing Weight,241,Archival Office Visit Series,Archival Office Visit Series,R6,Office Series,approved,2026-08-03,Bulk-approved 2026-08-03 with owner's delegation: taxonomy-derived series equals the curated series baseline (286/286 uuid-level agreement after the inventory refresh).
50447,Stress,233,Archival Office Visit Series,Archival Office Visit Series,R6,Office Series,approved,2026-08-03,Bulk-approved 2026-08-03 with owner's delegation: taxonomy-derived series equals the curated series baseline (286/286 uuid-level agreement after the inventory refresh).
50453,Drug Addiction and Alcoholism,245,Archival Office Visit Series,Archival Office Visit Series,R6,Office Series,approved,2026-08-03,Bulk-approved 2026-08-03 with owner's delegation: taxonomy-derived series equals the curated series baseline (286/286 uuid-level agreement after the inventory refresh).
50458,Death and Dying,250,Archival Office Visit Series,Archival Office Visit Series,R6,Office Series,approved,2026-08-03,Bulk-approved 2026-08-03 with owner's delegation: taxonomy-derived series equals the curated series baseline (286/286 uuid-level agreement after the inventory refresh).
50461,Depression,242,Archival Office Visit Series,Archival Office Visit Series,R6,Office Series,approved,2026-08-03,Bulk-approved 2026-08-03 with owner's delegation: taxonomy-derived series equals the curated series baseline (286/286 uuid-level agreement after the inventory refresh).
50464,Handling Major Crises,238,Archival Office Visit Series,Archival Office Visit Series,R6,Office Series,approved,2026-08-03,Bulk-approved 2026-08-03 with owner's delegation: taxonomy-derived series equals the curated series baseline (286/286 uuid-level agreement after the inventory refresh).
50467,Health,234,Archival Office Visit Series,Archival Office Visit Series,R6,Office Series,approved,2026-08-03,Bulk-approved 2026-08-03 with owner's delegation: taxonomy-derived series equals the curated series baseline (286/286 uuid-level agreement after the inventory refresh).
50470,Illness and Self-Healing,243,Archival Office Visit Series,Archival Office Visit Series,R6,Office Series,approved,2026-08-03,Bulk-approved 2026-08-03 with owner's delegation: taxonomy-derived series equals the curated series baseline (286/286 uuid-level agreement after the inventory refresh).
50473,Pain and Suffering,240,Archival Office Visit Series,Archival Office Visit Series,R6,Office Series,approved,2026-08-03,Bulk-approved 2026-08-03 with owner's delegation: taxonomy-derived series equals the curated series baseline (286/286 uuid-level agreement after the inventory refresh).
50476,Sexuality,236,Archival Office Visit Series,Archival Office Visit Series,R6,Office Series,approved,2026-08-03,Bulk-approved 2026-08-03 with owner's delegation: taxonomy-derived series equals the curated series baseline (286/286 uuid-level agreement after the inventory refresh).
50479,The Aging Process,237,Archival Office Visit Series,Archival Office Visit Series,R6,Office Series,approved,2026-08-03,Bulk-approved 2026-08-03 with owner's delegation: taxonomy-derived series equals the curated series baseline (286/286 uuid-level agreement after the inventory refresh).
50482,"Worry, Fear, and Anxiety",239,Archival Office Visit Series,Archival Office Visit Series,R6,Office Series,approved,2026-08-03,Bulk-approved 2026-08-03 with owner's delegation: taxonomy-derived series equals the curated series baseline (286/286 uuid-level agreement after the inventory refresh).
50485,Permanent Inner Peace (2012),312,Discussion Series,Discussion Series,R7,Discussion Series,proposed,,
50488,What is Real Success? (2012),313,Discussion Series,Discussion Series,R7,Discussion Series,proposed,,
50491,How to Live Your Life Like A Prayer (2012),121,Discussion Series,Discussion Series,R7,Discussion Series,rejected,2026-08-03,Master record 121 is the Nov 2006 lecture; the 2012 Discussion Series product is a separate item already covered as related_material; its category must not re-series the 2006 lecture record.
50494,What You Are Changes the World (2012),285,Discussion Series,Discussion Series,R7,Discussion Series,approved,2026-08-03,Bulk-approved 2026-08-03 with owner's delegation: taxonomy-derived series equals the curated series baseline (286/286 uuid-level agreement after the inventory refresh).
50507,Improving Your Relationships (2012),280,Discussion Series,Discussion Series,R7,Discussion Series,approved,2026-08-03,Bulk-approved 2026-08-03 with owner's delegation: taxonomy-derived series equals the curated series baseline (286/286 uuid-level agreement after the inventory refresh).
50510,How to See the Reality of Life (2012),279,Discussion Series,Discussion Series,R7,Discussion Series,approved,2026-08-03,Bulk-approved 2026-08-03 with owner's delegation: taxonomy-derived series equals the curated series baseline (286/286 uuid-level agreement after the inventory refresh).
50513,The Importance of Family (2012),282,Discussion Series,Discussion Series,R7,Discussion Series,approved,2026-08-03,Bulk-approved 2026-08-03 with owner's delegation: taxonomy-derived series equals the curated series baseline (286/286 uuid-level agreement after the inventory refresh).
50516,What is Meant by Spiritual (2012),283,Discussion Series,Discussion Series,R7,Discussion Series,approved,2026-08-03,Bulk-approved 2026-08-03 with owner's delegation: taxonomy-derived series equals the curated series baseline (286/286 uuid-level agreement after the inventory refresh).
50521,A Review of the Work (Sep 2007),142; 143; 144,Lecture Series 2002: The Way to God; Lecture Series 2007: Spiritual Reality & Modern Man,Lecture Series 2007: Spiritual Reality & Modern Man,R3,Spiritual Reality & Modern Man,approved,2026-08-03,"Manual dominance resolution per delegated review: publisher assigns both 2002 and 2007 annual categories, but the official title dates Sep 2007 and the sibling 2006 edition carries its own category; dominant = Lecture Series 2007: Spiritual Reality & Modern Man, equal to the curated series of records 142-144."
50567,Causality: The Ego’s Foundation (Jan 2002),1; 2; 3,Lecture Series 2002: The Way to God; Lectures Series,Lecture Series 2002: The Way to God,R3,The Way to God,approved,2026-08-03,Bulk-approved 2026-08-03 with owner's delegation: taxonomy-derived series equals the curated series baseline (286/286 uuid-level agreement after the inventory refresh).
50574,The Levels of Consciousness: Subjective & Social Consequences (Mar 2002),7; 8; 9,Lecture Series 2002: The Way to God; Lectures Series,Lecture Series 2002: The Way to God,R3,The Way to God,approved,2026-08-03,Bulk-approved 2026-08-03 with owner's delegation: taxonomy-derived series equals the curated series baseline (286/286 uuid-level agreement after the inventory refresh).
50577,Positionality and Duality: Transcending the Opposites (Apr 2002),10; 11; 12,Lecture Series 2002: The Way to God; Lectures Series,Lecture Series 2002: The Way to God,R3,The Way to God,approved,2026-08-03,Bulk-approved 2026-08-03 with owner's delegation: taxonomy-derived series equals the curated series baseline (286/286 uuid-level agreement after the inventory refresh).
50580,Perception and Illusion: Distortions of Reality (May 2002),13; 14; 15,Lecture Series 2002: The Way to God; Lectures Series,Lecture Series 2002: The Way to God,R3,The Way to God,approved,2026-08-03,Bulk-approved 2026-08-03 with owner's delegation: taxonomy-derived series equals the curated series baseline (286/286 uuid-level agreement after the inventory refresh).
50583,Realizing the Root of Consciousness: Meditative and Contemplative Techniques (Jun 2002),16; 17; 18,Lecture Series 2002: The Way to God; Lectures Series,Lecture Series 2002: The Way to God,R3,The Way to God,approved,2026-08-03,Bulk-approved 2026-08-03 with owner's delegation: taxonomy-derived series equals the curated series baseline (286/286 uuid-level agreement after the inventory refresh).
50586,The Nature of Divinity vs Religious Fallacy (Jul 2002),19; 20; 21,Lecture Series 2002: The Way to God; Lectures Series,Lecture Series 2002: The Way to God,R3,The Way to God,approved,2026-08-03,Bulk-approved 2026-08-03 with owner's delegation: taxonomy-derived series equals the curated series baseline (286/286 uuid-level agreement after the inventory refresh).
50589,Advaita: The Way to God Through Mind (Aug 2002),22; 23; 24,Lecture Series 2002: The Way to God; Lectures Series,Lecture Series 2002: The Way to God,R3,The Way to God,approved,2026-08-03,Bulk-approved 2026-08-03 with owner's delegation: taxonomy-derived series equals the curated series baseline (286/286 uuid-level agreement after the inventory refresh).
50592,Devotion: The Way to God Through the Heart (Sep 2002),25; 26; 27,Lecture Series 2002: The Way to God; Lectures Series,Lecture Series 2002: The Way to God,R3,The Way to God,approved,2026-08-03,Bulk-approved 2026-08-03 with owner's delegation: taxonomy-derived series equals the curated series baseline (286/286 uuid-level agreement after the inventory refresh).
50595,Karma and the Afterlife (Oct 2002),28; 29; 30,Lecture Series 2002: The Way to God; Lectures Series,Lecture Series 2002: The Way to God,R3,The Way to God,approved,2026-08-03,Bulk-approved 2026-08-03 with owner's delegation: taxonomy-derived series equals the curated series baseline (286/286 uuid-level agreement after the inventory refresh).
50598,God: Transcendent and Immanent (Nov 2002),31; 32; 33,Lecture Series 2002: The Way to God; Lectures Series,Lecture Series 2002: The Way to God,R3,The Way to God,approved,2026-08-03,Bulk-approved 2026-08-03 with owner's delegation: taxonomy-derived series equals the curated series baseline (286/286 uuid-level agreement after the inventory refresh).
50601,Realization of the Self: The Final Moments (Dec 2002),34; 35; 36,Lecture Series 2002: The Way to God; Lectures Series,Lecture Series 2002: The Way to God,R3,The Way to God,approved,2026-08-03,Bulk-approved 2026-08-03 with owner's delegation: taxonomy-derived series equals the curated series baseline (286/286 uuid-level agreement after the inventory refresh).
50607,Spirituality and the World (Apr 2003),40; 41; 42,Lecture Series 2003: Devotional Nonduality; Lectures Series,Lecture Series 2003: Devotional Nonduality,R3,Devotional Nonduality,approved,2026-08-03,Bulk-approved 2026-08-03 with owner's delegation: taxonomy-derived series equals the curated series baseline (286/286 uuid-level agreement after the inventory refresh).
50610,Spiritual Community (Jun 2003),43; 44; 45,Lecture Series 2003: Devotional Nonduality; Lectures Series,Lecture Series 2003: Devotional Nonduality,R3,Devotional Nonduality,approved,2026-08-03,Bulk-approved 2026-08-03 with owner's delegation: taxonomy-derived series equals the curated series baseline (286/286 uuid-level agreement after the inventory refresh).
50614,Integration of Spirituality and Personal Life (Feb 2003),37; 38; 39,Lecture Series 2003: Devotional Nonduality; Lectures Series,Lecture Series 2003: Devotional Nonduality,R3,Devotional Nonduality,approved,2026-08-03,Bulk-approved 2026-08-03 with owner's delegation: taxonomy-derived series equals the curated series baseline (286/286 uuid-level agreement after the inventory refresh).
50617,Realization of the Self as the ‘I’ (Nov 2003),49; 50; 51,Lecture Series 2003: Devotional Nonduality; Lectures Series,Lecture Series 2003: Devotional Nonduality,R3,Devotional Nonduality,approved,2026-08-03,Bulk-approved 2026-08-03 with owner's delegation: taxonomy-derived series equals the curated series baseline (286/286 uuid-level agreement after the inventory refresh).
50620,"Dialogue, Questions, and Answers (Dec 2003)",52; 53; 54,Lecture Series 2003: Devotional Nonduality; Lectures Series,Lecture Series 2003: Devotional Nonduality,R3,Devotional Nonduality,approved,2026-08-03,Bulk-approved 2026-08-03 with owner's delegation: taxonomy-derived series equals the curated series baseline (286/286 uuid-level agreement after the inventory refresh).
50623,Thought and Ideation (Feb 2004),55; 56; 57,Lecture Series 2004: Transcending the Mind; Lectures Series,Lecture Series 2004: Transcending the Mind,R3,Transcending the Mind,approved,2026-08-03,Bulk-approved 2026-08-03 with owner's delegation: taxonomy-derived series equals the curated series baseline (286/286 uuid-level agreement after the inventory refresh).
50628,Emotions and Sensations (Apr 2004),58; 59; 60,Lecture Series 2004: Transcending the Mind; Lectures Series,Lecture Series 2004: Transcending the Mind,R3,Transcending the Mind,approved,2026-08-03,Bulk-approved 2026-08-03 with owner's delegation: taxonomy-derived series equals the curated series baseline (286/286 uuid-level agreement after the inventory refresh).
50631,Perception and Positionality (Jun 2004),61; 62; 63,Lecture Series 2004: Transcending the Mind; Lectures Series,Lecture Series 2004: Transcending the Mind,R3,Transcending the Mind,approved,2026-08-03,Bulk-approved 2026-08-03 with owner's delegation: taxonomy-derived series equals the curated series baseline (286/286 uuid-level agreement after the inventory refresh).
50634,Identification and Illusion (Aug 2004),64; 65; 66,Lecture Series 2004: Transcending the Mind; Lectures Series,Lecture Series 2004: Transcending the Mind,R3,Transcending the Mind,approved,2026-08-03,Bulk-approved 2026-08-03 with owner's delegation: taxonomy-derived series equals the curated series baseline (286/286 uuid-level agreement after the inventory refresh).
50637,The Ego and The Self (Dec 2004),70; 71; 72,Lecture Series 2004: Transcending the Mind; Lectures Series,Lecture Series 2004: Transcending the Mind,R3,Transcending the Mind,approved,2026-08-03,Bulk-approved 2026-08-03 with owner's delegation: taxonomy-derived series equals the curated series baseline (286/286 uuid-level agreement after the inventory refresh).
50640,Witnessing and Observing (Oct 2004),67; 68; 69,Lecture Series 2004: Transcending the Mind; Lectures Series,Lecture Series 2004: Transcending the Mind,R3,Transcending the Mind,approved,2026-08-03,Bulk-approved 2026-08-03 with owner's delegation: taxonomy-derived series equals the curated series baseline (286/286 uuid-level agreement after the inventory refresh).
50644,Alignment (Apr 2005),76; 77; 78,Lecture Series 2005: Nonduality Intensive; Lectures Series,Lecture Series 2005: Nonduality Intensive,R3,Nonduality Intensive,approved,2026-08-03,Bulk-approved 2026-08-03 with owner's delegation: taxonomy-derived series equals the curated series baseline (286/286 uuid-level agreement after the inventory refresh).
50647,Conviction (Jul 2005),85; 86; 87,Lecture Series 2005: Nonduality Intensive; Lectures Series,Lecture Series 2005: Nonduality Intensive,R3,Nonduality Intensive,approved,2026-08-03,Bulk-approved 2026-08-03 with owner's delegation: taxonomy-derived series equals the curated series baseline (286/286 uuid-level agreement after the inventory refresh).
50650,"God, Religion, and Spirituality (Dec 2005)",100; 101; 102,Lecture Series 2005: Nonduality Intensive; Lectures Series,Lecture Series 2005: Nonduality Intensive,R3,Nonduality Intensive,approved,2026-08-03,Bulk-approved 2026-08-03 with owner's delegation: taxonomy-derived series equals the curated series baseline (286/286 uuid-level agreement after the inventory refresh).
50653,Vision (Feb 2005),73; 74; 75,Lecture Series 2005: Nonduality Intensive; Lectures Series,Lecture Series 2005: Nonduality Intensive,R3,Nonduality Intensive,approved,2026-08-03,Bulk-approved 2026-08-03 with owner's delegation: taxonomy-derived series equals the curated series baseline (286/286 uuid-level agreement after the inventory refresh).
50656,Valid Teachers and Teachings (Nov 2005),97; 98; 99,Lecture Series 2005: Nonduality Intensive; Lectures Series,Lecture Series 2005: Nonduality Intensive,R3,Nonduality Intensive,approved,2026-08-03,Bulk-approved 2026-08-03 with owner's delegation: taxonomy-derived series equals the curated series baseline (286/286 uuid-level agreement after the inventory refresh).
50659,Transcending Obstacles (Sep 2005),91; 92; 93,Lecture Series 2005: Nonduality Intensive; Lectures Series,Lecture Series 2005: Nonduality Intensive,R3,Nonduality Intensive,approved,2026-08-03,Bulk-approved 2026-08-03 with owner's delegation: taxonomy-derived series equals the curated series baseline (286/286 uuid-level agreement after the inventory refresh).
50662,Intention (May 2005),79; 80; 81,Lecture Series 2005: Nonduality Intensive; Lectures Series,Lecture Series 2005: Nonduality Intensive,R3,Nonduality Intensive,approved,2026-08-03,Bulk-approved 2026-08-03 with owner's delegation: taxonomy-derived series equals the curated series baseline (286/286 uuid-level agreement after the inventory refresh).
50665,Transcending Barriers  (Jun 2005),82; 83; 84,Lecture Series 2005: Nonduality Intensive; Lectures Series,Lecture Series 2005: Nonduality Intensive,R3,Nonduality Intensive,approved,2026-08-03,Bulk-approved 2026-08-03 with owner's delegation: taxonomy-derived series equals the curated series baseline (286/286 uuid-level agreement after the inventory refresh).
50668,Spiritual Traps (Oct 2005),94; 95; 96,Lecture Series 2005: Nonduality Intensive; Lectures Series,Lecture Series 2005: Nonduality Intensive,R3,Nonduality Intensive,approved,2026-08-03,Bulk-approved 2026-08-03 with owner's delegation: taxonomy-derived series equals the curated series baseline (286/286 uuid-level agreement after the inventory refresh).
50671,Serenity (Aug 2005),88; 89; 90,Lecture Series 2005: Nonduality Intensive; Lectures Series,Lecture Series 2005: Nonduality Intensive,R3,Nonduality Intensive,approved,2026-08-03,Bulk-approved 2026-08-03 with owner's delegation: taxonomy-derived series equals the curated series baseline (286/286 uuid-level agreement after the inventory refresh).
50675,Live Your Life Like a Prayer (Nov 2006),121; 122; 123,Lecture Series 2006: Transcending Levels of Consciousness; Lectures Series,Lecture Series 2006: Transcending Levels of Consciousness,R3,Transcending Levels of Consciousness,approved,2026-08-03,Master record is the Nov 2006 lecture (primary source match); proposed series 'Transcending Levels of Consciousness' equals the curated series; the 2012 discussion remains related_material.
50678,A Review of the Work  (Sep 2006),115; 116; 117,Lecture Series 2006: Transcending Levels of Consciousness; Lectures Series,Lecture Series 2006: Transcending Levels of Consciousness,R3,Transcending Levels of Consciousness,approved,2026-08-03,Bulk-approved 2026-08-03 with owner's delegation: taxonomy-derived series equals the curated series baseline (286/286 uuid-level agreement after the inventory refresh).
50681,Spiritual Practice and Daily Life (Oct 2006),118; 119; 120,Lecture Series 2006: Transcending Levels of Consciousness; Lectures Series,Lecture Series 2006: Transcending Levels of Consciousness,R3,Transcending Levels of Consciousness,approved,2026-08-03,Bulk-approved 2026-08-03 with owner's delegation: taxonomy-derived series equals the curated series baseline (286/286 uuid-level agreement after the inventory refresh).
50684,Experiential Reality (Feb 2006),103; 104; 105,Lecture Series 2006: Transcending Levels of Consciousness; Lectures Series,Lecture Series 2006: Transcending Levels of Consciousness,R3,Transcending Levels of Consciousness,approved,2026-08-03,Bulk-approved 2026-08-03 with owner's delegation: taxonomy-derived series equals the curated series baseline (286/286 uuid-level agreement after the inventory refresh).
50687,Is the Miraculous Real? (Dec 2006),124; 125; 126,Lecture Series 2006: Transcending Levels of Consciousness; Lectures Series,Lecture Series 2006: Transcending Levels of Consciousness,R3,Transcending Levels of Consciousness,approved,2026-08-03,Bulk-approved 2026-08-03 with owner's delegation: taxonomy-derived series equals the curated series baseline (286/286 uuid-level agreement after the inventory refresh).
50690,Spiritual Truth vs Spiritual Fantasy (Jun 2006),109; 110; 111,Lecture Series 2006: Transcending Levels of Consciousness; Lectures Series,Lecture Series 2006: Transcending Levels of Consciousness,R3,Transcending Levels of Consciousness,approved,2026-08-03,Bulk-approved 2026-08-03 with owner's delegation: taxonomy-derived series equals the curated series baseline (286/286 uuid-level agreement after the inventory refresh).
50693,Perception vs Essence (Apr 2006),106; 107; 108,Lecture Series 2006: Transcending Levels of Consciousness; Lectures Series,Lecture Series 2006: Transcending Levels of Consciousness,R3,Transcending Levels of Consciousness,approved,2026-08-03,Bulk-approved 2026-08-03 with owner's delegation: taxonomy-derived series equals the curated series baseline (286/286 uuid-level agreement after the inventory refresh).
50699,Reason vs Truth (Aug 2006),112; 113; 114,Lecture Series 2006: Transcending Levels of Consciousness; Lectures Series,Lecture Series 2006: Transcending Levels of Consciousness,R3,Transcending Levels of Consciousness,approved,2026-08-03,Bulk-approved 2026-08-03 with owner's delegation: taxonomy-derived series equals the curated series baseline (286/286 uuid-level agreement after the inventory refresh).
50707,A Unique Sedona Seminar (Dec 2008),172; 173; 174,Lecture Series 2008: Advanced Spiritual Awareness,Lecture Series 2008: Advanced Spiritual Awareness,R3,Advanced Spiritual Awareness,approved,2026-08-03,Bulk-approved 2026-08-03 with owner's delegation: taxonomy-derived series equals the curated series baseline (286/286 uuid-level agreement after the inventory refresh).
50710,Practical Spirituality (Oct 2008),166; 167; 168,Lecture Series 2008: Advanced Spiritual Awareness; Lectures Series,Lecture Series 2008: Advanced Spiritual Awareness,R3,Advanced Spiritual Awareness,approved,2026-08-03,Bulk-approved 2026-08-03 with owner's delegation: taxonomy-derived series equals the curated series baseline (286/286 uuid-level agreement after the inventory refresh).
50713,"Belief, Trust and Credibility (Jun 2008)",160; 161; 162,Lecture Series 2008: Advanced Spiritual Awareness; Lectures Series,Lecture Series 2008: Advanced Spiritual Awareness,R3,Advanced Spiritual Awareness,approved,2026-08-03,Bulk-approved 2026-08-03 with owner's delegation: taxonomy-derived series equals the curated series baseline (286/286 uuid-level agreement after the inventory refresh).
50716,"Overcoming Doubt, Skepticism & Disbelief (Aug 2008)",163; 164; 165,Lecture Series 2008: Advanced Spiritual Awareness; Lectures Series,Lecture Series 2008: Advanced Spiritual Awareness,R3,Advanced Spiritual Awareness,approved,2026-08-03,Bulk-approved 2026-08-03 with owner's delegation: taxonomy-derived series equals the curated series baseline (286/286 uuid-level agreement after the inventory refresh).
50719,Spirituality: Reason and Faith (Jan 2008),154; 155; 156,Lecture Series 2008: Advanced Spiritual Awareness; Lectures Series,Lecture Series 2008: Advanced Spiritual Awareness,R3,Advanced Spiritual Awareness,approved,2026-08-03,Bulk-approved 2026-08-03 with owner's delegation: taxonomy-derived series equals the curated series baseline (286/286 uuid-level agreement after the inventory refresh).
50722,The Clear Pathway to Enlightenment (Mar 2008),157; 158; 159,Lecture Series 2008: Advanced Spiritual Awareness; Lectures Series,Lecture Series 2008: Advanced Spiritual Awareness,R3,Advanced Spiritual Awareness,approved,2026-08-03,Bulk-approved 2026-08-03 with owner's delegation: taxonomy-derived series equals the curated series baseline (286/286 uuid-level agreement after the inventory refresh).
50725,Freedom: Morality and Ethics (Nov 2008),169; 170; 171,Lecture Series 2008: Advanced Spiritual Awareness; Lectures Series,Lecture Series 2008: Advanced Spiritual Awareness,R3,Advanced Spiritual Awareness,approved,2026-08-03,Bulk-approved 2026-08-03 with owner's delegation: taxonomy-derived series equals the curated series baseline (286/286 uuid-level agreement after the inventory refresh).
50728,Experiential Reality: The Mystic (Dec 2007),151; 152; 153,Lecture Series 2007: Spiritual Reality & Modern Man; Lectures Series,Lecture Series 2007: Spiritual Reality & Modern Man,R3,Spiritual Reality & Modern Man,approved,2026-08-03,Bulk-approved 2026-08-03 with owner's delegation: taxonomy-derived series equals the curated series baseline (286/286 uuid-level agreement after the inventory refresh).
50731,Spiritual Survival: Realization of Reality (Nov 2007),148; 149; 150,Lecture Series 2007: Spiritual Reality & Modern Man; Lectures Series,Lecture Series 2007: Spiritual Reality & Modern Man,R3,Spiritual Reality & Modern Man,approved,2026-08-03,Bulk-approved 2026-08-03 with owner's delegation: taxonomy-derived series equals the curated series baseline (286/286 uuid-level agreement after the inventory refresh).
50734,Creation vs Evolution (Oct 2007),145; 146; 147,Lecture Series 2007: Spiritual Reality & Modern Man; Lectures Series,Lecture Series 2007: Spiritual Reality & Modern Man,R3,Spiritual Reality & Modern Man,approved,2026-08-03,Bulk-approved 2026-08-03 with owner's delegation: taxonomy-derived series equals the curated series baseline (286/286 uuid-level agreement after the inventory refresh).
50737,The Human Dilemma (Aug 2007),139; 140; 141,Lecture Series 2007: Spiritual Reality & Modern Man; Lectures Series,Lecture Series 2007: Spiritual Reality & Modern Man,R3,Spiritual Reality & Modern Man,approved,2026-08-03,Bulk-approved 2026-08-03 with owner's delegation: taxonomy-derived series equals the curated series baseline (286/286 uuid-level agreement after the inventory refresh).
50740,What is Truth? The Absolute (Jul 2007),136; 137; 138,Lecture Series 2007: Spiritual Reality & Modern Man; Lectures Series,Lecture Series 2007: Spiritual Reality & Modern Man,R3,Spiritual Reality & Modern Man,approved,2026-08-03,Bulk-approved 2026-08-03 with owner's delegation: taxonomy-derived series equals the curated series baseline (286/286 uuid-level agreement after the inventory refresh).
50743,What is ‘Real’? (Jun ),133; 134; 135,Lecture Series 2007: Spiritual Reality & Modern Man; Lectures Series,Lecture Series 2007: Spiritual Reality & Modern Man,R3,Spiritual Reality & Modern Man,approved,2026-08-03,Bulk-approved 2026-08-03 with owner's delegation: taxonomy-derived series equals the curated series baseline (286/286 uuid-level agreement after the inventory refresh).
50746,Relativism vs Reality (Apr 2007),130; 131; 132,Lecture Series 2007: Spiritual Reality & Modern Man; Lectures Series,Lecture Series 2007: Spiritual Reality & Modern Man,R3,Spiritual Reality & Modern Man,approved,2026-08-03,Bulk-approved 2026-08-03 with owner's delegation: taxonomy-derived series equals the curated series baseline (286/286 uuid-level agreement after the inventory refresh).
50749,God vs Science: Limits of the Mind (Feb 2007),127; 128; 129,Lecture Series 2007: Spiritual Reality & Modern Man; Lectures Series,Lecture Series 2007: Spiritual Reality & Modern Man,R3,Spiritual Reality & Modern Man,approved,2026-08-03,Bulk-approved 2026-08-03 with owner's delegation: taxonomy-derived series equals the curated series baseline (286/286 uuid-level agreement after the inventory refresh).
50752,Success (Oct 2009),184; 185; 186,Lecture Series 2009: In the World but Not of It; Lectures Series,Lecture Series 2009: In the World but Not of It,R3,In the World but Not of It,approved,2026-08-03,Bulk-approved 2026-08-03 with owner's delegation: taxonomy-derived series equals the curated series baseline (286/286 uuid-level agreement after the inventory refresh).
50755,Peace (Aug 2009),181; 182; 183,Lecture Series 2009: In the World but Not of It; Lectures Series,Lecture Series 2009: In the World but Not of It,R3,In the World but Not of It,approved,2026-08-03,Bulk-approved 2026-08-03 with owner's delegation: taxonomy-derived series equals the curated series baseline (286/286 uuid-level agreement after the inventory refresh).
50758,Happiness (Apr 2009),178; 179; 180,Lecture Series 2009: In the World but Not of It; Lectures Series,Lecture Series 2009: In the World but Not of It,R3,In the World but Not of It,approved,2026-08-03,Bulk-approved 2026-08-03 with owner's delegation: taxonomy-derived series equals the curated series baseline (286/286 uuid-level agreement after the inventory refresh).
50761,What is the World? (Feb 2009),175; 176; 177,Lecture Series 2009: In the World but Not of It; Lectures Series,Lecture Series 2009: In the World but Not of It,R3,In the World but Not of It,approved,2026-08-03,Bulk-approved 2026-08-03 with owner's delegation: taxonomy-derived series equals the curated series baseline (286/286 uuid-level agreement after the inventory refresh).
50766,Spiritual Life In Today’s World (Oct 2010),190; 191; 192,Lecture Series 2010: Practical Spirituality; Lectures Series,Lecture Series 2010: Practical Spirituality,R3,Practical Spirituality,approved,2026-08-03,Bulk-approved 2026-08-03 with owner's delegation: taxonomy-derived series equals the curated series baseline (286/286 uuid-level agreement after the inventory refresh).
50769,Handling Spiritual Challenges (Apr 2010),187; 188; 189,Lecture Series 2010: Practical Spirituality; Lectures Series,Lecture Series 2010: Practical Spirituality,R3,Practical Spirituality,approved,2026-08-03,Bulk-approved 2026-08-03 with owner's delegation: taxonomy-derived series equals the curated series baseline (286/286 uuid-level agreement after the inventory refresh).
50772,Love  (Sep 2011),196; 197; 198,Lecture Series 2011: Love & Spiritual Seeker Qualities; Lectures Series,Lecture Series 2011: Love & Spiritual Seeker Qualities,R3,Love & Spiritual Seeker Qualities,approved,2026-08-03,Bulk-approved 2026-08-03 with owner's delegation: taxonomy-derived series equals the curated series baseline (286/286 uuid-level agreement after the inventory refresh).
50775,Most Valuable Qualities for a Spiritual Seeker (May 2011),193; 194; 195,Lecture Series 2011: Love & Spiritual Seeker Qualities; Lectures Series,Lecture Series 2011: Love & Spiritual Seeker Qualities,R3,Love & Spiritual Seeker Qualities,approved,2026-08-03,Bulk-approved 2026-08-03 with owner's delegation: taxonomy-derived series equals the curated series baseline (286/286 uuid-level agreement after the inventory refresh).
50790,Question/Answer Session (Jul 2011),201,Satsang; Satsang 2011; Satsang Series and Question & Answer Sessions,Satsang,R2,Satsang Series,approved,2026-08-03,Bulk-approved 2026-08-03 with owner's delegation: taxonomy-derived series equals the curated series baseline (286/286 uuid-level agreement after the inventory refresh).
50796,Question/Answer Session (Jan 2011),199,Satsang; Satsang 2011; Satsang Series and Question & Answer Sessions,Satsang,R2,Satsang Series,approved,2026-08-03,Bulk-approved 2026-08-03 with owner's delegation: taxonomy-derived series equals the curated series baseline (286/286 uuid-level agreement after the inventory refresh).
50801,Volume VII: A Conversation with Knowingness,214,Volume Series,Volume Series,R7,Volume Series,approved,2026-08-03,Bulk-approved 2026-08-03 with owner's delegation: taxonomy-derived series equals the curated series baseline (286/286 uuid-level agreement after the inventory refresh).
50807,Volume VI: How to Raise Your Level of Consciousness,213,Volume Series,Volume Series,R7,Volume Series,approved,2026-08-03,Bulk-approved 2026-08-03 with owner's delegation: taxonomy-derived series equals the curated series baseline (286/286 uuid-level agreement after the inventory refresh).
50810,Vol II: Consciousness and Addiction,204; 205,Volume Series,Volume Series,R7,Volume Series,approved,2026-08-03,Bulk-approved 2026-08-03 with owner's delegation: taxonomy-derived series equals the curated series baseline (286/286 uuid-level agreement after the inventory refresh).
50891,Enlightenment (Aug 2003),46; 47; 48,Lecture Series 2003: Devotional Nonduality; Lectures Series,Lecture Series 2003: Devotional Nonduality,R3,Devotional Nonduality,approved,2026-08-03,Bulk-approved 2026-08-03 with owner's delegation: taxonomy-derived series equals the curated series baseline (286/286 uuid-level agreement after the inventory refresh).
52164,Radical Subjectivity: The ‘I’ of Self (Feb 2002),4; 5; 6,Lecture Series 2002: The Way to God; Lectures Series,Lecture Series 2002: The Way to God,R3,The Way to God,approved,2026-08-03,Bulk-approved 2026-08-03 with owner's delegation: taxonomy-derived series equals the curated series baseline (286/286 uuid-level agreement after the inventory refresh).
52945,Spiritual Will Inspiring Q & A,228; 229,On the Road - Talk Series,On the Road - Talk Series,R4,On The Road Talk Series,approved,2026-08-03,Bulk-approved 2026-08-03 with owner's delegation: taxonomy-derived series equals the curated series baseline (286/286 uuid-level agreement after the inventory refresh).
53036,"Life with “Doc” My Husband & My Teacher, Dr. David R. Hawkins",317,* * New Products * *; Books Published by Dr. Hawkins,Books Published by Dr. Hawkins,R7,Books,approved,2026-08-04,Bulk-approved 2026-08-04 with owner's delegation: taxonomy-derived series equals the curated series baseline for every referenced master ID (proven no-op; the 10 differing 2026-08-04 proposals stay pending owner ruling).
53058,The Wisdom of Dr. David R. Hawkins: Classic Teachings on Spiritual Truth and Enlightenment,318,Books Published by Dr. Hawkins,Books Published by Dr. Hawkins,R7,Books,approved,2026-08-04,Bulk-approved 2026-08-04 with owner's delegation: taxonomy-derived series equals the curated series baseline for every referenced master ID (proven no-op; the 10 differing 2026-08-04 proposals stay pending owner ruling).
53060,"Daily Reflections from Dr. David R. Hawkins: 365 Contemplations on Surrender, Healing, and Consciousness",297,Books Published by Dr. Hawkins,Books Published by Dr. Hawkins,R7,Books,approved,2026-08-03,Bulk-approved 2026-08-03 with owner's delegation: taxonomy-derived series equals the curated series baseline (286/286 uuid-level agreement after the inventory refresh).
53062,In the World But Not Of It: Transforming Everyday Experience into a Spiritual Path,300,Books Published by Dr. Hawkins; Media Miscellaneous,Books Published by Dr. Hawkins,R7,Books,approved,2026-08-03,Bulk-approved 2026-08-03 with owner's delegation: taxonomy-derived series equals the curated series baseline (286/286 uuid-level agreement after the inventory refresh).
53277,Progressive Levels of Consciousness,309,On the Road - Talk Series,On the Road - Talk Series,R4,On The Road Talk Series,approved,2026-08-04,Bulk-approved 2026-08-04 with owner's delegation: taxonomy-derived series equals the curated series baseline for every referenced master ID (proven no-op; the 10 differing 2026-08-04 proposals stay pending owner ruling).
54219,"Mind, Heart and Service: The Pathway of Devotional Non-Duality",310,* * New Products * *; On the Road - Talk Series,On the Road - Talk Series,R4,On The Road Talk Series,approved,2026-08-04,Bulk-approved 2026-08-04 with owner's delegation: taxonomy-derived series equals the curated series baseline for every referenced master ID (proven no-op; the 10 differing 2026-08-04 proposals stay pending owner ruling).
54472,The Path to Spiritual Advancement: How to Transcend the Ego and Experience the Presence of God (Lectures Jan & Feb 2002 Transcription),303,* * New Products * *; Books Published by Dr. Hawkins; The Six Book 2002 Transcription Series,The Six Book 2002 Transcription Series,R5,Transcription Series Books,approved,2026-08-03,Bulk-approved 2026-08-03 with owner's delegation: taxonomy-derived series equals the curated series baseline (286/286 uuid-level agreement after the inventory refresh).
54489,The Evolution of Consciousness: Navigating the Levels of Awareness and Unlocking Spiritual Potential (Lectures March and April 2002 Transcription),304,* * New Products * *; Books Published by Dr. Hawkins; The Six Book 2002 Transcription Series,The Six Book 2002 Transcription Series,R5,Transcription Series Books,approved,2026-08-03,Bulk-approved 2026-08-03 with owner's delegation: taxonomy-derived series equals the curated series baseline (286/286 uuid-level agreement after the inventory refresh).
55284,"Beyond Illusion: Exploring Perception, Ego, and Meditation on the Path to Truth; Transcriptions from May and June 2002 lectures",305,* * New Products * *; Books Published by Dr. Hawkins; The Six Book 2002 Transcription Series,The Six Book 2002 Transcription Series,R5,Transcription Series Books,approved,2026-08-03,Bulk-approved 2026-08-03 with owner's delegation: taxonomy-derived series equals the curated series baseline (286/286 uuid-level agreement after the inventory refresh).
55424,"Spiritual Power and Integrity: Uncovering Spiritual Reality and Realizing Peace, Love, and Divinity",306,* * New Products * *; Books Published by Dr. Hawkins; Lecture Series 2002: The Way to God; The Six Book 2002 Transcription Series,The Six Book 2002 Transcription Series,R5,Transcription Series Books,approved,2026-08-03,Bulk-approved 2026-08-03 with owner's delegation: taxonomy-derived series equals the curated series baseline (286/286 uuid-level agreement after the inventory refresh).
55425,The Man Who Mapped Consciousness: Life and Legacy of Dr. David R. Hawkins,319,* * New Products * *; Books Published by Dr. Hawkins,Books Published by Dr. Hawkins,R7,Books,approved,2026-08-04,Bulk-approved 2026-08-04 with owner's delegation: taxonomy-derived series equals the curated series baseline for every referenced master ID (proven no-op; the 10 differing 2026-08-04 proposals stay pending owner ruling).
55473,Devotion to Truth Talk,311,* * New Products * *; On the Road - Talk Series,On the Road - Talk Series,R4,On The Road Talk Series,approved,2026-08-04,Bulk-approved 2026-08-04 with owner's delegation: taxonomy-derived series equals the curated series baseline for every referenced master ID (proven no-op; the 10 differing 2026-08-04 proposals stay pending owner ruling).
55576,The Essence of Letting Go: A Living Transmission of Truth,358,* * New Products * *; Archival Office Visit Series; Books Published by Dr. Hawkins; Lecture Series 2004: Transcending the Mind; Media Miscellaneous; The Six Book 2002 Transcription Series,The Six Book 2002 Transcription Series,R5,Transcription Series Books,proposed,,
55582,Karma and Devotion: The Sacred Path to God through the Heart,307,* * New Products * *; Books Published by Dr. Hawkins; Lecture Series 2002: The Way to God; The Six Book 2002 Transcription Series,The Six Book 2002 Transcription Series,R5,Transcription Series Books,approved,2026-08-03,Bulk-approved 2026-08-03 with owner's delegation: taxonomy-derived series equals the curated series baseline (286/286 uuid-level agreement after the inventory refresh).
56141,"The Final Doorway to Enlightenment: Prayer, Transcendence and Realization of the Self",308,* * New Products * *; Books Published by Dr. Hawkins; Lecture Series 2002: The Way to God; The Six Book 2002 Transcription Series,The Six Book 2002 Transcription Series,R5,Transcription Series Books,approved,2026-08-03,Bulk-approved 2026-08-03 with owner's delegation: taxonomy-derived series equals the curated series baseline (286/286 uuid-level agreement after the inventory refresh).
